timestamp,T24_combustor_inlet_temp,T30_hpt_coolant_temp,T50_lpt_outlet_temp,P30_hpc_outlet_pressure,Nf_fan_speed_rpm,Nc_core_speed_rpm,vib_vibration_amplitude
2026-01-01 00:00:00,622.25,1516.05,911.27,30.3,2586.39,10022.67,1.637
2026-01-01 00:01:00,620.8,1506.68,908.58,30.1,2596.52,9996.73,1.687
2026-01-01 00:02:00,623.02,1520.98,916.84,30.28,2586.24,10020.97,1.669
2026-01-01 00:03:00,623.26,1511.67,917.98,30.27,2592.67,10024.11,1.639
2026-01-01 00:04:00,617.07,1498.1,914.71,29.73,2587.07,9979.05,1.659
2026-01-01 00:05:00,617.58,1499.69,908.18,29.68,2588.52,9981.31,1.55
2026-01-01 00:06:00,625.55,1516.18,919.5,30.46,2589.87,10005.99,1.711
2026-01-01 00:07:00,617.9,1508.66,912.54,30.5,2586.58,10032.39,1.697
2026-01-01 00:08:00,622.62,1512.12,914.29,30.09,2579.69,10016.4,1.667
2026-01-01 00:09:00,621.14,1514.0,911.93,29.86,2595.95,10023.84,1.628
2026-01-01 00:10:00,624.18,1517.68,916.93,30.61,2603.56,10049.38,1.609
2026-01-01 00:11:00,625.85,1511.36,918.11,30.54,2604.17,10051.72,1.52
2026-01-01 00:12:00,622.1,1520.0,917.64,30.21,2585.55,10027.83,1.5
2026-01-01 00:13:00,626.52,1516.51,916.2,30.46,2583.7,10017.43,1.498
2026-01-01 00:14:00,628.79,1515.03,915.82,30.35,2585.43,10025.15,1.736
2026-01-01 00:15:00,621.24,1507.48,909.97,29.7,2587.84,10009.26,1.572
2026-01-01 00:16:00,618.69,1510.72,917.52,30.78,2590.29,10046.87,1.56
2026-01-01 00:17:00,621.21,1511.11,913.43,29.38,2580.26,9983.48,1.596
2026-01-01 00:18:00,624.14,1511.6,914.42,30.9,2579.17,10054.4,1.588
2026-01-01 00:19:00,624.23,1513.59,911.05,30.1,2589.94,10016.87,1.6
2026-01-01 00:20:00,618.06,1519.9,915.04,30.48,2562.0,10034.77,1.691
2026-01-01 00:21:00,623.07,1514.79,917.46,30.25,2588.85,10019.83,1.608
2026-01-01 00:22:00,624.5,1519.99,922.56,31.0,2584.35,10077.74,1.658
2026-01-01 00:23:00,625.27,1509.66,910.96,30.72,2597.09,10050.32,1.659
2026-01-01 00:24:00,621.56,1512.88,917.12,30.49,2598.65,10035.41,1.536
2026-01-01 00:25:00,625.21,1510.38,916.94,31.05,2599.17,10044.04,1.678
2026-01-01 00:26:00,620.82,1522.8,920.73,30.69,2587.98,10047.89,1.772
2026-01-01 00:27:00,624.41,1514.66,917.7,31.29,2583.4,10092.27,1.669
2026-01-01 00:28:00,622.08,1513.66,915.45,30.27,2583.68,10033.55,1.654
2026-01-01 00:29:00,623.37,1516.15,918.92,30.69,2592.94,10045.13,1.589
2026-01-01 00:30:00,634.35,1520.54,912.67,31.19,2579.94,10108.4,1.655
2026-01-01 00:31:00,620.9,1515.03,911.89,30.89,2601.82,10045.8,1.735
2026-01-01 00:32:00,622.22,1521.06,912.1,30.16,2587.8,10040.06,1.665
2026-01-01 00:33:00,619.84,1512.79,912.1,30.27,2594.31,10036.42,1.702
2026-01-01 00:34:00,624.41,1514.61,912.78,29.99,2575.81,10030.12,1.665
2026-01-01 00:35:00,625.73,1519.81,916.84,31.42,2585.3,10098.3,1.691
2026-01-01 00:36:00,622.21,1510.71,914.21,30.45,2575.29,10042.35,1.751
2026-01-01 00:37:00,626.81,1524.67,913.56,30.8,2598.9,10047.44,1.515
2026-01-01 00:38:00,625.84,1520.51,915.31,29.75,2587.58,9999.4,1.553
2026-01-01 00:39:00,623.15,1524.09,914.02,31.06,2596.18,10069.93,1.648
2026-01-01 00:40:00,627.77,1522.57,916.69,30.95,2591.75,10060.62,1.674
2026-01-01 00:41:00,624.24,1518.27,917.41,31.03,2595.5,10073.63,1.658
2026-01-01 00:42:00,620.37,1513.87,909.53,30.56,2587.81,10041.57,1.67
2026-01-01 00:43:00,623.23,1517.11,916.92,30.89,2589.77,10064.62,1.783
2026-01-01 00:44:00,621.74,1527.15,917.67,30.32,2589.76,10041.24,1.561
2026-01-01 00:45:00,627.46,1517.39,919.53,30.52,2594.45,10059.49,1.791
2026-01-01 00:46:00,624.08,1518.54,914.8,31.12,2595.23,10074.07,1.665
2026-01-01 00:47:00,628.45,1518.02,916.95,30.83,2614.08,10069.43,1.693
2026-01-01 00:48:00,626.41,1522.38,922.2,31.29,2605.78,10088.53,1.697
2026-01-01 00:49:00,624.06,1504.18,912.0,31.21,2577.07,10062.04,1.694
2026-01-01 00:50:00,624.24,1520.61,917.75,30.51,2589.56,10046.73,1.754
2026-01-01 00:51:00,630.52,1510.31,914.02,30.87,2588.62,10076.46,1.592
2026-01-01 00:52:00,622.66,1518.55,912.78,30.78,2601.64,10064.65,1.616
2026-01-01 00:53:00,623.37,1510.22,914.23,31.05,2589.41,10078.24,1.736
2026-01-01 00:54:00,626.56,1513.41,917.5,30.23,2592.84,10006.08,1.559
2026-01-01 00:55:00,625.66,1508.45,915.2,30.63,2572.07,10048.37,1.51
2026-01-01 00:56:00,622.39,1524.87,913.12,31.46,2579.54,10070.89,1.731
2026-01-01 00:57:00,627.94,1524.46,925.49,31.41,2609.42,10097.41,1.642
2026-01-01 00:58:00,619.45,1524.53,916.33,30.69,2590.74,10037.35,1.72
2026-01-01 00:59:00,627.06,1530.69,922.86,31.12,2584.21,10085.02,1.656
2026-01-01 01:00:00,623.47,1517.76,910.85,30.71,2592.17,10034.44,1.739
2026-01-01 01:01:00,626.15,1512.39,916.0,30.51,2582.1,10042.04,1.675
2026-01-01 01:02:00,623.43,1520.69,921.34,31.04,2590.11,10089.79,1.641
2026-01-01 01:03:00,624.86,1527.24,917.09,31.32,2580.46,10082.04,1.592
2026-01-01 01:04:00,627.59,1523.9,919.67,30.95,2585.4,10072.61,1.663
2026-01-01 01:05:00,630.29,1521.33,919.74,31.48,2589.69,10106.23,1.716
2026-01-01 01:06:00,625.5,1519.96,910.41,30.77,2599.39,10039.53,1.601
2026-01-01 01:07:00,623.74,1520.03,917.11,30.73,2594.64,10052.4,1.56
2026-01-01 01:08:00,629.86,1517.48,919.04,31.09,2597.29,10084.59,1.674
2026-01-01 01:09:00,626.02,1517.26,917.56,31.21,2592.61,10100.89,1.83
2026-01-01 01:10:00,624.36,1518.11,913.58,30.7,2596.76,10033.18,1.667
2026-01-01 01:11:00,626.2,1519.63,912.25,30.11,2582.5,10015.29,1.58
2026-01-01 01:12:00,624.38,1518.06,914.22,30.58,2584.77,10044.77,1.669
2026-01-01 01:13:00,624.75,1520.99,918.27,31.34,2595.85,10095.07,1.752
2026-01-01 01:14:00,626.15,1520.62,920.96,31.3,2590.24,10092.23,1.625
2026-01-01 01:15:00,630.3,1520.61,918.73,31.98,2593.78,10128.51,1.712
2026-01-01 01:16:00,630.4,1519.04,918.35,31.18,2591.05,10089.38,1.685
2026-01-01 01:17:00,623.67,1525.21,919.98,31.49,2602.26,10085.9,1.661
2026-01-01 01:18:00,631.66,1533.39,918.85,31.03,2602.51,10081.66,1.591
2026-01-01 01:19:00,625.11,1515.45,921.4,31.4,2587.68,10097.69,1.757
2026-01-01 01:20:00,627.43,1528.34,919.12,31.11,2578.19,10086.92,1.526
2026-01-01 01:21:00,629.78,1520.68,916.17,31.27,2585.39,10056.47,1.615
2026-01-01 01:22:00,625.07,1513.97,921.89,30.82,2584.36,10067.99,1.62
2026-01-01 01:23:00,625.43,1520.03,919.01,30.68,2597.71,10055.75,1.622
2026-01-01 01:24:00,623.17,1516.71,909.7,30.68,2598.15,10048.75,1.778
2026-01-01 01:25:00,627.79,1523.97,912.67,31.18,2584.27,10093.35,1.676
2026-01-01 01:26:00,626.9,1524.65,923.39,31.22,2586.18,10085.58,1.779
2026-01-01 01:27:00,625.27,1530.31,919.99,31.39,2580.21,10081.09,1.7
2026-01-01 01:28:00,631.46,1529.47,920.32,31.1,2593.07,10079.86,1.724
2026-01-01 01:29:00,625.96,1525.13,914.18,31.04,2591.44,10074.72,1.66
2026-01-01 01:30:00,629.5,1526.53,920.94,31.39,2599.4,10107.9,1.772
2026-01-01 01:31:00,627.07,1530.75,916.6,31.05,2596.3,10088.24,1.647
2026-01-01 01:32:00,629.61,1517.08,918.18,30.98,2596.56,10071.76,1.646
2026-01-01 01:33:00,625.13,1527.7,917.76,31.1,2579.74,10082.03,1.649
2026-01-01 01:34:00,625.89,1512.15,915.61,31.05,2586.1,10057.0,1.585
2026-01-01 01:35:00,630.97,1511.65,917.65,30.81,2599.53,10078.52,1.686
2026-01-01 01:36:00,621.58,1520.87,918.53,31.02,2586.51,10049.66,1.731
2026-01-01 01:37:00,623.53,1513.06,918.0,30.91,2578.64,10071.22,1.654
2026-01-01 01:38:00,633.42,1523.58,921.65,31.62,2599.96,10118.5,1.66
2026-01-01 01:39:00,625.71,1525.75,913.18,30.56,2586.68,10061.87,1.829
2026-01-01 01:40:00,627.27,1518.75,919.5,31.3,2600.76,10086.64,1.664
2026-01-01 01:41:00,629.06,1536.09,924.13,31.47,2593.69,10127.28,1.791
2026-01-01 01:42:00,631.26,1513.67,919.7,31.01,2589.36,10069.15,1.68
2026-01-01 01:43:00,625.0,1531.17,926.87,31.65,2604.4,10118.3,1.81
2026-01-01 01:44:00,629.34,1515.19,918.0,30.94,2581.46,10076.85,1.682
2026-01-01 01:45:00,623.84,1522.82,916.49,30.86,2604.36,10102.88,1.706
2026-01-01 01:46:00,622.4,1521.77,918.89,31.33,2586.09,10059.58,1.666
2026-01-01 01:47:00,624.69,1522.19,918.58,30.98,2593.8,10092.9,1.68
2026-01-01 01:48:00,629.14,1526.93,917.79,31.98,2595.8,10142.48,1.752
2026-01-01 01:49:00,623.36,1512.46,916.46,31.05,2589.05,10091.99,1.638
2026-01-01 01:50:00,626.93,1532.3,926.63,32.04,2587.95,10132.6,1.777
2026-01-01 01:51:00,626.26,1521.04,920.72,31.13,2589.5,10091.72,1.917
2026-01-01 01:52:00,624.94,1517.98,923.32,31.11,2584.54,10096.86,1.63
2026-01-01 01:53:00,623.48,1519.38,920.41,30.99,2607.04,10063.1,1.699
2026-01-01 01:54:00,629.03,1522.87,928.76,31.18,2589.38,10111.73,1.72
2026-01-01 01:55:00,625.88,1526.83,921.76,30.99,2601.35,10082.13,1.601
2026-01-01 01:56:00,622.15,1524.36,922.37,31.33,2600.49,10086.99,1.758
2026-01-01 01:57:00,628.41,1525.82,922.01,31.76,2595.8,10103.15,1.675
2026-01-01 01:58:00,633.11,1532.4,926.12,31.88,2593.94,10157.76,1.707
2026-01-01 01:59:00,627.46,1528.92,920.51,31.29,2594.63,10107.73,1.824
2026-01-01 02:00:00,623.72,1520.04,918.11,31.31,2597.02,10091.31,1.672
2026-01-01 02:01:00,630.83,1520.13,923.73,31.08,2594.28,10118.06,1.818
2026-01-01 02:02:00,625.65,1523.88,920.6,31.98,2581.12,10122.53,1.772
2026-01-01 02:03:00,630.26,1536.1,919.46,31.8,2580.27,10152.42,1.765
2026-01-01 02:04:00,630.17,1531.05,920.04,31.61,2605.96,10128.45,1.785
2026-01-01 02:05:00,632.16,1526.47,927.93,31.71,2572.59,10123.01,1.792
2026-01-01 02:06:00,632.83,1532.54,924.52,32.37,2597.27,10175.13,1.765
2026-01-01 02:07:00,627.52,1521.18,922.01,30.93,2590.44,10088.13,1.668
2026-01-01 02:08:00,630.23,1527.63,918.89,31.77,2594.08,10100.48,1.777
2026-01-01 02:09:00,624.57,1524.79,923.08,30.63,2583.47,10095.16,1.926
2026-01-01 02:10:00,632.37,1524.49,922.86,31.11,2595.73,10103.89,1.582
2026-01-01 02:11:00,619.13,1525.62,925.52,30.87,2593.55,10077.6,1.598
2026-01-01 02:12:00,633.83,1534.44,927.98,31.59,2616.27,10136.21,1.665
2026-01-01 02:13:00,626.75,1522.91,924.41,31.72,2594.03,10105.57,1.687
2026-01-01 02:14:00,627.72,1518.29,917.75,30.67,2602.85,10081.66,1.613
2026-01-01 02:15:00,631.21,1533.37,917.05,31.5,2580.15,10083.56,1.742
2026-01-01 02:16:00,631.3,1531.43,923.15,31.67,2602.09,10129.58,1.62
2026-01-01 02:17:00,631.77,1537.7,924.84,31.67,2596.53,10149.96,1.721
2026-01-01 02:18:00,635.02,1539.1,926.16,31.71,2597.52,10166.47,1.731
2026-01-01 02:19:00,630.76,1540.98,931.58,32.13,2597.46,10162.18,1.846
2026-01-01 02:20:00,626.93,1521.18,924.26,31.73,2608.05,10141.82,1.743
2026-01-01 02:21:00,628.59,1519.59,920.99,31.42,2594.89,10101.71,1.603
2026-01-01 02:22:00,625.52,1522.8,923.12,30.66,2584.88,10058.22,1.694
2026-01-01 02:23:00,629.36,1525.87,924.2,32.16,2589.52,10142.95,1.674
2026-01-01 02:24:00,631.44,1524.84,917.5,31.1,2598.73,10085.07,1.599
2026-01-01 02:25:00,631.94,1530.71,925.57,31.66,2597.6,10131.9,1.827
2026-01-01 02:26:00,626.47,1526.97,922.76,31.73,2580.97,10111.27,1.684
2026-01-01 02:27:00,630.73,1529.89,922.41,31.26,2596.51,10090.03,1.739
2026-01-01 02:28:00,627.81,1538.58,923.07,32.29,2586.31,10156.33,1.723
2026-01-01 02:29:00,626.25,1535.6,927.78,31.98,2597.31,10126.37,1.753
2026-01-01 02:30:00,627.49,1528.3,928.43,31.49,2587.0,10117.16,1.836
2026-01-01 02:31:00,628.14,1530.38,919.47,31.26,2590.29,10094.01,1.718
2026-01-01 02:32:00,625.6,1519.12,921.03,31.39,2587.97,10088.45,1.669
2026-01-01 02:33:00,630.43,1528.45,924.13,30.89,2605.4,10112.22,1.614
2026-01-01 02:34:00,630.04,1531.57,918.59,31.35,2596.1,10102.64,1.782
2026-01-01 02:35:00,636.0,1535.97,927.75,32.56,2606.52,10193.9,1.837
2026-01-01 02:36:00,631.84,1529.34,919.12,31.87,2617.2,10132.46,1.765
2026-01-01 02:37:00,629.37,1529.08,926.22,31.76,2594.95,10146.21,1.746
2026-01-01 02:38:00,631.74,1527.88,929.86,31.68,2605.0,10105.29,1.804
2026-01-01 02:39:00,626.21,1519.06,917.27,31.39,2587.88,10117.93,1.69
2026-01-01 02:40:00,629.81,1525.88,927.78,31.12,2602.54,10092.76,1.746
2026-01-01 02:41:00,628.0,1527.67,928.07,31.45,2587.12,10120.6,1.873
2026-01-01 02:42:00,637.44,1541.42,929.06,32.72,2595.7,10178.92,1.79
2026-01-01 02:43:00,630.98,1522.53,924.18,30.94,2597.45,10109.59,1.691
2026-01-01 02:44:00,630.29,1535.06,925.5,32.34,2599.94,10141.35,1.703
2026-01-01 02:45:00,628.13,1529.43,921.23,31.8,2582.88,10107.39,1.67
2026-01-01 02:46:00,640.43,1534.14,927.27,32.03,2588.23,10161.44,1.77
2026-01-01 02:47:00,628.22,1534.04,923.19,32.3,2599.7,10152.3,1.89
2026-01-01 02:48:00,628.69,1531.34,925.8,31.7,2590.79,10124.57,1.766
2026-01-01 02:49:00,629.05,1520.42,924.81,32.27,2583.09,10138.35,1.761
2026-01-01 02:50:00,626.83,1524.88,920.19,32.1,2593.72,10138.88,1.757
2026-01-01 02:51:00,629.0,1541.42,927.99,32.26,2592.9,10127.61,1.611
2026-01-01 02:52:00,629.88,1532.1,926.14,31.37,2595.41,10131.4,1.731
2026-01-01 02:53:00,630.07,1524.23,925.66,31.37,2596.98,10099.31,1.634
2026-01-01 02:54:00,624.85,1527.97,920.79,30.87,2596.39,10097.09,1.827
2026-01-01 02:55:00,630.08,1535.0,928.56,31.91,2588.66,10152.17,1.688
2026-01-01 02:56:00,631.76,1543.8,935.12,32.91,2592.38,10174.4,1.673
2026-01-01 02:57:00,628.47,1530.72,925.64,31.87,2601.4,10130.83,1.6
2026-01-01 02:58:00,633.45,1528.95,925.35,32.44,2590.87,10162.81,1.707
2026-01-01 02:59:00,629.77,1530.97,927.97,32.38,2592.22,10167.01,1.54
2026-01-01 03:00:00,630.03,1534.63,921.73,32.12,2582.66,10149.26,1.771
2026-01-01 03:01:00,633.85,1530.42,921.79,31.62,2593.74,10130.6,1.757
2026-01-01 03:02:00,633.75,1531.29,922.9,31.8,2597.37,10147.04,1.666
2026-01-01 03:03:00,633.83,1534.73,926.92,32.16,2579.73,10170.82,1.846
2026-01-01 03:04:00,629.77,1533.66,926.84,31.77,2587.4,10181.89,1.774
2026-01-01 03:05:00,633.35,1545.73,929.79,32.62,2585.13,10195.73,1.789
2026-01-01 03:06:00,630.14,1529.33,921.95,32.2,2601.38,10159.05,1.835
2026-01-01 03:07:00,629.3,1529.2,926.48,31.26,2577.71,10105.98,1.806
2026-01-01 03:08:00,631.01,1522.87,923.75,31.65,2593.15,10125.77,1.652
2026-01-01 03:09:00,634.33,1542.72,929.63,32.45,2601.33,10172.25,1.663
2026-01-01 03:10:00,634.54,1543.88,931.13,33.1,2598.68,10213.24,1.788
2026-01-01 03:11:00,630.07,1528.72,923.67,31.78,2591.39,10154.84,1.885
2026-01-01 03:12:00,632.71,1528.7,924.4,31.57,2596.78,10131.77,1.677
2026-01-01 03:13:00,635.14,1541.31,925.98,32.9,2605.0,10201.0,1.884
2026-01-01 03:14:00,625.29,1527.84,917.01,32.32,2594.31,10161.43,1.69
2026-01-01 03:15:00,625.83,1535.48,923.43,32.08,2576.04,10130.15,1.726
2026-01-01 03:16:00,632.11,1530.96,932.75,32.74,2605.04,10179.1,1.739
2026-01-01 03:17:00,633.63,1536.2,923.63,32.48,2597.53,10139.96,1.78
2026-01-01 03:18:00,634.82,1542.38,921.57,32.05,2594.75,10157.57,1.776
2026-01-01 03:19:00,633.58,1534.48,927.63,32.14,2578.12,10130.39,1.667
2026-01-01 03:20:00,632.18,1532.34,925.65,32.0,2592.94,10165.52,1.733
2026-01-01 03:21:00,638.07,1535.99,930.8,33.19,2589.37,10192.35,1.713
2026-01-01 03:22:00,630.4,1533.49,928.62,32.64,2586.45,10187.58,1.812
2026-01-01 03:23:00,632.33,1539.0,926.38,32.12,2593.53,10147.44,1.673
2026-01-01 03:24:00,625.09,1520.14,923.27,31.66,2588.72,10105.98,1.723
2026-01-01 03:25:00,631.21,1532.58,926.37,32.06,2592.05,10178.04,1.816
2026-01-01 03:26:00,628.61,1531.38,918.87,31.56,2600.11,10136.51,1.797
2026-01-01 03:27:00,634.0,1535.73,922.42,31.76,2595.95,10129.04,1.791
2026-01-01 03:28:00,634.12,1538.33,922.29,31.8,2589.89,10127.76,1.763
2026-01-01 03:29:00,631.89,1532.53,921.5,32.4,2589.35,10139.81,1.661
2026-01-01 03:30:00,635.05,1533.42,926.28,31.87,2591.35,10156.88,1.694
2026-01-01 03:31:00,628.6,1529.97,925.95,32.01,2591.63,10121.49,1.66
2026-01-01 03:32:00,626.11,1535.35,927.0,31.94,2599.36,10149.13,1.751
2026-01-01 03:33:00,629.7,1537.51,920.31,32.0,2586.53,10153.85,1.848
2026-01-01 03:34:00,633.77,1531.65,922.93,31.9,2606.18,10144.48,1.696
2026-01-01 03:35:00,635.29,1534.62,929.28,32.37,2600.63,10181.49,1.763
2026-01-01 03:36:00,632.46,1536.84,928.24,32.43,2573.64,10171.21,1.874
2026-01-01 03:37:00,636.68,1538.64,929.09,32.56,2597.23,10196.91,1.694
2026-01-01 03:38:00,631.15,1532.9,929.07,31.72,2603.22,10154.35,1.883
2026-01-01 03:39:00,628.59,1528.9,926.77,31.73,2597.2,10133.81,1.792
2026-01-01 03:40:00,634.12,1529.25,925.03,32.3,2591.92,10162.8,1.714
2026-01-01 03:41:00,631.57,1538.55,925.79,32.2,2595.76,10189.16,1.768
2026-01-01 03:42:00,635.58,1537.0,927.11,32.49,2597.08,10173.93,1.916
2026-01-01 03:43:00,625.91,1527.99,918.73,32.08,2600.22,10133.03,1.701
2026-01-01 03:44:00,631.51,1539.04,928.48,32.64,2584.14,10168.97,1.833
2026-01-01 03:45:00,634.69,1528.95,924.18,32.01,2589.64,10143.79,1.915
2026-01-01 03:46:00,638.35,1543.49,936.65,32.63,2610.86,10227.83,1.831
2026-01-01 03:47:00,635.51,1543.63,926.52,32.99,2597.28,10208.97,1.815
2026-01-01 03:48:00,632.17,1536.85,926.8,32.06,2606.4,10135.88,1.921
2026-01-01 03:49:00,632.79,1532.4,921.0,31.88,2618.71,10152.6,1.673
2026-01-01 03:50:00,626.75,1534.71,922.49,31.72,2590.01,10129.92,1.737
2026-01-01 03:51:00,631.08,1531.03,927.57,32.44,2586.01,10172.32,1.813
2026-01-01 03:52:00,634.12,1540.46,931.17,33.09,2594.39,10195.98,1.679
2026-01-01 03:53:00,636.36,1547.32,933.02,32.46,2604.97,10187.45,1.701
2026-01-01 03:54:00,631.67,1529.29,928.26,32.2,2604.54,10147.57,1.71
2026-01-01 03:55:00,630.61,1534.24,928.8,32.1,2612.9,10150.15,1.791
2026-01-01 03:56:00,626.15,1530.17,925.8,31.85,2593.82,10134.25,1.704
2026-01-01 03:57:00,634.77,1530.68,925.86,32.65,2599.49,10172.32,1.773
2026-01-01 03:58:00,632.99,1533.99,924.45,31.81,2589.04,10150.33,1.821
2026-01-01 03:59:00,634.78,1532.1,928.84,32.35,2575.45,10170.16,1.826
2026-01-01 04:00:00,629.06,1529.72,929.36,31.96,2594.22,10145.22,1.589
2026-01-01 04:01:00,633.42,1534.45,927.35,32.24,2587.2,10193.8,1.815
2026-01-01 04:02:00,628.58,1527.89,922.56,32.1,2599.24,10133.77,1.787
2026-01-01 04:03:00,630.95,1534.23,923.14,31.93,2578.83,10128.31,1.731
2026-01-01 04:04:00,644.24,1544.81,930.3,33.04,2591.7,10224.4,1.874
2026-01-01 04:05:00,633.45,1541.08,926.71,32.15,2597.44,10164.69,1.834
2026-01-01 04:06:00,629.65,1530.47,929.15,31.94,2597.5,10144.78,1.779
2026-01-01 04:07:00,635.92,1545.79,933.7,33.38,2597.69,10236.18,1.836
2026-01-01 04:08:00,637.49,1547.4,934.57,33.25,2613.1,10238.56,1.867
2026-01-01 04:09:00,631.8,1527.39,931.45,31.7,2606.85,10138.97,1.562
2026-01-01 04:10:00,629.07,1541.99,927.52,32.3,2590.41,10179.99,1.9
2026-01-01 04:11:00,634.92,1538.86,933.28,32.35,2608.55,10174.38,1.888
2026-01-01 04:12:00,631.2,1540.62,928.96,32.93,2612.07,10233.47,1.941
2026-01-01 04:13:00,627.72,1535.04,926.94,32.26,2594.18,10161.58,1.78
2026-01-01 04:14:00,638.19,1540.44,925.01,31.97,2595.53,10161.35,1.815
2026-01-01 04:15:00,634.05,1536.87,927.48,32.44,2596.19,10198.27,1.817
2026-01-01 04:16:00,637.96,1539.26,927.09,33.27,2590.85,10183.22,1.817
2026-01-01 04:17:00,631.01,1540.17,927.97,32.88,2591.43,10177.56,1.895
2026-01-01 04:18:00,628.22,1537.64,926.96,32.83,2607.49,10206.8,1.673
2026-01-01 04:19:00,628.76,1534.5,919.44,32.14,2597.97,10143.46,1.787
2026-01-01 04:20:00,640.06,1535.63,926.88,32.74,2591.64,10184.64,1.726
2026-01-01 04:21:00,629.79,1530.32,926.27,32.36,2588.35,10176.65,1.692
2026-01-01 04:22:00,638.63,1537.56,924.03,32.62,2590.17,10188.93,1.786
2026-01-01 04:23:00,633.74,1533.36,928.94,32.19,2594.09,10167.51,1.675
2026-01-01 04:24:00,634.94,1539.15,931.86,32.77,2603.28,10182.08,1.69
2026-01-01 04:25:00,633.71,1539.52,932.94,33.2,2590.3,10213.27,1.688
2026-01-01 04:26:00,631.9,1539.17,934.34,32.87,2603.24,10183.65,1.753
2026-01-01 04:27:00,635.91,1537.88,926.33,32.48,2597.44,10179.42,1.83
2026-01-01 04:28:00,637.32,1541.45,925.77,33.26,2597.86,10201.34,1.875
2026-01-01 04:29:00,634.44,1540.49,928.87,32.5,2604.35,10186.64,1.953
2026-01-01 04:30:00,634.59,1531.64,927.06,32.73,2602.04,10164.71,1.741
2026-01-01 04:31:00,633.46,1544.36,930.13,32.77,2585.95,10213.44,1.885
2026-01-01 04:32:00,639.28,1534.86,931.35,31.77,2586.29,10156.16,1.779
2026-01-01 04:33:00,638.19,1541.74,932.92,33.98,2596.99,10255.65,1.877
2026-01-01 04:34:00,641.81,1548.48,935.67,33.02,2599.95,10211.16,1.849
2026-01-01 04:35:00,632.31,1537.41,927.68,32.82,2607.56,10199.32,1.871
2026-01-01 04:36:00,632.68,1535.81,925.97,32.06,2595.63,10160.02,1.807
2026-01-01 04:37:00,634.9,1528.97,923.41,31.76,2608.23,10146.89,1.724
2026-01-01 04:38:00,636.51,1541.52,921.61,33.01,2592.41,10236.0,1.891
2026-01-01 04:39:00,635.89,1539.03,924.57,33.04,2593.23,10222.12,1.78
2026-01-01 04:40:00,632.54,1538.77,933.01,32.61,2594.08,10196.44,1.852
2026-01-01 04:41:00,630.21,1529.82,928.77,31.55,2588.25,10151.66,1.77
2026-01-01 04:42:00,633.59,1542.32,927.52,33.29,2606.4,10211.86,1.671
2026-01-01 04:43:00,634.78,1544.34,933.14,32.95,2575.51,10225.87,1.823
2026-01-01 04:44:00,631.88,1530.67,919.64,32.06,2589.95,10130.91,1.816
2026-01-01 04:45:00,632.13,1526.8,925.26,32.3,2605.22,10183.84,1.782
2026-01-01 04:46:00,636.3,1544.71,928.6,32.53,2593.59,10185.17,1.812
2026-01-01 04:47:00,631.72,1536.35,932.72,32.34,2603.54,10155.91,1.727
2026-01-01 04:48:00,628.44,1535.43,934.24,32.6,2613.39,10177.81,1.764
2026-01-01 04:49:00,632.72,1536.31,927.87,32.85,2597.92,10215.7,1.9
2026-01-01 04:50:00,639.29,1532.63,928.75,32.48,2605.04,10174.8,1.749
2026-01-01 04:51:00,635.89,1537.96,932.99,32.96,2616.27,10206.44,1.723
2026-01-01 04:52:00,634.76,1543.48,939.53,33.28,2601.61,10244.44,1.679
2026-01-01 04:53:00,631.14,1530.94,927.49,31.46,2593.54,10129.57,1.679
2026-01-01 04:54:00,633.67,1535.95,925.44,32.37,2603.41,10187.71,1.708
2026-01-01 04:55:00,635.69,1529.97,932.63,32.2,2604.98,10170.29,1.66
2026-01-01 04:56:00,637.14,1534.89,928.35,32.55,2595.9,10188.37,1.711
2026-01-01 04:57:00,634.3,1542.22,933.04,33.06,2592.68,10196.9,1.726
2026-01-01 04:58:00,631.78,1529.13,927.71,32.26,2608.51,10151.17,1.676
2026-01-01 04:59:00,638.75,1542.64,927.35,32.58,2594.74,10206.0,1.925
2026-01-01 05:00:00,638.78,1543.01,936.83,33.66,2607.63,10236.27,1.714
2026-01-01 05:01:00,632.38,1536.69,927.95,32.53,2598.35,10189.08,1.844
2026-01-01 05:02:00,636.09,1543.0,932.85,32.97,2611.57,10207.48,1.859
2026-01-01 05:03:00,632.56,1532.28,929.14,32.6,2590.25,10209.59,1.868
2026-01-01 05:04:00,631.33,1534.44,928.09,32.51,2589.63,10194.11,1.799
2026-01-01 05:05:00,634.44,1529.45,929.34,32.88,2603.27,10193.9,1.904
2026-01-01 05:06:00,637.19,1541.77,935.7,32.03,2586.36,10167.54,1.777
2026-01-01 05:07:00,637.86,1539.38,938.43,33.1,2598.69,10228.08,1.82
2026-01-01 05:08:00,637.0,1540.22,930.59,32.85,2609.15,10202.36,1.905
2026-01-01 05:09:00,635.33,1545.78,927.38,32.97,2583.87,10238.12,1.834
2026-01-01 05:10:00,635.13,1544.9,930.84,32.82,2601.49,10241.21,1.724
2026-01-01 05:11:00,632.17,1539.4,931.31,33.08,2606.79,10211.0,1.86
2026-01-01 05:12:00,636.98,1539.98,934.62,34.18,2598.6,10255.1,1.952
2026-01-01 05:13:00,637.86,1536.45,933.6,32.75,2589.08,10195.57,1.828
2026-01-01 05:14:00,634.33,1538.58,933.96,32.9,2594.67,10202.77,1.783
2026-01-01 05:15:00,633.98,1527.92,931.54,32.32,2589.51,10188.51,1.819
2026-01-01 05:16:00,636.55,1541.67,928.23,33.02,2597.09,10196.55,1.86
2026-01-01 05:17:00,636.53,1539.05,926.9,32.28,2593.53,10176.15,1.703
2026-01-01 05:18:00,632.27,1539.21,928.95,33.06,2592.76,10205.18,1.651
2026-01-01 05:19:00,631.52,1540.48,928.21,32.65,2599.84,10185.65,1.784
2026-01-01 05:20:00,634.21,1542.33,934.36,32.99,2609.67,10209.41,1.902
2026-01-01 05:21:00,632.22,1542.47,932.84,33.03,2599.8,10213.02,1.732
2026-01-01 05:22:00,635.77,1547.38,925.12,33.18,2608.37,10224.63,1.732
2026-01-01 05:23:00,631.16,1542.16,933.14,33.1,2610.24,10224.19,1.85
2026-01-01 05:24:00,636.93,1538.69,930.97,33.61,2593.86,10248.63,1.84
2026-01-01 05:25:00,636.09,1543.42,933.48,32.54,2598.94,10201.85,1.756
2026-01-01 05:26:00,629.49,1535.98,923.51,32.15,2591.89,10164.57,1.868
2026-01-01 05:27:00,633.46,1537.06,932.18,33.4,2585.75,10224.21,1.78
2026-01-01 05:28:00,632.84,1536.08,925.61,32.37,2598.45,10172.64,1.811
2026-01-01 05:29:00,634.21,1537.84,927.13,32.59,2588.18,10198.18,1.875
2026-01-01 05:30:00,633.28,1541.91,935.89,33.56,2602.25,10243.86,1.838
2026-01-01 05:31:00,637.64,1542.0,929.91,33.15,2584.89,10217.19,1.894
2026-01-01 05:32:00,635.44,1535.25,931.51,32.15,2597.39,10183.4,1.847
2026-01-01 05:33:00,631.24,1537.63,930.18,32.63,2583.38,10181.34,1.806
2026-01-01 05:34:00,639.08,1537.77,929.93,32.87,2602.44,10209.78,1.79
2026-01-01 05:35:00,633.9,1532.51,926.16,32.17,2591.5,10148.15,1.874
2026-01-01 05:36:00,634.47,1530.91,932.56,32.5,2592.18,10185.3,1.868
2026-01-01 05:37:00,637.08,1550.05,933.39,32.85,2605.78,10202.5,1.871
2026-01-01 05:38:00,634.23,1542.61,937.69,32.51,2594.86,10219.7,1.834
2026-01-01 05:39:00,635.0,1537.86,926.34,32.92,2598.8,10231.96,1.799
2026-01-01 05:40:00,632.51,1533.73,924.33,31.95,2592.43,10131.98,1.589
2026-01-01 05:41:00,633.38,1542.0,929.55,33.14,2600.12,10184.41,1.836
2026-01-01 05:42:00,634.11,1542.56,931.95,32.95,2605.47,10211.75,1.795
2026-01-01 05:43:00,637.07,1544.26,928.32,32.34,2602.84,10186.77,1.815
2026-01-01 05:44:00,638.39,1550.64,931.4,32.84,2593.25,10208.06,2.015
2026-01-01 05:45:00,631.42,1527.97,925.85,31.96,2604.87,10162.34,1.873
2026-01-01 05:46:00,634.03,1538.46,923.35,32.83,2588.81,10186.47,1.832
2026-01-01 05:47:00,635.45,1536.06,925.54,32.98,2591.49,10219.58,1.822
2026-01-01 05:48:00,634.33,1532.87,926.46,32.33,2593.85,10153.75,1.827
2026-01-01 05:49:00,642.62,1548.43,941.5,32.84,2605.55,10213.04,1.896
2026-01-01 05:50:00,636.25,1537.96,931.44,32.84,2586.9,10189.46,1.769
2026-01-01 05:51:00,639.53,1552.27,931.03,32.5,2604.37,10214.67,1.804
2026-01-01 05:52:00,632.83,1538.02,930.34,32.23,2594.89,10165.66,1.795
2026-01-01 05:53:00,634.57,1536.02,933.83,33.15,2594.08,10222.61,1.773
2026-01-01 05:54:00,634.74,1547.03,932.27,32.87,2606.12,10217.19,1.773
2026-01-01 05:55:00,632.99,1549.92,928.79,32.88,2590.51,10206.86,1.727
2026-01-01 05:56:00,634.56,1532.1,926.12,32.87,2615.2,10206.45,1.956
2026-01-01 05:57:00,637.57,1544.05,933.61,33.11,2595.67,10210.8,1.713
2026-01-01 05:58:00,635.93,1532.91,927.0,32.65,2597.29,10185.28,1.691
2026-01-01 05:59:00,633.37,1539.37,931.41,32.66,2608.61,10189.8,1.618
2026-01-01 06:00:00,633.82,1534.34,933.15,32.89,2597.98,10197.59,1.858
2026-01-01 06:01:00,635.54,1545.01,930.24,32.52,2606.61,10211.23,1.746
2026-01-01 06:02:00,637.18,1542.65,928.12,32.32,2580.5,10186.03,1.857
2026-01-01 06:03:00,634.56,1540.73,927.3,32.12,2592.45,10182.75,1.79
2026-01-01 06:04:00,633.68,1535.55,929.57,32.81,2599.75,10197.68,1.91
2026-01-01 06:05:00,636.9,1544.97,935.06,33.39,2606.97,10242.43,1.786
2026-01-01 06:06:00,637.01,1528.04,926.96,32.51,2601.32,10161.23,1.777
2026-01-01 06:07:00,632.79,1547.38,926.63,32.43,2601.06,10173.88,1.874
2026-01-01 06:08:00,633.79,1548.55,929.59,32.36,2604.64,10186.8,1.895
2026-01-01 06:09:00,636.1,1552.06,933.28,33.14,2601.62,10229.72,1.928
2026-01-01 06:10:00,635.09,1546.24,933.03,31.92,2578.64,10177.44,1.833
2026-01-01 06:11:00,633.28,1542.79,940.22,32.82,2608.83,10216.16,1.825
2026-01-01 06:12:00,635.22,1543.16,937.97,32.48,2591.0,10226.73,1.885
2026-01-01 06:13:00,637.35,1544.46,931.74,32.9,2599.52,10208.86,1.715
2026-01-01 06:14:00,640.81,1543.67,929.35,32.59,2598.01,10197.41,1.778
2026-01-01 06:15:00,637.49,1544.57,933.53,33.6,2599.67,10267.45,1.993
2026-01-01 06:16:00,636.42,1534.69,925.89,32.57,2588.1,10207.21,1.892
2026-01-01 06:17:00,631.89,1527.05,926.24,31.99,2579.62,10160.6,1.675
2026-01-01 06:18:00,640.47,1544.47,930.83,33.55,2590.55,10249.02,1.889
2026-01-01 06:19:00,632.51,1536.97,925.94,32.11,2602.63,10183.26,1.722
2026-01-01 06:20:00,637.77,1538.61,927.37,32.79,2584.98,10197.16,1.785
2026-01-01 06:21:00,640.56,1545.98,935.8,32.76,2590.37,10219.27,1.949
2026-01-01 06:22:00,635.71,1528.32,926.47,31.75,2598.52,10161.54,1.628
2026-01-01 06:23:00,636.26,1531.79,923.4,32.45,2586.87,10159.43,1.669
2026-01-01 06:24:00,632.56,1530.82,929.35,32.38,2590.47,10152.38,1.777
2026-01-01 06:25:00,634.91,1540.19,932.05,32.39,2596.82,10187.15,1.836
2026-01-01 06:26:00,634.49,1542.4,929.81,32.91,2599.92,10225.43,1.813
2026-01-01 06:27:00,630.12,1543.26,929.01,32.85,2588.89,10215.57,1.92
2026-01-01 06:28:00,635.89,1537.22,928.19,32.92,2598.98,10230.46,1.824
2026-01-01 06:29:00,631.97,1534.63,927.88,31.89,2598.0,10152.32,1.786
2026-01-01 06:30:00,633.25,1527.93,927.84,31.63,2583.12,10113.68,1.733
2026-01-01 06:31:00,637.01,1537.12,930.8,33.34,2598.72,10208.61,1.8
2026-01-01 06:32:00,631.29,1539.49,925.09,32.25,2589.91,10173.57,1.845
2026-01-01 06:33:00,641.37,1538.98,934.36,33.0,2597.78,10203.27,1.75
2026-01-01 06:34:00,636.9,1542.03,931.53,32.6,2601.93,10186.52,1.902
2026-01-01 06:35:00,631.75,1539.18,929.84,32.09,2594.71,10185.93,1.875
2026-01-01 06:36:00,633.15,1537.93,933.09,32.58,2603.65,10191.68,1.882
2026-01-01 06:37:00,629.65,1538.28,933.75,32.59,2602.79,10194.82,1.989
2026-01-01 06:38:00,637.51,1539.49,927.85,33.1,2604.03,10202.5,1.848
2026-01-01 06:39:00,632.17,1535.48,924.52,32.8,2599.11,10179.99,1.802
2026-01-01 06:40:00,632.27,1531.78,929.54,32.93,2605.85,10209.7,1.859
2026-01-01 06:41:00,633.39,1537.49,930.39,33.14,2600.14,10210.14,1.789
2026-01-01 06:42:00,635.3,1546.37,934.57,32.53,2582.96,10190.47,1.795
2026-01-01 06:43:00,635.41,1539.85,932.98,32.91,2590.12,10194.63,1.74
2026-01-01 06:44:00,631.41,1539.95,929.67,32.85,2595.33,10208.98,1.93
2026-01-01 06:45:00,631.49,1533.81,930.42,32.79,2595.46,10186.79,1.718
2026-01-01 06:46:00,635.57,1539.47,931.12,32.88,2599.19,10191.31,1.738
2026-01-01 06:47:00,634.52,1546.53,933.48,33.12,2590.88,10217.28,1.812
2026-01-01 06:48:00,632.65,1537.9,920.72,31.64,2610.24,10135.92,1.661
2026-01-01 06:49:00,631.12,1532.37,928.67,32.05,2594.3,10160.11,1.721
2026-01-01 06:50:00,635.98,1529.52,924.19,32.56,2595.67,10175.97,1.76
2026-01-01 06:51:00,631.1,1532.39,926.51,31.93,2588.46,10127.04,1.805
2026-01-01 06:52:00,636.45,1538.18,924.95,32.21,2587.15,10161.69,1.659
2026-01-01 06:53:00,637.09,1542.21,931.72,32.76,2596.06,10210.29,1.781
2026-01-01 06:54:00,635.47,1535.64,928.32,32.33,2595.69,10169.24,1.806
2026-01-01 06:55:00,632.95,1534.75,936.69,32.24,2594.87,10171.75,1.824
2026-01-01 06:56:00,639.25,1546.06,929.55,32.82,2610.44,10213.62,2.033
2026-01-01 06:57:00,637.26,1547.88,929.83,33.83,2597.45,10246.04,1.976
2026-01-01 06:58:00,631.95,1537.44,934.05,32.44,2595.59,10190.0,1.934
2026-01-01 06:59:00,631.46,1551.13,935.31,33.2,2604.25,10227.2,1.717
2026-01-01 07:00:00,634.93,1540.36,930.69,32.22,2593.82,10162.08,1.802
2026-01-01 07:01:00,636.75,1535.14,926.36,32.09,2600.13,10178.08,1.841
2026-01-01 07:02:00,631.11,1532.0,924.85,32.09,2585.6,10178.52,1.693
2026-01-01 07:03:00,629.51,1526.52,925.04,31.94,2584.38,10145.66,1.74
2026-01-01 07:04:00,632.06,1533.48,926.01,31.83,2596.57,10172.33,1.85
2026-01-01 07:05:00,636.49,1539.04,926.66,32.95,2594.22,10184.68,1.867
2026-01-01 07:06:00,631.1,1551.26,929.76,32.53,2589.96,10193.88,1.908
2026-01-01 07:07:00,635.61,1545.67,931.62,33.09,2599.06,10236.53,1.86
2026-01-01 07:08:00,629.43,1535.92,929.34,32.66,2597.36,10174.8,1.744
2026-01-01 07:09:00,636.35,1536.94,926.15,32.61,2590.82,10195.78,1.857
2026-01-01 07:10:00,632.13,1535.58,928.34,32.2,2590.63,10151.54,1.781
2026-01-01 07:11:00,634.18,1540.79,931.28,32.53,2598.32,10198.01,1.848
2026-01-01 07:12:00,633.55,1534.37,928.92,32.69,2588.45,10198.7,1.662
2026-01-01 07:13:00,633.05,1536.96,927.36,31.94,2588.97,10126.44,1.742
2026-01-01 07:14:00,638.57,1541.56,932.7,32.75,2601.7,10219.47,1.867
2026-01-01 07:15:00,635.7,1540.63,928.32,32.33,2595.06,10163.57,1.777
2026-01-01 07:16:00,634.68,1536.45,931.46,31.8,2592.02,10178.81,1.781
2026-01-01 07:17:00,635.77,1533.03,919.58,32.38,2587.64,10153.58,1.757
2026-01-01 07:18:00,630.67,1532.75,934.41,32.06,2587.13,10163.25,1.707
2026-01-01 07:19:00,635.79,1538.59,933.72,32.96,2596.4,10220.3,1.902
2026-01-01 07:20:00,639.62,1543.42,933.99,32.14,2611.37,10161.22,1.751
2026-01-01 07:21:00,630.02,1535.91,927.31,32.48,2601.26,10201.79,1.614
2026-01-01 07:22:00,633.31,1542.26,930.21,32.73,2586.82,10220.99,1.785
2026-01-01 07:23:00,633.67,1541.98,933.02,33.22,2603.41,10228.03,1.78
2026-01-01 07:24:00,634.13,1539.16,927.29,32.26,2588.95,10157.57,1.745
2026-01-01 07:25:00,635.05,1533.24,926.43,31.53,2593.94,10130.8,1.694
2026-01-01 07:26:00,637.11,1536.77,932.25,32.83,2591.94,10199.51,1.804
2026-01-01 07:27:00,632.82,1537.39,924.76,32.55,2612.04,10179.28,1.808
2026-01-01 07:28:00,637.17,1550.85,933.74,32.81,2588.17,10214.71,1.765
2026-01-01 07:29:00,633.81,1540.55,931.86,32.02,2598.18,10174.39,1.792
2026-01-01 07:30:00,634.13,1541.03,926.69,32.25,2589.93,10167.71,1.834
2026-01-01 07:31:00,635.98,1540.3,925.86,32.51,2601.79,10179.84,1.765
2026-01-01 07:32:00,641.52,1548.33,933.64,33.06,2600.08,10227.44,1.894
2026-01-01 07:33:00,638.45,1542.75,931.05,33.42,2609.14,10262.62,1.983
2026-01-01 07:34:00,634.44,1537.41,929.94,32.41,2601.26,10170.35,1.709
2026-01-01 07:35:00,639.11,1541.72,926.92,32.63,2590.01,10171.55,1.809
2026-01-01 07:36:00,630.67,1540.21,935.78,32.38,2619.64,10190.86,1.967
2026-01-01 07:37:00,632.04,1538.54,924.97,32.23,2599.98,10170.94,1.804
2026-01-01 07:38:00,632.39,1534.71,926.92,33.23,2591.82,10188.74,1.736
2026-01-01 07:39:00,633.02,1537.5,928.85,32.32,2597.03,10166.96,1.82
2026-01-01 07:40:00,635.68,1537.46,924.7,32.15,2601.04,10182.78,1.783
2026-01-01 07:41:00,634.64,1544.62,924.34,31.87,2599.41,10148.47,1.662
2026-01-01 07:42:00,629.58,1529.57,920.28,31.77,2598.55,10146.28,1.747
2026-01-01 07:43:00,631.71,1530.95,924.79,32.39,2603.24,10170.16,1.692
2026-01-01 07:44:00,629.39,1524.87,929.01,32.24,2602.09,10160.74,1.643
2026-01-01 07:45:00,629.53,1530.6,926.35,32.08,2588.58,10166.53,1.85
2026-01-01 07:46:00,633.16,1537.1,931.74,32.64,2612.04,10161.56,1.589
2026-01-01 07:47:00,636.2,1543.25,930.3,32.78,2612.59,10204.55,1.93
2026-01-01 07:48:00,639.04,1540.11,929.59,32.8,2603.67,10215.4,1.875
2026-01-01 07:49:00,637.09,1531.82,929.09,31.91,2595.6,10164.58,1.898
2026-01-01 07:50:00,632.45,1537.32,931.4,32.18,2596.28,10178.46,1.926
2026-01-01 07:51:00,628.13,1528.28,928.93,32.18,2593.5,10185.16,1.889
2026-01-01 07:52:00,629.42,1535.19,931.13,32.24,2593.94,10169.84,1.75
2026-01-01 07:53:00,631.52,1536.39,928.64,32.37,2578.86,10192.04,1.756
2026-01-01 07:54:00,634.84,1543.14,930.63,32.83,2608.71,10194.89,1.818
2026-01-01 07:55:00,632.01,1538.48,925.53,32.07,2604.7,10164.4,1.858
2026-01-01 07:56:00,631.88,1529.13,936.4,32.72,2582.71,10186.02,1.951
2026-01-01 07:57:00,635.71,1529.02,924.39,32.07,2601.64,10144.83,1.68
2026-01-01 07:58:00,634.83,1543.5,927.59,32.68,2596.09,10186.8,1.866
2026-01-01 07:59:00,641.95,1549.73,934.52,33.32,2596.18,10228.34,1.846
2026-01-01 08:00:00,628.98,1538.97,930.64,32.99,2600.03,10185.17,1.803
2026-01-01 08:01:00,638.69,1539.5,933.23,32.36,2582.37,10190.97,1.857
2026-01-01 08:02:00,632.83,1539.33,920.15,32.72,2596.04,10186.3,1.594
2026-01-01 08:03:00,633.02,1532.1,934.62,32.67,2596.94,10190.63,1.807
2026-01-01 08:04:00,632.95,1533.39,932.7,32.31,2595.45,10152.19,1.668
2026-01-01 08:05:00,630.92,1536.53,931.35,32.23,2584.32,10163.71,1.837
2026-01-01 08:06:00,631.25,1535.21,926.65,32.53,2598.92,10166.01,1.806
2026-01-01 08:07:00,636.0,1538.14,932.58,31.85,2603.66,10161.76,1.912
2026-01-01 08:08:00,626.51,1533.9,926.76,31.54,2597.34,10133.39,1.869
2026-01-01 08:09:00,637.71,1538.72,930.03,32.34,2594.23,10184.4,1.751
2026-01-01 08:10:00,635.63,1538.36,932.26,33.05,2619.23,10227.08,1.864
2026-01-01 08:11:00,633.12,1542.15,930.17,32.26,2588.0,10167.31,1.911
2026-01-01 08:12:00,634.6,1541.63,930.14,32.09,2601.64,10168.72,1.822
2026-01-01 08:13:00,634.39,1536.77,922.2,32.21,2597.93,10182.52,1.855
2026-01-01 08:14:00,630.96,1529.29,926.67,31.87,2610.86,10151.03,1.899
2026-01-01 08:15:00,632.31,1537.72,925.97,32.16,2599.44,10191.7,1.926
2026-01-01 08:16:00,633.25,1528.39,926.3,31.48,2598.2,10115.71,1.751
2026-01-01 08:17:00,628.32,1524.84,924.02,32.03,2598.87,10152.51,1.856
2026-01-01 08:18:00,628.68,1532.64,922.23,31.35,2584.03,10092.78,1.787
2026-01-01 08:19:00,626.45,1526.57,926.94,31.77,2586.95,10128.77,1.884
2026-01-01 08:20:00,636.03,1536.68,934.3,33.3,2594.88,10210.78,1.837
2026-01-01 08:21:00,633.74,1536.74,931.95,32.72,2603.8,10186.44,1.906
2026-01-01 08:22:00,628.08,1529.98,927.97,32.37,2597.08,10162.72,1.75
2026-01-01 08:23:00,627.66,1529.03,920.38,31.91,2592.52,10135.8,1.794
2026-01-01 08:24:00,627.43,1526.3,917.64,31.34,2603.39,10090.64,1.787
2026-01-01 08:25:00,632.11,1537.39,921.95,31.82,2578.46,10139.75,1.817
2026-01-01 08:26:00,631.56,1546.7,929.28,32.9,2586.79,10212.53,1.858
2026-01-01 08:27:00,631.23,1532.12,928.51,32.49,2574.74,10149.63,1.769
2026-01-01 08:28:00,631.67,1531.57,928.82,31.91,2604.13,10143.34,1.823
2026-01-01 08:29:00,636.0,1536.25,931.02,32.01,2594.87,10173.64,1.836
2026-01-01 08:30:00,631.6,1529.29,917.96,32.16,2602.38,10148.07,1.779
2026-01-01 08:31:00,630.47,1534.75,926.15,32.37,2594.24,10160.1,1.836
2026-01-01 08:32:00,634.75,1534.52,926.26,32.03,2602.84,10148.23,1.65
2026-01-01 08:33:00,631.11,1533.04,919.68,31.34,2593.11,10134.66,1.791
2026-01-01 08:34:00,625.55,1540.35,931.01,32.66,2598.92,10173.7,1.658
2026-01-01 08:35:00,636.16,1534.39,929.9,32.45,2597.91,10177.76,1.728
2026-01-01 08:36:00,634.22,1539.89,926.33,32.2,2598.18,10169.54,1.816
2026-01-01 08:37:00,631.2,1534.08,924.2,32.28,2608.12,10147.91,1.765
2026-01-01 08:38:00,633.42,1542.57,929.01,31.85,2582.68,10174.62,1.659
2026-01-01 08:39:00,635.36,1540.37,931.37,32.8,2596.32,10205.13,1.674
2026-01-01 08:40:00,630.16,1535.24,922.42,31.3,2594.65,10107.52,1.703
2026-01-01 08:41:00,629.53,1528.54,921.93,32.48,2595.38,10157.0,1.631
2026-01-01 08:42:00,632.36,1539.5,926.09,32.34,2592.28,10169.1,1.678
2026-01-01 08:43:00,631.55,1535.27,930.41,31.94,2590.85,10160.52,1.732
2026-01-01 08:44:00,631.83,1534.19,933.06,32.74,2608.22,10182.28,1.87
2026-01-01 08:45:00,628.0,1529.48,922.02,31.26,2593.76,10139.79,1.665
2026-01-01 08:46:00,634.72,1535.58,926.74,32.59,2615.51,10182.92,1.627
2026-01-01 08:47:00,634.21,1532.86,923.28,31.81,2599.26,10158.07,1.882
2026-01-01 08:48:00,629.95,1531.37,922.24,32.09,2592.93,10163.61,1.848
2026-01-01 08:49:00,632.56,1538.84,935.37,32.69,2601.22,10203.44,1.848
2026-01-01 08:50:00,626.57,1530.68,923.03,32.4,2596.06,10161.9,1.775
2026-01-01 08:51:00,626.49,1527.58,926.19,32.31,2604.73,10131.31,1.916
2026-01-01 08:52:00,627.38,1531.06,923.93,31.75,2585.9,10163.31,1.805
2026-01-01 08:53:00,634.51,1531.09,926.22,32.26,2580.7,10160.08,1.783
2026-01-01 08:54:00,624.26,1522.61,921.52,32.24,2596.67,10125.86,1.73
2026-01-01 08:55:00,633.46,1529.57,928.29,32.12,2602.13,10168.45,1.819
2026-01-01 08:56:00,629.61,1522.6,924.0,31.52,2596.04,10124.99,1.685
2026-01-01 08:57:00,634.61,1533.4,930.45,32.43,2601.11,10175.87,1.881
2026-01-01 08:58:00,629.95,1524.68,923.83,31.48,2596.79,10095.13,1.82
2026-01-01 08:59:00,629.66,1527.77,921.99,31.84,2581.91,10125.12,1.845
2026-01-01 09:00:00,630.99,1525.08,922.44,31.38,2595.4,10109.63,1.725
2026-01-01 09:01:00,633.46,1526.6,918.76,31.63,2604.73,10136.49,1.784
2026-01-01 09:02:00,634.73,1539.97,924.41,32.32,2596.03,10148.37,1.659
2026-01-01 09:03:00,628.92,1531.13,925.04,31.06,2582.05,10093.74,1.614
2026-01-01 09:04:00,625.51,1527.85,924.17,31.68,2592.47,10160.71,1.839
2026-01-01 09:05:00,630.24,1526.15,924.6,31.42,2598.51,10132.76,1.824
2026-01-01 09:06:00,631.57,1538.53,927.22,31.64,2608.43,10132.99,1.611
2026-01-01 09:07:00,624.14,1521.38,925.13,31.69,2577.08,10098.81,1.616
2026-01-01 09:08:00,632.05,1530.23,920.3,31.73,2597.66,10151.21,1.694
2026-01-01 09:09:00,625.35,1530.0,927.07,32.34,2587.12,10146.17,1.791
2026-01-01 09:10:00,635.14,1531.88,924.92,32.15,2598.25,10136.3,1.72
2026-01-01 09:11:00,632.71,1533.99,924.74,31.94,2599.06,10140.65,1.665
2026-01-01 09:12:00,628.99,1531.73,929.75,31.4,2592.93,10151.99,1.744
2026-01-01 09:13:00,634.27,1536.57,924.06,32.62,2602.33,10215.63,1.805
2026-01-01 09:14:00,630.92,1524.24,924.45,31.8,2603.68,10145.95,1.836
2026-01-01 09:15:00,631.09,1536.36,928.39,32.37,2593.2,10144.6,1.741
2026-01-01 09:16:00,629.25,1528.15,923.25,31.34,2582.5,10110.78,1.847
2026-01-01 09:17:00,630.93,1528.2,919.52,31.29,2604.6,10110.71,1.567
2026-01-01 09:18:00,624.99,1522.33,921.2,31.52,2599.79,10109.84,1.766
2026-01-01 09:19:00,628.4,1525.08,927.89,31.0,2597.35,10101.47,1.89
2026-01-01 09:20:00,634.54,1534.0,927.83,31.65,2588.18,10124.0,1.732
2026-01-01 09:21:00,629.83,1521.94,923.6,31.85,2602.7,10152.31,1.747
2026-01-01 09:22:00,630.79,1532.68,929.08,32.67,2611.0,10148.43,1.713
2026-01-01 09:23:00,626.27,1525.37,924.54,31.28,2592.31,10112.87,1.616
2026-01-01 09:24:00,636.94,1534.3,918.61,32.27,2594.83,10133.28,1.836
2026-01-01 09:25:00,631.94,1538.56,925.5,31.62,2585.9,10142.3,1.697
2026-01-01 09:26:00,626.51,1526.46,929.26,31.44,2587.13,10102.91,1.796
2026-01-01 09:27:00,631.5,1515.6,922.18,31.64,2584.69,10113.19,1.764
2026-01-01 09:28:00,628.09,1526.52,929.8,31.97,2595.54,10144.09,1.815
2026-01-01 09:29:00,631.82,1529.46,920.08,31.72,2591.1,10126.92,1.67
2026-01-01 09:30:00,629.86,1529.67,916.8,31.48,2595.55,10094.7,1.743
2026-01-01 09:31:00,634.65,1526.69,927.1,31.84,2586.8,10129.81,1.749
2026-01-01 09:32:00,630.66,1535.58,926.93,31.76,2592.79,10134.69,1.768
2026-01-01 09:33:00,628.2,1515.53,921.68,30.96,2584.54,10084.3,1.506
2026-01-01 09:34:00,624.82,1526.89,926.71,31.62,2595.21,10124.03,1.785
2026-01-01 09:35:00,625.9,1526.68,918.65,31.21,2579.48,10093.85,1.894
2026-01-01 09:36:00,629.96,1536.87,923.13,32.34,2597.01,10177.72,1.693
2026-01-01 09:37:00,631.1,1524.82,927.42,32.0,2592.38,10147.2,1.841
2026-01-01 09:38:00,627.65,1523.44,922.03,31.29,2595.12,10122.88,1.723
2026-01-01 09:39:00,631.92,1528.5,925.44,31.65,2581.19,10141.92,1.677
2026-01-01 09:40:00,623.79,1515.72,918.65,30.99,2596.4,10058.58,1.628
2026-01-01 09:41:00,628.46,1527.71,919.73,30.88,2590.71,10108.18,1.845
2026-01-01 09:42:00,628.41,1526.31,928.22,32.03,2595.64,10129.03,1.771
2026-01-01 09:43:00,625.77,1517.39,917.68,31.36,2578.3,10112.36,1.723
2026-01-01 09:44:00,628.53,1531.74,925.13,32.31,2584.42,10140.74,1.633
2026-01-01 09:45:00,633.03,1536.75,927.15,33.0,2593.52,10199.39,1.86
2026-01-01 09:46:00,630.43,1517.83,921.31,30.96,2602.92,10077.92,1.788
2026-01-01 09:47:00,625.71,1520.08,921.21,31.64,2598.03,10126.48,1.77
2026-01-01 09:48:00,629.43,1524.8,926.61,32.16,2595.03,10131.23,1.659
2026-01-01 09:49:00,632.81,1538.26,927.28,32.64,2588.19,10172.15,1.832
2026-01-01 09:50:00,626.69,1521.49,918.09,31.29,2583.09,10078.56,1.851
2026-01-01 09:51:00,624.79,1518.53,920.14,32.04,2596.18,10130.67,1.737
2026-01-01 09:52:00,633.01,1528.43,924.31,32.1,2601.36,10176.46,1.877
2026-01-01 09:53:00,622.1,1522.73,916.48,30.78,2592.69,10054.71,1.663
2026-01-01 09:54:00,622.71,1519.54,921.71,30.83,2605.55,10076.79,1.686
2026-01-01 09:55:00,624.59,1519.4,921.25,30.61,2586.04,10067.01,1.708
2026-01-01 09:56:00,627.24,1522.35,922.41,31.29,2593.96,10093.44,1.687
2026-01-01 09:57:00,627.45,1532.76,919.96,31.44,2579.82,10115.19,1.699
2026-01-01 09:58:00,625.25,1535.26,921.83,31.43,2594.85,10109.77,1.732
2026-01-01 09:59:00,626.31,1518.54,919.73,31.32,2604.84,10107.8,1.806
2026-01-01 10:00:00,629.14,1529.34,926.37,31.62,2586.16,10143.99,1.769
2026-01-01 10:01:00,629.19,1522.71,916.33,31.35,2598.34,10069.71,1.691
2026-01-01 10:02:00,628.58,1530.94,929.5,31.96,2605.99,10143.38,1.778
2026-01-01 10:03:00,626.96,1518.98,924.87,30.98,2587.29,10100.69,1.849
2026-01-01 10:04:00,629.05,1528.32,923.52,31.15,2595.84,10082.72,1.627
2026-01-01 10:05:00,625.72,1525.11,926.79,31.96,2606.12,10118.02,1.792
2026-01-01 10:06:00,627.68,1523.28,922.29,31.9,2595.56,10124.11,1.812
2026-01-01 10:07:00,631.23,1523.25,920.27,31.09,2598.74,10091.51,1.701
2026-01-01 10:08:00,625.12,1520.73,918.16,30.46,2576.42,10044.32,1.771
2026-01-01 10:09:00,628.42,1523.66,923.64,31.3,2598.14,10115.04,1.811
2026-01-01 10:10:00,625.98,1526.41,917.34,30.82,2595.96,10075.5,1.767
2026-01-01 10:11:00,631.24,1527.62,923.71,31.08,2581.9,10093.14,1.614
2026-01-01 10:12:00,625.25,1522.06,922.46,30.31,2583.17,10051.32,1.636
2026-01-01 10:13:00,628.55,1523.98,924.96,31.31,2597.85,10106.06,1.674
2026-01-01 10:14:00,626.22,1518.29,919.6,31.29,2589.96,10089.91,1.771
2026-01-01 10:15:00,621.36,1518.96,911.02,30.74,2600.25,10063.33,1.761
2026-01-01 10:16:00,630.0,1521.61,918.07,31.88,2596.66,10136.01,1.735
2026-01-01 10:17:00,625.84,1526.33,921.29,31.6,2592.81,10089.18,1.692
2026-01-01 10:18:00,623.23,1524.74,921.55,31.54,2590.69,10081.26,1.883
2026-01-01 10:19:00,625.48,1526.04,919.83,31.62,2595.97,10121.89,1.759
2026-01-01 10:20:00,622.73,1524.25,920.16,31.42,2598.81,10089.89,1.75
2026-01-01 10:21:00,621.65,1524.17,922.98,31.02,2596.27,10079.97,1.685
2026-01-01 10:22:00,625.12,1528.43,921.11,31.56,2590.39,10125.56,1.853
2026-01-01 10:23:00,625.03,1526.99,917.42,30.37,2600.72,10049.23,1.71
2026-01-01 10:24:00,630.57,1527.64,917.17,31.71,2599.04,10125.77,1.761
2026-01-01 10:25:00,626.31,1520.33,921.66,31.29,2594.95,10076.55,1.719
2026-01-01 10:26:00,626.95,1525.7,917.58,30.82,2592.95,10085.67,1.676
2026-01-01 10:27:00,632.48,1527.74,928.32,31.8,2598.3,10139.25,1.684
2026-01-01 10:28:00,618.01,1517.2,918.56,30.9,2577.1,10073.68,1.699
2026-01-01 10:29:00,623.74,1510.46,916.05,30.27,2591.45,10016.2,1.773
2026-01-01 10:30:00,630.33,1528.54,926.23,31.84,2607.14,10131.98,1.729
2026-01-01 10:31:00,633.15,1535.65,924.63,32.46,2597.37,10172.77,1.876
2026-01-01 10:32:00,621.52,1516.1,920.57,31.27,2591.88,10059.8,1.655
2026-01-01 10:33:00,621.92,1509.29,913.79,30.68,2586.74,10067.38,1.543
2026-01-01 10:34:00,623.74,1515.44,916.83,30.83,2595.93,10079.68,1.662
2026-01-01 10:35:00,622.84,1524.39,916.48,30.96,2589.94,10067.23,1.563
2026-01-01 10:36:00,631.95,1522.16,917.9,31.19,2601.77,10061.9,1.748
2026-01-01 10:37:00,623.13,1522.79,923.44,30.28,2583.89,10049.03,1.531
2026-01-01 10:38:00,629.69,1521.16,918.21,30.92,2587.72,10062.94,1.696
2026-01-01 10:39:00,628.99,1518.03,922.57,31.07,2587.35,10083.96,1.648
2026-01-01 10:40:00,620.14,1521.34,915.54,30.7,2605.01,10037.04,1.617
2026-01-01 10:41:00,626.1,1520.41,917.57,31.18,2590.36,10076.76,1.771
2026-01-01 10:42:00,629.81,1531.11,926.27,31.83,2589.79,10135.83,1.747
2026-01-01 10:43:00,627.4,1515.77,918.18,31.13,2575.1,10075.43,1.698
2026-01-01 10:44:00,626.32,1519.74,917.16,30.58,2583.78,10056.2,1.676
2026-01-01 10:45:00,630.15,1519.01,922.11,31.06,2595.63,10064.79,1.66
2026-01-01 10:46:00,629.28,1516.75,919.67,31.58,2596.67,10092.41,1.652
2026-01-01 10:47:00,624.6,1520.93,915.9,30.44,2584.89,10031.12,1.529
2026-01-01 10:48:00,628.55,1516.9,919.24,30.75,2586.62,10064.23,1.722
2026-01-01 10:49:00,628.51,1514.49,917.76,30.8,2606.2,10062.55,1.713
2026-01-01 10:50:00,627.32,1524.04,918.94,31.71,2614.85,10112.86,1.827
2026-01-01 10:51:00,621.44,1510.08,920.95,30.62,2599.92,10047.23,1.708
2026-01-01 10:52:00,626.95,1524.39,923.03,31.08,2605.39,10103.44,1.69
2026-01-01 10:53:00,620.27,1512.42,918.64,30.89,2604.97,10049.17,1.665
2026-01-01 10:54:00,624.06,1525.31,920.19,30.94,2610.06,10088.88,1.759
2026-01-01 10:55:00,626.26,1521.47,922.36,31.03,2589.18,10069.65,1.784
2026-01-01 10:56:00,622.55,1510.46,916.96,30.25,2583.96,10053.96,1.65
2026-01-01 10:57:00,627.28,1516.8,922.85,30.74,2605.64,10053.46,1.77
2026-01-01 10:58:00,628.13,1531.86,918.23,31.02,2584.21,10077.99,1.698
2026-01-01 10:59:00,625.61,1513.59,915.12,30.18,2582.64,10050.81,1.626
2026-01-01 11:00:00,619.16,1515.23,919.78,30.66,2582.53,10043.44,1.622
2026-01-01 11:01:00,622.92,1515.45,920.51,30.56,2590.28,10062.83,1.667
2026-01-01 11:02:00,618.78,1510.67,921.61,30.47,2574.35,10034.24,1.664
2026-01-01 11:03:00,625.87,1514.54,919.01,30.89,2580.31,10074.2,1.792
2026-01-01 11:04:00,629.64,1523.43,916.84,30.32,2585.94,10052.22,1.832
2026-01-01 11:05:00,622.47,1505.39,919.64,30.41,2581.28,10050.29,1.662
2026-01-01 11:06:00,622.79,1514.08,908.71,29.89,2597.8,10010.48,1.534
2026-01-01 11:07:00,624.3,1524.23,921.11,30.94,2590.99,10052.54,1.634
2026-01-01 11:08:00,623.32,1513.19,908.81,30.74,2595.07,10040.32,1.647
2026-01-01 11:09:00,623.53,1511.49,916.38,30.4,2592.21,9989.29,1.65
2026-01-01 11:10:00,626.21,1523.48,916.08,30.68,2589.59,10060.52,1.545
2026-01-01 11:11:00,626.65,1514.85,917.05,31.18,2600.63,10098.59,1.807
2026-01-01 11:12:00,626.57,1510.37,912.82,30.56,2594.06,10039.88,1.598
2026-01-01 11:13:00,624.99,1511.12,916.1,30.26,2587.38,10026.81,1.684
2026-01-01 11:14:00,625.92,1520.25,918.44,30.7,2577.9,10063.8,1.682
2026-01-01 11:15:00,625.23,1516.36,922.0,30.67,2594.98,10049.6,1.625
2026-01-01 11:16:00,627.4,1527.76,920.28,31.81,2583.53,10121.66,1.851
2026-01-01 11:17:00,626.22,1514.73,914.32,29.91,2593.22,10033.26,1.629
2026-01-01 11:18:00,623.83,1513.95,916.31,30.38,2591.06,10039.69,1.594
2026-01-01 11:19:00,624.74,1515.37,921.35,30.17,2579.52,10039.02,1.712
2026-01-01 11:20:00,628.07,1519.93,921.65,31.11,2594.29,10085.82,1.782
2026-01-01 11:21:00,620.88,1523.4,921.5,30.83,2592.54,10054.54,1.668
2026-01-01 11:22:00,621.46,1522.25,917.69,31.35,2593.58,10080.65,1.721
2026-01-01 11:23:00,622.92,1516.36,911.41,30.31,2591.29,10031.48,1.74
2026-01-01 11:24:00,624.8,1512.36,919.75,30.71,2585.68,10051.78,1.664
2026-01-01 11:25:00,623.71,1512.04,911.19,29.67,2593.88,10006.73,1.623
2026-01-01 11:26:00,622.07,1515.61,918.06,30.73,2586.16,10071.22,1.761
2026-01-01 11:27:00,628.49,1521.46,917.53,31.03,2583.15,10073.39,1.688
2026-01-01 11:28:00,627.63,1513.71,915.38,30.22,2595.94,10042.48,1.611
2026-01-01 11:29:00,620.69,1513.53,910.02,30.52,2597.02,10016.34,1.65
2026-01-01 11:30:00,622.25,1515.02,919.26,30.74,2595.52,10045.93,1.599
2026-01-01 11:31:00,623.12,1513.38,919.51,30.17,2588.39,10029.8,1.657
2026-01-01 11:32:00,624.72,1524.61,921.1,30.22,2575.09,10044.25,1.752
2026-01-01 11:33:00,622.54,1506.73,907.51,29.32,2599.28,9962.4,1.509
2026-01-01 11:34:00,622.61,1513.29,915.21,29.86,2573.49,10006.3,1.639
2026-01-01 11:35:00,621.19,1512.87,913.42,29.92,2594.25,10017.22,1.699
2026-01-01 11:36:00,617.77,1504.29,910.48,29.2,2604.46,9966.21,1.605
2026-01-01 11:37:00,617.68,1512.21,918.37,30.0,2590.26,10004.38,1.752
2026-01-01 11:38:00,624.94,1510.2,912.12,29.93,2590.5,9981.41,1.626
2026-01-01 11:39:00,624.25,1507.71,916.97,30.09,2592.72,10020.48,1.686
2026-01-01 11:40:00,624.63,1515.3,912.51,31.07,2593.28,10072.13,1.81
2026-01-01 11:41:00,622.76,1520.28,914.9,30.37,2609.01,10033.96,1.707
2026-01-01 11:42:00,620.83,1513.85,915.68,30.18,2582.24,10002.43,1.638
2026-01-01 11:43:00,618.28,1511.56,914.51,30.2,2582.3,10029.96,1.628
2026-01-01 11:44:00,620.97,1519.55,919.16,30.59,2587.81,10039.63,1.659
2026-01-01 11:45:00,620.51,1509.9,910.36,30.39,2603.87,10027.02,1.688
2026-01-01 11:46:00,620.52,1516.14,911.46,30.8,2585.61,10034.43,1.605
2026-01-01 11:47:00,623.49,1514.1,915.62,30.67,2593.9,10040.35,1.777
2026-01-01 11:48:00,626.38,1512.43,912.61,30.82,2599.68,10057.22,1.871
2026-01-01 11:49:00,622.84,1511.48,918.77,30.0,2596.22,10028.21,1.662
2026-01-01 11:50:00,620.47,1511.48,917.83,29.91,2597.15,10002.98,1.503
2026-01-01 11:51:00,623.67,1503.66,917.99,30.16,2601.3,10027.47,1.723
2026-01-01 11:52:00,617.03,1508.91,904.56,29.69,2591.06,9992.33,1.64
2026-01-01 11:53:00,622.59,1515.7,913.38,30.72,2587.33,10054.06,1.737
2026-01-01 11:54:00,620.0,1517.55,916.35,30.18,2590.44,10009.59,1.643
2026-01-01 11:55:00,620.61,1508.73,911.05,29.75,2585.24,9975.99,1.694
2026-01-01 11:56:00,618.95,1503.91,910.04,29.87,2607.75,9966.26,1.553
2026-01-01 11:57:00,622.81,1510.55,918.39,30.78,2586.57,10050.02,1.714
2026-01-01 11:58:00,622.91,1507.83,916.19,29.99,2593.62,10022.2,1.682
2026-01-01 11:59:00,621.98,1500.65,913.47,29.82,2576.22,9983.04,1.656
2026-01-01 12:00:00,626.75,1509.43,909.18,29.93,2589.31,9983.61,1.687
2026-01-01 12:01:00,625.43,1510.1,912.91,30.62,2587.5,10023.4,1.731
2026-01-01 12:02:00,617.23,1499.49,909.87,29.74,2593.65,9983.54,1.534
2026-01-01 12:03:00,617.53,1503.91,904.11,29.78,2593.96,9986.07,1.69
2026-01-01 12:04:00,620.9,1508.12,916.46,30.13,2599.82,9989.68,1.644
2026-01-01 12:05:00,627.68,1509.17,917.12,31.02,2602.43,10073.15,1.686
2026-01-01 12:06:00,624.11,1509.76,911.93,30.2,2590.12,10045.41,1.7
2026-01-01 12:07:00,620.96,1515.58,913.44,29.89,2582.36,10026.32,1.68
2026-01-01 12:08:00,620.57,1511.07,914.39,30.19,2581.49,9980.02,1.629
2026-01-01 12:09:00,619.97,1505.07,906.96,29.19,2590.19,9971.24,1.474
2026-01-01 12:10:00,624.65,1520.04,908.35,30.12,2590.64,10012.52,1.66
2026-01-01 12:11:00,622.06,1512.44,910.21,30.01,2590.34,9984.35,1.609
2026-01-01 12:12:00,622.74,1511.59,915.08,29.49,2584.42,9995.26,1.662
2026-01-01 12:13:00,617.82,1513.39,917.31,29.37,2599.35,9973.3,1.612
2026-01-01 12:14:00,623.49,1508.06,917.11,30.03,2578.11,10025.78,1.83
2026-01-01 12:15:00,617.77,1505.33,911.81,30.21,2583.48,9982.41,1.608
2026-01-01 12:16:00,622.47,1515.51,915.26,31.16,2582.18,10049.16,1.558
2026-01-01 12:17:00,620.86,1513.84,915.45,29.93,2587.56,10008.85,1.638
2026-01-01 12:18:00,616.53,1506.55,909.66,29.97,2598.35,9986.82,1.592
2026-01-01 12:19:00,618.39,1503.91,901.63,29.28,2584.23,9939.43,1.606
2026-01-01 12:20:00,622.39,1520.12,913.67,29.91,2589.65,9998.59,1.601
2026-01-01 12:21:00,616.67,1506.86,917.32,30.19,2595.95,10045.0,1.727
2026-01-01 12:22:00,618.35,1502.75,915.62,30.48,2585.93,9992.98,1.631
2026-01-01 12:23:00,616.39,1499.61,909.3,28.72,2589.52,9937.42,1.616
2026-01-01 12:24:00,623.78,1512.81,915.62,29.95,2590.59,9992.25,1.75
2026-01-01 12:25:00,618.89,1512.66,916.75,29.87,2579.95,10002.8,1.646
2026-01-01 12:26:00,628.2,1519.06,914.8,30.71,2586.52,10034.59,1.561
2026-01-01 12:27:00,623.32,1510.5,909.04,30.29,2591.98,10006.46,1.605
2026-01-01 12:28:00,618.92,1505.75,914.41,29.45,2598.27,9977.47,1.51
2026-01-01 12:29:00,617.62,1506.42,915.36,29.04,2596.89,9942.14,1.545
2026-01-01 12:30:00,618.55,1508.07,910.45,29.37,2604.94,9981.63,1.342
2026-01-01 12:31:00,620.36,1507.3,914.54,29.95,2592.49,9992.64,1.7
2026-01-01 12:32:00,616.32,1505.49,909.77,29.66,2584.07,9960.98,1.488
2026-01-01 12:33:00,623.15,1516.17,911.85,30.31,2589.62,10031.94,1.723
2026-01-01 12:34:00,620.22,1517.23,915.48,30.15,2588.59,10015.77,1.601
2026-01-01 12:35:00,623.56,1510.93,912.13,30.53,2585.79,10004.21,1.621
2026-01-01 12:36:00,618.65,1503.44,910.57,30.02,2591.34,9984.34,1.756
2026-01-01 12:37:00,620.02,1505.38,914.27,30.17,2591.86,9987.93,1.604
2026-01-01 12:38:00,620.16,1512.35,910.59,29.57,2579.88,10009.88,1.569
2026-01-01 12:39:00,618.64,1514.41,908.1,30.06,2597.37,9994.25,1.594
2026-01-01 12:40:00,622.48,1503.31,912.35,30.27,2574.81,10015.8,1.553
2026-01-01 12:41:00,617.45,1510.58,916.96,29.49,2586.55,9985.61,1.695
2026-01-01 12:42:00,622.97,1507.72,908.94,29.64,2597.81,9993.04,1.677
2026-01-01 12:43:00,620.92,1507.06,914.34,29.88,2593.55,9994.97,1.611
2026-01-01 12:44:00,618.8,1509.03,913.24,29.39,2585.23,9979.35,1.683
2026-01-01 12:45:00,617.73,1498.18,905.04,29.01,2602.32,9940.36,1.639
2026-01-01 12:46:00,620.35,1506.88,908.21,29.7,2584.83,9986.27,1.606
2026-01-01 12:47:00,615.62,1501.33,911.04,30.09,2572.71,9995.86,1.655
2026-01-01 12:48:00,620.21,1505.87,907.51,29.15,2590.54,9949.29,1.579
2026-01-01 12:49:00,615.68,1510.08,912.53,29.71,2574.14,9986.73,1.575
2026-01-01 12:50:00,624.67,1508.07,915.49,30.69,2583.53,10033.2,1.463
2026-01-01 12:51:00,620.86,1510.92,918.07,29.6,2593.99,10003.04,1.619
2026-01-01 12:52:00,621.81,1501.9,914.41,30.17,2585.55,10009.0,1.645
2026-01-01 12:53:00,624.74,1510.23,913.42,30.45,2594.56,10026.39,1.549
2026-01-01 12:54:00,617.74,1510.63,899.87,29.62,2578.22,9963.84,1.676
2026-01-01 12:55:00,618.13,1504.46,909.65,29.69,2595.21,9986.05,1.609
2026-01-01 12:56:00,617.61,1494.14,904.43,28.87,2572.81,9934.42,1.619
2026-01-01 12:57:00,616.46,1503.49,910.04,30.09,2598.6,9978.36,1.642
2026-01-01 12:58:00,617.84,1506.97,908.79,29.51,2584.29,9979.6,1.612
2026-01-01 12:59:00,615.26,1498.83,905.82,29.09,2599.3,9952.67,1.553
2026-01-01 13:00:00,615.41,1505.87,912.68,29.72,2581.33,9978.66,1.563
2026-01-01 13:01:00,617.09,1500.28,908.64,29.35,2602.92,9964.9,1.473
2026-01-01 13:02:00,623.29,1508.25,912.57,30.86,2582.99,10045.3,1.793
2026-01-01 13:03:00,621.52,1508.82,912.75,29.67,2573.76,9980.12,1.647
2026-01-01 13:04:00,617.81,1509.24,906.14,29.5,2586.88,9939.53,1.511
2026-01-01 13:05:00,618.76,1502.03,908.75,29.41,2596.71,9947.34,1.64
2026-01-01 13:06:00,617.44,1502.84,905.14,29.7,2594.63,9984.99,1.532
2026-01-01 13:07:00,613.33,1506.03,910.5,29.68,2596.44,9955.03,1.649
2026-01-01 13:08:00,613.64,1498.66,907.32,29.0,2592.91,9936.69,1.621
2026-01-01 13:09:00,620.11,1504.11,914.82,29.23,2580.29,9947.75,1.543
2026-01-01 13:10:00,619.64,1496.22,902.33,29.26,2592.46,9934.05,1.458
2026-01-01 13:11:00,613.59,1497.14,908.96,28.95,2586.37,9916.16,1.531
2026-01-01 13:12:00,621.47,1501.24,904.6,29.52,2582.3,9976.55,1.626
2026-01-01 13:13:00,615.41,1496.39,906.54,29.14,2588.94,9964.38,1.483
2026-01-01 13:14:00,613.36,1491.19,898.23,28.93,2585.3,9919.33,1.517
2026-01-01 13:15:00,617.13,1502.74,908.47,29.25,2598.55,9957.07,1.707
2026-01-01 13:16:00,618.6,1507.3,911.47,29.63,2583.67,9971.67,1.609
2026-01-01 13:17:00,617.6,1508.27,909.76,29.32,2582.72,9956.94,1.814
2026-01-01 13:18:00,619.54,1506.98,904.03,29.21,2581.51,9954.08,1.635
2026-01-01 13:19:00,619.43,1500.22,906.74,29.91,2603.99,9998.22,1.621
2026-01-01 13:20:00,612.3,1490.27,906.72,29.36,2581.92,9953.02,1.528
2026-01-01 13:21:00,615.79,1492.0,902.99,29.44,2597.1,9944.47,1.501
2026-01-01 13:22:00,620.26,1506.31,908.72,29.41,2578.61,9947.77,1.608
2026-01-01 13:23:00,616.82,1498.56,912.06,29.97,2591.31,9958.11,1.565
2026-01-01 13:24:00,617.98,1504.94,909.03,29.59,2589.7,9966.78,1.585
2026-01-01 13:25:00,616.85,1504.64,907.01,29.22,2596.97,9954.08,1.616
2026-01-01 13:26:00,621.83,1494.04,907.25,29.09,2595.05,9934.61,1.531
2026-01-01 13:27:00,618.62,1496.58,910.42,29.29,2587.05,9935.9,1.655
2026-01-01 13:28:00,615.67,1504.77,908.46,29.59,2582.65,9950.07,1.62
2026-01-01 13:29:00,620.21,1500.5,903.53,29.48,2599.36,9935.04,1.539
2026-01-01 13:30:00,615.18,1497.76,911.14,28.87,2581.23,9934.06,1.604
2026-01-01 13:31:00,615.42,1492.69,904.93,29.53,2568.42,9940.25,1.407
2026-01-01 13:32:00,614.52,1499.25,907.23,29.19,2571.67,9939.65,1.621
2026-01-01 13:33:00,611.22,1499.5,902.34,28.85,2573.27,9930.5,1.613
2026-01-01 13:34:00,614.11,1496.73,906.31,29.05,2591.0,9931.62,1.42
2026-01-01 13:35:00,616.05,1498.48,902.0,29.68,2604.79,9953.27,1.453
2026-01-01 13:36:00,616.91,1501.41,902.85,29.23,2569.98,9933.36,1.561
2026-01-01 13:37:00,618.53,1498.66,909.41,28.83,2580.08,9934.51,1.536
2026-01-01 13:38:00,616.58,1497.99,907.96,28.85,2587.11,9936.02,1.584
2026-01-01 13:39:00,611.96,1494.76,902.15,28.28,2597.08,9892.64,1.559
2026-01-01 13:40:00,613.86,1501.82,905.21,28.52,2578.75,9901.29,1.684
2026-01-01 13:41:00,622.69,1503.2,912.04,29.6,2592.38,9968.32,1.585
2026-01-01 13:42:00,615.81,1490.24,905.31,28.65,2583.74,9919.16,1.624
2026-01-01 13:43:00,616.12,1492.19,903.98,28.09,2604.4,9862.57,1.496
2026-01-01 13:44:00,617.39,1489.58,898.93,28.94,2585.87,9892.76,1.586
2026-01-01 13:45:00,614.47,1500.23,904.46,29.68,2589.6,9945.1,1.562
2026-01-01 13:46:00,618.11,1489.68,912.33,29.14,2585.87,9905.1,1.459
2026-01-01 13:47:00,613.5,1497.32,904.94,28.55,2582.63,9924.3,1.53
2026-01-01 13:48:00,620.56,1501.2,907.62,30.21,2595.88,9984.3,1.657
2026-01-01 13:49:00,613.38,1483.38,900.75,28.37,2574.71,9873.88,1.449
2026-01-01 13:50:00,611.19,1493.94,907.73,28.84,2569.39,9910.48,1.575
2026-01-01 13:51:00,619.42,1502.04,906.58,29.93,2586.74,9975.67,1.646
2026-01-01 13:52:00,611.65,1488.49,896.12,28.72,2591.11,9889.32,1.58
2026-01-01 13:53:00,614.16,1483.63,904.21,28.58,2581.45,9928.15,1.642
2026-01-01 13:54:00,612.68,1489.26,904.23,28.5,2586.4,9897.76,1.722
2026-01-01 13:55:00,616.3,1488.44,898.6,28.64,2575.36,9903.22,1.461
2026-01-01 13:56:00,613.24,1495.47,905.9,28.47,2593.85,9908.88,1.537
2026-01-01 13:57:00,614.68,1497.21,909.9,29.7,2592.49,9958.37,1.602
2026-01-01 13:58:00,616.51,1503.42,912.65,29.81,2587.45,9958.95,1.566
2026-01-01 13:59:00,614.25,1491.19,901.59,28.83,2586.79,9911.25,1.663
2026-01-01 14:00:00,619.57,1506.57,910.86,29.41,2575.8,9950.05,1.699
2026-01-01 14:01:00,618.31,1497.7,907.23,29.07,2575.36,9929.48,1.763
2026-01-01 14:02:00,619.47,1501.45,913.73,29.56,2586.56,9965.29,1.601
2026-01-01 14:03:00,616.46,1496.06,907.73,28.88,2588.85,9893.39,1.464
2026-01-01 14:04:00,617.18,1498.52,908.77,28.73,2590.96,9937.22,1.571
2026-01-01 14:05:00,617.72,1497.27,906.51,29.13,2583.05,9924.62,1.503
2026-01-01 14:06:00,623.0,1508.21,910.83,29.95,2594.72,9996.52,1.704
2026-01-01 14:07:00,622.67,1490.22,910.81,29.15,2598.27,9949.01,1.66
2026-01-01 14:08:00,615.71,1490.52,899.7,28.62,2584.46,9904.38,1.627
2026-01-01 14:09:00,617.23,1495.8,911.71,29.88,2589.67,9956.48,1.772
2026-01-01 14:10:00,613.04,1497.88,906.52,28.38,2583.41,9901.98,1.564
2026-01-01 14:11:00,614.71,1491.55,902.8,28.88,2584.7,9918.14,1.524
2026-01-01 14:12:00,619.15,1495.65,902.05,29.58,2587.81,9937.35,1.587
2026-01-01 14:13:00,611.68,1497.19,904.62,28.65,2599.46,9921.38,1.5
2026-01-01 14:14:00,618.24,1489.63,903.41,28.9,2593.3,9925.09,1.526
2026-01-01 14:15:00,613.53,1494.26,899.92,29.09,2592.79,9930.62,1.586
2026-01-01 14:16:00,614.52,1487.82,903.6,29.18,2582.53,9929.9,1.624
2026-01-01 14:17:00,616.51,1493.06,908.16,28.85,2578.35,9913.89,1.506
2026-01-01 14:18:00,609.83,1484.96,900.17,27.86,2586.31,9853.56,1.423
2026-01-01 14:19:00,616.67,1502.49,905.14,29.11,2595.89,9924.25,1.638
2026-01-01 14:20:00,609.79,1489.66,897.47,28.31,2597.75,9873.37,1.472
2026-01-01 14:21:00,614.03,1484.84,900.56,28.29,2563.72,9857.28,1.543
2026-01-01 14:22:00,614.64,1493.03,908.81,28.58,2603.55,9873.7,1.634
2026-01-01 14:23:00,614.33,1499.74,904.46,28.12,2587.76,9885.14,1.616
2026-01-01 14:24:00,613.66,1482.76,901.49,29.19,2593.0,9918.84,1.624
2026-01-01 14:25:00,615.47,1499.74,908.12,28.82,2571.67,9915.15,1.661
2026-01-01 14:26:00,612.88,1489.81,904.83,28.9,2583.13,9900.74,1.582
2026-01-01 14:27:00,612.81,1491.27,907.17,28.81,2591.58,9900.03,1.474
2026-01-01 14:28:00,612.25,1489.73,903.62,29.0,2575.15,9888.32,1.751
2026-01-01 14:29:00,609.42,1498.63,898.78,28.41,2561.07,9878.83,1.582
2026-01-01 14:30:00,617.76,1496.91,907.34,28.7,2588.02,9908.58,1.607
2026-01-01 14:31:00,609.21,1484.89,900.3,28.63,2584.81,9905.37,1.581
2026-01-01 14:32:00,619.06,1495.62,903.65,28.96,2598.14,9941.28,1.458
2026-01-01 14:33:00,613.24,1497.9,900.8,28.96,2583.94,9905.52,1.497
2026-01-01 14:34:00,613.53,1487.47,900.99,27.59,2581.84,9836.62,1.648
2026-01-01 14:35:00,612.93,1486.04,902.03,28.08,2588.14,9837.26,1.363
2026-01-01 14:36:00,615.99,1487.1,901.38,28.43,2592.68,9884.91,1.542
2026-01-01 14:37:00,613.3,1500.67,904.8,28.39,2579.77,9911.24,1.593
2026-01-01 14:38:00,610.36,1494.69,906.37,29.3,2593.28,9918.74,1.549
2026-01-01 14:39:00,612.97,1499.05,904.28,27.82,2580.76,9898.38,1.724
2026-01-01 14:40:00,613.03,1494.03,903.69,28.62,2584.99,9896.36,1.437
2026-01-01 14:41:00,614.74,1495.43,904.76,29.28,2591.95,9940.85,1.536
2026-01-01 14:42:00,608.39,1484.92,898.66,27.5,2589.93,9852.91,1.554
2026-01-01 14:43:00,610.59,1491.11,902.73,28.36,2586.24,9866.29,1.57
2026-01-01 14:44:00,604.09,1493.39,903.98,28.18,2575.33,9873.73,1.552
2026-01-01 14:45:00,612.95,1496.73,903.94,28.45,2569.51,9886.41,1.575
2026-01-01 14:46:00,615.6,1505.17,904.26,29.18,2583.97,9912.15,1.521
2026-01-01 14:47:00,610.44,1490.16,903.33,28.33,2591.61,9870.14,1.514
2026-01-01 14:48:00,608.16,1479.17,894.54,27.97,2586.72,9851.81,1.444
2026-01-01 14:49:00,610.55,1485.64,902.72,28.35,2586.07,9877.81,1.579
2026-01-01 14:50:00,614.11,1491.06,904.23,28.75,2583.82,9871.12,1.406
2026-01-01 14:51:00,614.64,1487.73,902.85,28.42,2586.36,9871.39,1.433
2026-01-01 14:52:00,612.98,1489.06,900.35,28.07,2575.86,9869.4,1.611
2026-01-01 14:53:00,612.86,1491.71,901.99,28.41,2590.8,9888.56,1.508
2026-01-01 14:54:00,613.19,1491.39,896.52,28.02,2590.65,9871.28,1.735
2026-01-01 14:55:00,619.07,1495.06,902.39,28.7,2582.55,9910.16,1.534
2026-01-01 14:56:00,612.85,1488.72,903.04,28.77,2587.56,9875.82,1.509
2026-01-01 14:57:00,611.89,1489.59,898.05,28.11,2569.65,9858.49,1.638
2026-01-01 14:58:00,616.16,1495.13,910.43,28.26,2586.18,9893.33,1.637
2026-01-01 14:59:00,610.13,1482.32,897.3,28.08,2581.78,9844.46,1.508
2026-01-01 15:00:00,611.11,1484.2,900.19,28.43,2594.61,9888.11,1.547
2026-01-01 15:01:00,613.86,1486.21,903.3,28.55,2582.59,9878.79,1.628
2026-01-01 15:02:00,612.68,1491.17,902.83,28.5,2591.57,9890.27,1.573
2026-01-01 15:03:00,614.62,1492.93,909.55,28.96,2581.61,9893.37,1.532
2026-01-01 15:04:00,612.72,1488.39,899.77,28.33,2566.32,9889.92,1.542
2026-01-01 15:05:00,611.35,1497.23,903.73,28.81,2584.45,9932.16,1.746
2026-01-01 15:06:00,610.61,1488.95,899.56,28.71,2585.95,9883.86,1.527
2026-01-01 15:07:00,607.93,1486.51,902.56,27.66,2584.64,9859.78,1.509
2026-01-01 15:08:00,610.44,1494.36,906.79,28.25,2585.16,9870.06,1.539
2026-01-01 15:09:00,610.01,1485.09,897.5,28.1,2578.57,9838.9,1.525
2026-01-01 15:10:00,608.63,1482.1,899.51,27.42,2580.25,9844.37,1.464
2026-01-01 15:11:00,617.01,1491.84,906.58,28.48,2575.33,9883.17,1.679
2026-01-01 15:12:00,614.18,1493.96,904.94,28.32,2569.05,9900.62,1.535
2026-01-01 15:13:00,609.02,1477.49,898.33,27.61,2582.3,9852.56,1.57
2026-01-01 15:14:00,609.36,1489.69,900.03,28.53,2579.37,9908.53,1.702
2026-01-01 15:15:00,612.5,1493.25,901.88,28.22,2592.37,9867.43,1.514
2026-01-01 15:16:00,613.57,1492.2,906.95,28.55,2567.67,9903.32,1.599
2026-01-01 15:17:00,611.23,1491.15,897.88,29.02,2587.5,9904.31,1.47
2026-01-01 15:18:00,620.55,1491.19,904.75,28.75,2602.12,9903.73,1.506
2026-01-01 15:19:00,604.51,1484.96,895.86,27.47,2580.25,9815.46,1.516
2026-01-01 15:20:00,611.39,1487.28,898.15,27.78,2583.23,9855.03,1.501
2026-01-01 15:21:00,609.97,1477.7,897.63,27.53,2584.75,9805.76,1.559
2026-01-01 15:22:00,611.31,1491.54,903.84,28.67,2587.45,9859.15,1.495
2026-01-01 15:23:00,605.87,1489.07,901.25,28.16,2580.69,9873.09,1.525
2026-01-01 15:24:00,611.27,1487.19,903.6,27.99,2575.29,9857.71,1.485
2026-01-01 15:25:00,615.27,1487.71,902.52,28.53,2590.54,9908.12,1.661
2026-01-01 15:26:00,613.07,1490.77,895.36,28.08,2567.03,9830.36,1.5
2026-01-01 15:27:00,613.46,1485.23,902.19,28.33,2589.88,9854.37,1.481
2026-01-01 15:28:00,614.16,1485.33,900.13,28.32,2581.11,9880.67,1.482
2026-01-01 15:29:00,606.49,1485.57,899.33,28.26,2584.21,9878.97,1.463
2026-01-01 15:30:00,610.86,1481.74,894.67,27.78,2578.78,9848.08,1.583
2026-01-01 15:31:00,618.43,1489.15,904.12,28.2,2595.21,9868.2,1.536
2026-01-01 15:32:00,616.0,1492.61,894.21,28.86,2586.76,9893.93,1.797
2026-01-01 15:33:00,610.5,1493.99,906.22,28.53,2581.94,9887.51,1.513
2026-01-01 15:34:00,612.05,1487.53,903.09,28.27,2579.98,9842.79,1.4
2026-01-01 15:35:00,609.65,1486.37,903.48,28.2,2582.91,9876.7,1.532
2026-01-01 15:36:00,608.2,1488.49,897.6,27.4,2602.05,9845.42,1.707
2026-01-01 15:37:00,616.05,1487.4,893.27,28.96,2573.33,9870.74,1.572
2026-01-01 15:38:00,615.16,1486.74,897.49,28.73,2593.63,9899.19,1.559
2026-01-01 15:39:00,608.8,1491.87,899.6,28.37,2588.01,9860.5,1.494
2026-01-01 15:40:00,609.54,1488.99,906.17,28.08,2596.09,9868.49,1.516
2026-01-01 15:41:00,612.57,1492.48,904.93,28.08,2589.23,9879.32,1.646
2026-01-01 15:42:00,611.2,1488.33,900.6,28.36,2583.94,9872.08,1.478
2026-01-01 15:43:00,613.82,1488.57,900.83,28.02,2592.65,9886.77,1.558
2026-01-01 15:44:00,609.52,1482.05,901.02,28.07,2585.19,9857.72,1.546
2026-01-01 15:45:00,609.41,1482.87,901.7,27.74,2587.4,9806.42,1.5
2026-01-01 15:46:00,609.51,1480.96,901.55,28.61,2595.85,9885.26,1.53
2026-01-01 15:47:00,604.97,1476.24,889.25,27.39,2581.62,9793.93,1.374
2026-01-01 15:48:00,613.25,1481.19,904.97,28.42,2579.5,9845.79,1.543
2026-01-01 15:49:00,605.34,1470.74,893.2,27.21,2575.1,9777.95,1.458
2026-01-01 15:50:00,606.09,1482.32,894.44,27.05,2585.1,9809.9,1.6
2026-01-01 15:51:00,614.34,1486.68,901.76,28.16,2576.5,9862.09,1.524
2026-01-01 15:52:00,614.18,1487.47,904.36,28.61,2580.53,9857.03,1.53
2026-01-01 15:53:00,608.7,1483.13,898.23,27.79,2574.8,9836.81,1.532
2026-01-01 15:54:00,608.79,1485.08,899.35,28.21,2586.23,9827.14,1.551
2026-01-01 15:55:00,617.36,1495.04,907.17,28.58,2577.9,9872.24,1.401
2026-01-01 15:56:00,613.78,1486.0,896.58,28.07,2573.18,9860.73,1.562
2026-01-01 15:57:00,610.58,1495.5,901.54,28.49,2576.35,9906.09,1.434
2026-01-01 15:58:00,613.51,1477.6,898.12,28.15,2578.57,9852.26,1.501
2026-01-01 15:59:00,615.5,1487.93,902.92,28.67,2580.16,9874.28,1.598
2026-01-01 16:00:00,614.86,1498.1,905.89,28.06,2586.33,9882.48,1.718
2026-01-01 16:01:00,609.5,1488.34,900.19,28.06,2581.74,9849.4,1.449
2026-01-01 16:02:00,607.84,1485.22,894.64,27.32,2585.37,9833.4,1.451
2026-01-01 16:03:00,614.47,1481.99,904.45,27.66,2585.75,9826.71,1.378
2026-01-01 16:04:00,612.38,1484.63,895.75,27.68,2589.16,9854.52,1.474
2026-01-01 16:05:00,609.37,1482.05,894.9,27.64,2566.14,9807.57,1.683
2026-01-01 16:06:00,615.69,1485.73,896.56,27.97,2574.35,9857.95,1.408
2026-01-01 16:07:00,606.49,1485.22,900.76,28.22,2587.15,9841.25,1.274
2026-01-01 16:08:00,611.59,1483.8,900.67,28.28,2585.87,9878.88,1.621
2026-01-01 16:09:00,610.75,1481.69,904.15,27.58,2589.97,9826.81,1.582
2026-01-01 16:10:00,609.18,1478.41,900.88,27.52,2570.37,9841.36,1.527
2026-01-01 16:11:00,605.38,1485.25,896.04,27.87,2578.44,9829.11,1.525
2026-01-01 16:12:00,613.02,1484.67,898.57,28.21,2580.83,9853.74,1.595
2026-01-01 16:13:00,609.28,1486.07,898.76,28.0,2583.56,9828.64,1.579
2026-01-01 16:14:00,606.46,1477.9,900.92,27.58,2581.44,9801.08,1.414
2026-01-01 16:15:00,607.39,1477.06,899.18,28.02,2586.44,9840.66,1.423
2026-01-01 16:16:00,611.33,1488.56,896.57,28.57,2583.29,9879.5,1.47
2026-01-01 16:17:00,609.0,1487.13,899.54,27.98,2593.33,9831.88,1.455
2026-01-01 16:18:00,609.98,1485.08,895.53,27.62,2594.61,9799.09,1.553
2026-01-01 16:19:00,613.63,1492.11,895.96,27.54,2573.75,9840.76,1.607
2026-01-01 16:20:00,610.07,1483.99,897.32,28.05,2583.81,9860.14,1.509
2026-01-01 16:21:00,605.8,1473.45,894.73,27.04,2587.64,9803.77,1.52
2026-01-01 16:22:00,609.95,1488.42,892.58,28.43,2588.67,9874.02,1.54
2026-01-01 16:23:00,608.87,1491.86,900.97,28.57,2580.18,9859.85,1.47
2026-01-01 16:24:00,610.39,1486.99,899.73,28.32,2585.27,9854.49,1.463
2026-01-01 16:25:00,608.51,1486.13,899.25,27.74,2569.95,9838.63,1.527
2026-01-01 16:26:00,612.71,1475.91,895.61,27.59,2581.15,9804.84,1.559
2026-01-01 16:27:00,610.64,1487.41,898.62,28.18,2571.54,9854.22,1.566
2026-01-01 16:28:00,607.87,1484.82,894.5,27.85,2586.36,9830.43,1.5
2026-01-01 16:29:00,610.65,1482.88,895.52,27.38,2573.12,9824.09,1.623
2026-01-01 16:30:00,608.09,1482.48,898.06,28.61,2585.08,9868.43,1.668
2026-01-01 16:31:00,610.4,1485.18,903.59,28.4,2587.57,9900.54,1.446
2026-01-01 16:32:00,613.75,1489.93,899.17,28.43,2585.11,9887.24,1.462
2026-01-01 16:33:00,612.19,1492.62,899.63,28.8,2579.57,9890.4,1.443
2026-01-01 16:34:00,612.03,1486.58,898.21,27.92,2581.3,9848.06,1.601
2026-01-01 16:35:00,603.35,1483.08,894.54,28.26,2593.12,9865.79,1.519
2026-01-01 16:36:00,612.9,1478.88,898.63,28.07,2579.66,9850.02,1.535
2026-01-01 16:37:00,608.38,1489.02,898.62,27.93,2582.85,9840.26,1.572
2026-01-01 16:38:00,606.81,1488.63,899.01,27.94,2578.22,9840.26,1.522
2026-01-01 16:39:00,606.58,1486.77,901.06,28.32,2591.91,9867.83,1.491
2026-01-01 16:40:00,607.98,1481.14,895.76,28.06,2583.68,9850.04,1.442
2026-01-01 16:41:00,612.18,1479.01,893.27,27.48,2575.92,9823.66,1.493
2026-01-01 16:42:00,611.15,1485.12,895.81,27.55,2582.81,9842.2,1.589
2026-01-01 16:43:00,614.57,1487.51,900.08,28.23,2580.95,9845.48,1.392
2026-01-01 16:44:00,609.11,1481.22,897.21,28.32,2594.27,9851.79,1.493
2026-01-01 16:45:00,610.21,1492.97,895.45,28.27,2583.15,9861.56,1.384
2026-01-01 16:46:00,606.54,1479.26,906.15,28.3,2572.54,9864.13,1.614
2026-01-01 16:47:00,604.75,1478.92,894.81,27.56,2586.29,9830.63,1.384
2026-01-01 16:48:00,610.23,1483.27,895.67,27.64,2597.97,9866.2,1.413
2026-01-01 16:49:00,606.5,1484.54,896.71,27.76,2591.96,9832.77,1.585
2026-01-01 16:50:00,605.03,1482.44,897.85,27.06,2572.68,9810.17,1.451
2026-01-01 16:51:00,611.82,1491.42,902.83,28.42,2581.9,9875.69,1.404
2026-01-01 16:52:00,611.57,1481.16,902.18,27.78,2581.04,9804.36,1.541
2026-01-01 16:53:00,606.43,1470.89,891.23,27.29,2581.1,9803.46,1.508
2026-01-01 16:54:00,604.03,1482.3,894.68,27.16,2583.85,9792.01,1.646
2026-01-01 16:55:00,602.9,1473.99,898.66,27.21,2578.54,9804.65,1.401
2026-01-01 16:56:00,609.56,1481.0,894.81,27.89,2575.23,9837.19,1.442
2026-01-01 16:57:00,607.11,1481.01,900.7,27.62,2589.41,9817.57,1.449
2026-01-01 16:58:00,608.85,1477.8,897.17,27.5,2573.21,9828.02,1.594
2026-01-01 16:59:00,609.66,1481.36,896.75,28.27,2576.66,9850.51,1.373
2026-01-01 17:00:00,609.51,1487.13,893.36,28.46,2573.25,9830.26,1.487
2026-01-01 17:01:00,612.63,1489.26,900.01,28.34,2587.96,9850.29,1.55
2026-01-01 17:02:00,612.4,1483.45,903.05,27.78,2583.22,9832.34,1.611
2026-01-01 17:03:00,611.03,1477.41,900.08,28.43,2591.4,9882.85,1.483
2026-01-01 17:04:00,603.22,1475.19,894.24,27.03,2574.1,9781.3,1.505
2026-01-01 17:05:00,607.03,1477.89,897.66,27.36,2571.36,9807.01,1.448
2026-01-01 17:06:00,607.21,1475.18,895.62,27.21,2576.24,9766.03,1.373
2026-01-01 17:07:00,612.31,1483.36,901.39,28.3,2581.63,9850.99,1.52
2026-01-01 17:08:00,605.79,1474.42,888.95,27.45,2583.81,9826.46,1.489
2026-01-01 17:09:00,614.57,1484.37,898.94,27.97,2569.1,9837.15,1.559
2026-01-01 17:10:00,609.03,1488.94,898.34,28.62,2587.8,9873.63,1.703
2026-01-01 17:11:00,610.96,1482.29,898.58,27.7,2575.15,9830.76,1.55
2026-01-01 17:12:00,615.08,1475.57,895.26,27.73,2577.09,9829.73,1.514
2026-01-01 17:13:00,605.77,1486.33,899.94,28.31,2592.73,9857.43,1.577
2026-01-01 17:14:00,609.27,1473.14,897.36,27.87,2564.54,9823.02,1.45
2026-01-01 17:15:00,608.1,1482.74,891.75,28.37,2586.31,9867.3,1.603
2026-01-01 17:16:00,611.67,1483.34,893.13,27.83,2584.79,9829.02,1.46
2026-01-01 17:17:00,606.37,1481.33,898.52,27.57,2574.77,9805.4,1.523
2026-01-01 17:18:00,604.03,1483.85,896.74,27.92,2579.34,9846.38,1.507
2026-01-01 17:19:00,608.11,1486.21,904.09,28.16,2594.03,9880.9,1.528
2026-01-01 17:20:00,608.08,1483.44,897.89,27.45,2598.16,9834.62,1.644
2026-01-01 17:21:00,613.85,1488.13,894.2,28.49,2592.47,9873.11,1.473
2026-01-01 17:22:00,611.01,1486.96,896.55,27.88,2597.56,9835.11,1.556
2026-01-01 17:23:00,612.65,1484.29,898.34,27.8,2576.45,9822.38,1.474
2026-01-01 17:24:00,606.26,1471.75,894.37,27.18,2568.44,9799.23,1.565
2026-01-01 17:25:00,605.88,1478.56,894.96,27.39,2580.59,9797.44,1.386
2026-01-01 17:26:00,608.71,1480.55,892.85,27.92,2589.07,9839.16,1.493
2026-01-01 17:27:00,608.74,1485.78,899.58,28.22,2567.79,9838.9,1.446
2026-01-01 17:28:00,609.93,1477.49,895.29,27.67,2573.89,9804.79,1.622
2026-01-01 17:29:00,605.97,1485.97,900.56,27.87,2576.59,9851.38,1.632
2026-01-01 17:30:00,608.78,1472.84,894.44,27.2,2582.97,9774.39,1.42
2026-01-01 17:31:00,611.4,1488.58,894.97,27.53,2583.9,9824.91,1.418
2026-01-01 17:32:00,609.81,1483.99,897.95,26.94,2575.5,9815.08,1.468
2026-01-01 17:33:00,615.14,1487.03,903.76,28.9,2585.78,9883.05,1.616
2026-01-01 17:34:00,604.73,1481.5,894.25,27.14,2571.44,9786.82,1.508
2026-01-01 17:35:00,609.11,1482.49,904.19,28.35,2579.81,9854.32,1.501
2026-01-01 17:36:00,609.82,1481.91,894.33,27.69,2572.37,9835.43,1.61
2026-01-01 17:37:00,607.57,1483.32,900.88,27.73,2581.52,9841.53,1.551
2026-01-01 17:38:00,609.62,1480.08,893.85,27.62,2575.79,9827.79,1.446
2026-01-01 17:39:00,610.17,1482.48,900.17,28.03,2588.36,9844.38,1.36
2026-01-01 17:40:00,608.22,1480.91,890.73,27.59,2581.34,9811.34,1.668
2026-01-01 17:41:00,611.83,1482.5,899.53,28.46,2582.14,9873.09,1.524
2026-01-01 17:42:00,609.45,1480.56,899.07,27.45,2595.79,9813.83,1.315
2026-01-01 17:43:00,610.31,1485.53,898.46,28.02,2586.03,9847.72,1.554
2026-01-01 17:44:00,606.34,1486.49,895.47,27.19,2578.18,9800.33,1.363
2026-01-01 17:45:00,610.58,1486.9,897.86,28.06,2577.32,9822.58,1.615
2026-01-01 17:46:00,607.48,1474.15,887.82,27.45,2572.82,9829.9,1.615
2026-01-01 17:47:00,610.52,1482.32,899.04,27.67,2582.04,9837.47,1.504
2026-01-01 17:48:00,612.52,1483.87,897.45,27.87,2585.32,9844.95,1.439
2026-01-01 17:49:00,608.85,1479.86,899.78,28.5,2567.32,9839.3,1.563
2026-01-01 17:50:00,607.41,1483.82,896.37,27.79,2570.8,9815.51,1.605
2026-01-01 17:51:00,605.16,1476.45,895.45,27.25,2577.17,9804.76,1.493
2026-01-01 17:52:00,607.98,1478.25,893.0,27.77,2572.82,9812.62,1.476
2026-01-01 17:53:00,607.09,1477.47,895.95,27.63,2581.77,9808.14,1.443
2026-01-01 17:54:00,608.36,1469.86,894.94,27.42,2582.43,9796.34,1.467
2026-01-01 17:55:00,609.33,1480.43,893.0,28.26,2582.21,9853.48,1.522
2026-01-01 17:56:00,611.7,1491.59,898.38,27.96,2587.18,9842.95,1.488
2026-01-01 17:57:00,610.59,1497.47,905.2,28.6,2579.93,9890.02,1.484
2026-01-01 17:58:00,606.42,1484.05,896.11,27.44,2582.06,9833.89,1.653
2026-01-01 17:59:00,612.69,1481.64,902.28,28.58,2575.57,9863.9,1.523
2026-01-01 18:00:00,606.9,1477.06,896.44,28.14,2585.99,9866.83,1.502
2026-01-01 18:01:00,608.67,1478.49,900.29,27.34,2582.47,9819.22,1.527
2026-01-01 18:02:00,609.43,1482.76,902.17,27.8,2573.12,9841.11,1.545
2026-01-01 18:03:00,608.39,1478.37,891.86,28.01,2582.08,9856.92,1.532
2026-01-01 18:04:00,610.45,1474.73,899.0,27.29,2581.07,9806.78,1.412
2026-01-01 18:05:00,608.44,1483.2,900.63,27.5,2583.07,9792.47,1.493
2026-01-01 18:06:00,603.2,1478.77,895.35,27.41,2582.93,9781.34,1.498
2026-01-01 18:07:00,607.23,1472.78,893.47,26.94,2575.42,9801.98,1.525
2026-01-01 18:08:00,608.41,1486.37,894.45,27.51,2587.93,9818.36,1.532
2026-01-01 18:09:00,604.69,1483.77,895.45,27.66,2586.43,9829.15,1.533
2026-01-01 18:10:00,609.41,1469.26,894.15,27.62,2576.11,9820.44,1.426
2026-01-01 18:11:00,605.62,1483.7,899.66,28.56,2574.2,9857.28,1.741
2026-01-01 18:12:00,609.04,1483.85,901.74,27.99,2578.32,9861.64,1.577
2026-01-01 18:13:00,609.61,1471.72,896.9,28.26,2570.76,9836.68,1.584
2026-01-01 18:14:00,607.27,1482.65,892.71,27.77,2584.0,9831.56,1.569
2026-01-01 18:15:00,609.1,1486.09,893.32,28.62,2593.09,9864.46,1.534
2026-01-01 18:16:00,608.78,1480.71,902.25,28.06,2594.74,9857.97,1.459
2026-01-01 18:17:00,607.52,1484.54,899.62,27.57,2573.24,9821.71,1.496
2026-01-01 18:18:00,607.54,1485.52,892.9,27.93,2589.03,9841.87,1.451
2026-01-01 18:19:00,610.38,1488.01,901.32,28.44,2583.98,9856.29,1.416
2026-01-01 18:20:00,609.15,1477.68,902.14,28.17,2564.16,9856.87,1.705
2026-01-01 18:21:00,606.19,1482.23,890.13,27.58,2578.84,9809.88,1.57
2026-01-01 18:22:00,608.89,1479.48,895.34,28.05,2579.05,9838.29,1.533
2026-01-01 18:23:00,607.87,1482.44,905.66,27.69,2592.36,9840.18,1.532
2026-01-01 18:24:00,607.41,1470.16,894.87,27.6,2574.5,9809.21,1.554
2026-01-01 18:25:00,610.7,1479.35,905.51,28.12,2588.28,9868.61,1.536
2026-01-01 18:26:00,609.66,1482.16,894.83,27.74,2580.16,9797.7,1.448
2026-01-01 18:27:00,608.88,1482.77,898.72,27.44,2569.34,9794.81,1.604
2026-01-01 18:28:00,608.12,1490.02,899.12,27.98,2577.92,9831.61,1.446
2026-01-01 18:29:00,604.62,1490.25,897.03,27.63,2595.62,9858.14,1.633
2026-01-01 18:30:00,607.36,1479.39,895.68,28.22,2581.68,9850.4,1.535
2026-01-01 18:31:00,606.92,1479.95,898.23,27.79,2589.69,9834.3,1.542
2026-01-01 18:32:00,602.66,1477.8,892.14,27.31,2588.74,9821.21,1.484
2026-01-01 18:33:00,606.7,1478.76,893.83,27.41,2577.49,9799.06,1.405
2026-01-01 18:34:00,608.91,1474.18,892.8,27.52,2572.35,9838.84,1.465
2026-01-01 18:35:00,607.39,1485.12,897.54,28.18,2573.82,9849.46,1.556
2026-01-01 18:36:00,611.29,1488.11,902.06,28.66,2595.48,9870.77,1.477
2026-01-01 18:37:00,606.54,1477.39,895.79,26.8,2581.87,9788.26,1.421
2026-01-01 18:38:00,607.38,1486.03,897.11,27.7,2568.18,9824.12,1.572
2026-01-01 18:39:00,611.28,1478.04,899.74,27.18,2587.23,9785.66,1.521
2026-01-01 18:40:00,609.38,1485.58,893.49,27.51,2568.66,9847.36,1.426
2026-01-01 18:41:00,608.99,1477.74,902.79,28.08,2575.87,9835.09,1.616
2026-01-01 18:42:00,609.55,1479.46,891.67,27.18,2580.61,9770.46,1.58
2026-01-01 18:43:00,610.52,1481.52,896.51,28.15,2602.01,9818.88,1.49
2026-01-01 18:44:00,607.5,1479.81,898.1,27.99,2589.07,9836.76,1.386
2026-01-01 18:45:00,610.9,1469.71,899.76,27.5,2578.23,9825.04,1.403
2026-01-01 18:46:00,610.64,1488.92,896.53,28.48,2584.22,9874.14,1.505
2026-01-01 18:47:00,611.13,1482.08,897.73,28.0,2589.31,9821.73,1.608
2026-01-01 18:48:00,605.27,1476.78,895.08,27.39,2592.8,9807.97,1.516
2026-01-01 18:49:00,604.45,1475.83,895.84,27.35,2578.32,9779.25,1.387
2026-01-01 18:50:00,607.83,1479.09,893.64,26.93,2579.72,9809.31,1.622
2026-01-01 18:51:00,609.26,1482.24,891.11,28.19,2575.76,9833.05,1.517
2026-01-01 18:52:00,605.54,1477.49,897.11,27.91,2587.38,9824.27,1.58
2026-01-01 18:53:00,607.05,1480.03,900.48,27.59,2591.84,9864.89,1.518
2026-01-01 18:54:00,609.7,1474.29,902.51,28.05,2567.28,9843.06,1.375
2026-01-01 18:55:00,610.52,1489.31,903.29,27.62,2580.12,9856.06,1.397
2026-01-01 18:56:00,607.99,1477.54,895.08,27.38,2571.82,9810.74,1.439
2026-01-01 18:57:00,613.07,1478.69,900.6,28.07,2583.84,9839.14,1.55
2026-01-01 18:58:00,608.0,1484.78,897.71,27.76,2572.41,9831.03,1.555
2026-01-01 18:59:00,607.61,1473.27,899.78,28.21,2572.07,9838.98,1.675
2026-01-01 19:00:00,607.33,1481.93,899.16,28.1,2592.2,9853.9,1.535
2026-01-01 19:01:00,602.27,1476.16,891.43,27.43,2579.9,9802.98,1.494
2026-01-01 19:02:00,607.72,1474.59,895.24,27.61,2580.42,9794.6,1.418
2026-01-01 19:03:00,606.21,1471.85,898.7,27.5,2585.14,9814.81,1.583
2026-01-01 19:04:00,610.55,1480.22,891.44,27.63,2589.6,9818.67,1.628
2026-01-01 19:05:00,606.91,1485.31,901.0,28.26,2580.3,9865.27,1.495
2026-01-01 19:06:00,607.62,1479.38,896.27,27.73,2579.01,9827.57,1.509
2026-01-01 19:07:00,606.11,1474.81,897.65,28.43,2580.22,9857.64,1.567
2026-01-01 19:08:00,611.94,1479.18,895.09,27.85,2591.65,9848.41,1.468
2026-01-01 19:09:00,610.25,1489.41,902.74,28.27,2583.83,9883.89,1.416
2026-01-01 19:10:00,606.58,1486.98,900.28,27.58,2580.15,9835.21,1.535
2026-01-01 19:11:00,612.48,1488.84,897.51,27.9,2587.37,9880.59,1.602
2026-01-01 19:12:00,610.77,1488.17,899.69,28.15,2596.91,9829.51,1.445
2026-01-01 19:13:00,608.99,1485.19,896.57,27.44,2582.52,9821.02,1.513
2026-01-01 19:14:00,611.03,1478.86,901.28,28.15,2581.42,9863.26,1.709
2026-01-01 19:15:00,607.18,1486.75,894.05,28.39,2598.49,9847.25,1.621
2026-01-01 19:16:00,612.29,1482.8,894.34,28.02,2593.75,9851.44,1.576
2026-01-01 19:17:00,611.41,1495.59,899.04,28.34,2593.05,9863.16,1.501
2026-01-01 19:18:00,605.67,1486.58,892.48,26.76,2576.24,9777.81,1.536
2026-01-01 19:19:00,607.74,1476.28,899.82,28.01,2577.1,9820.3,1.383
2026-01-01 19:20:00,604.83,1476.73,895.97,27.33,2566.31,9796.77,1.49
2026-01-01 19:21:00,613.35,1479.6,900.13,27.6,2590.23,9835.96,1.483
2026-01-01 19:22:00,608.74,1481.86,894.93,27.49,2582.77,9826.94,1.578
2026-01-01 19:23:00,606.78,1477.8,893.11,27.87,2566.84,9803.5,1.328
2026-01-01 19:24:00,606.57,1489.43,893.97,27.44,2591.29,9814.47,1.711
2026-01-01 19:25:00,610.71,1479.95,895.7,27.21,2578.59,9804.62,1.468
2026-01-01 19:26:00,616.47,1490.38,905.62,28.48,2582.99,9892.43,1.695
2026-01-01 19:27:00,612.79,1489.7,901.2,28.48,2572.24,9883.04,1.617
2026-01-01 19:28:00,604.99,1477.94,896.45,27.78,2586.08,9826.47,1.544
2026-01-01 19:29:00,608.34,1474.78,899.24,28.19,2587.19,9853.03,1.556
2026-01-01 19:30:00,607.27,1477.93,894.27,27.79,2581.74,9826.01,1.524
2026-01-01 19:31:00,605.04,1485.01,891.83,27.53,2577.66,9797.27,1.46
2026-01-01 19:32:00,606.77,1486.08,897.11,27.65,2603.09,9824.75,1.551
2026-01-01 19:33:00,603.87,1477.32,901.68,27.96,2571.6,9802.97,1.487
2026-01-01 19:34:00,613.0,1484.17,900.88,28.14,2577.95,9867.14,1.591
2026-01-01 19:35:00,608.62,1487.08,900.63,27.56,2586.24,9786.3,1.525
2026-01-01 19:36:00,608.3,1481.05,892.9,27.55,2573.91,9823.57,1.485
2026-01-01 19:37:00,608.16,1480.21,900.01,27.67,2574.33,9849.43,1.495
2026-01-01 19:38:00,611.08,1484.91,898.23,27.56,2591.91,9844.86,1.553
2026-01-01 19:39:00,610.79,1487.47,898.55,27.94,2587.35,9836.03,1.559
2026-01-01 19:40:00,606.35,1480.0,891.07,27.66,2584.9,9797.89,1.46
2026-01-01 19:41:00,612.04,1492.46,904.41,27.8,2584.66,9853.98,1.458
2026-01-01 19:42:00,609.56,1480.79,892.03,27.34,2576.05,9812.13,1.53
2026-01-01 19:43:00,612.46,1476.57,902.75,28.49,2582.1,9877.39,1.584
2026-01-01 19:44:00,607.45,1485.41,897.51,27.94,2582.12,9842.21,1.539
2026-01-01 19:45:00,608.45,1479.96,892.99,27.28,2587.96,9802.04,1.495
2026-01-01 19:46:00,612.14,1483.8,895.22,27.56,2585.97,9837.27,1.59
2026-01-01 19:47:00,611.12,1481.72,899.77,28.28,2576.11,9862.36,1.467
2026-01-01 19:48:00,616.34,1494.08,899.09,28.25,2589.51,9853.45,1.471
2026-01-01 19:49:00,609.11,1478.95,898.58,28.22,2569.8,9854.38,1.493
2026-01-01 19:50:00,608.13,1485.78,896.32,28.2,2580.97,9862.27,1.535
2026-01-01 19:51:00,609.44,1486.85,894.96,28.25,2575.34,9886.66,1.512
2026-01-01 19:52:00,607.76,1488.31,892.95,27.98,2575.77,9838.96,1.479
2026-01-01 19:53:00,612.57,1492.38,903.06,28.26,2598.97,9862.88,1.618
2026-01-01 19:54:00,615.29,1494.01,907.64,28.12,2572.53,9881.96,1.552
2026-01-01 19:55:00,613.62,1495.18,902.59,28.28,2577.47,9874.93,1.618
2026-01-01 19:56:00,608.62,1474.3,898.64,27.39,2584.89,9792.18,1.497
2026-01-01 19:57:00,613.21,1473.92,898.14,27.55,2577.87,9813.33,1.454
2026-01-01 19:58:00,610.47,1488.48,905.95,28.09,2585.93,9891.82,1.655
2026-01-01 19:59:00,608.07,1483.86,900.5,27.34,2592.86,9807.91,1.475
2026-01-01 20:00:00,606.69,1483.01,892.62,27.14,2586.08,9793.13,1.524
2026-01-01 20:01:00,606.34,1479.16,898.79,27.84,2578.26,9823.16,1.576
2026-01-01 20:02:00,605.78,1482.27,902.81,28.73,2582.11,9853.15,1.523
2026-01-01 20:03:00,613.22,1488.89,901.71,27.96,2586.97,9841.57,1.51
2026-01-01 20:04:00,607.16,1482.93,900.25,27.51,2587.44,9832.04,1.461
2026-01-01 20:05:00,608.43,1473.88,897.84,27.99,2583.19,9849.28,1.544
2026-01-01 20:06:00,610.1,1477.59,899.92,28.07,2586.02,9852.0,1.476
2026-01-01 20:07:00,605.79,1483.47,893.3,28.35,2586.33,9859.71,1.521
2026-01-01 20:08:00,612.08,1488.88,900.44,28.76,2583.54,9881.52,1.53
2026-01-01 20:09:00,610.77,1482.18,904.75,28.33,2578.05,9845.82,1.488
2026-01-01 20:10:00,610.76,1484.65,904.82,28.61,2590.31,9883.68,1.582
2026-01-01 20:11:00,606.35,1486.73,903.31,27.83,2584.76,9833.77,1.616
2026-01-01 20:12:00,611.6,1484.45,898.81,28.55,2566.84,9861.16,1.606
2026-01-01 20:13:00,608.06,1489.21,895.22,27.81,2576.03,9839.1,1.373
2026-01-01 20:14:00,606.29,1473.48,893.36,27.59,2577.79,9813.57,1.514
2026-01-01 20:15:00,608.29,1479.27,902.58,27.81,2580.92,9836.5,1.704
2026-01-01 20:16:00,609.86,1479.84,893.34,27.21,2591.79,9826.81,1.527
2026-01-01 20:17:00,607.6,1474.42,894.4,27.65,2606.52,9794.59,1.472
2026-01-01 20:18:00,606.39,1474.61,900.94,27.89,2562.41,9825.03,1.621
2026-01-01 20:19:00,615.76,1489.24,903.11,27.87,2586.77,9882.82,1.558
2026-01-01 20:20:00,609.38,1482.53,898.73,28.06,2582.93,9832.37,1.618
2026-01-01 20:21:00,610.82,1490.19,905.14,28.73,2583.93,9909.5,1.567
2026-01-01 20:22:00,608.99,1485.02,899.55,28.65,2588.48,9877.92,1.59
2026-01-01 20:23:00,606.2,1490.68,903.27,28.33,2585.07,9870.92,1.501
2026-01-01 20:24:00,607.7,1481.12,890.93,27.77,2580.39,9855.69,1.62
2026-01-01 20:25:00,612.67,1481.57,896.1,28.19,2583.73,9861.3,1.541
2026-01-01 20:26:00,608.65,1486.37,901.14,27.8,2587.45,9848.54,1.546
2026-01-01 20:27:00,614.14,1479.16,903.02,27.87,2587.15,9860.34,1.619
2026-01-01 20:28:00,606.23,1496.07,901.06,28.3,2584.71,9853.76,1.576
2026-01-01 20:29:00,609.92,1488.67,901.46,28.4,2579.19,9870.61,1.538
2026-01-01 20:30:00,606.29,1486.98,899.95,28.42,2605.62,9850.31,1.426
2026-01-01 20:31:00,611.36,1481.79,896.75,27.81,2585.53,9839.7,1.521
2026-01-01 20:32:00,610.63,1489.35,893.06,27.74,2588.99,9845.63,1.505
2026-01-01 20:33:00,610.52,1481.91,902.79,28.49,2579.87,9872.57,1.554
2026-01-01 20:34:00,608.08,1484.76,902.1,28.2,2585.67,9878.34,1.54
2026-01-01 20:35:00,606.76,1488.17,899.91,27.73,2583.8,9831.82,1.624
2026-01-01 20:36:00,611.81,1484.87,897.38,28.4,2568.47,9868.22,1.593
2026-01-01 20:37:00,610.45,1486.07,906.55,28.07,2577.51,9854.75,1.513
2026-01-01 20:38:00,610.85,1487.1,900.83,28.59,2579.21,9902.38,1.631
2026-01-01 20:39:00,613.7,1500.67,908.51,28.09,2579.45,9880.79,1.674
2026-01-01 20:40:00,612.41,1500.19,897.33,28.8,2576.07,9890.51,1.516
2026-01-01 20:41:00,605.23,1485.01,897.41,27.58,2582.31,9821.73,1.499
2026-01-01 20:42:00,610.88,1494.49,909.21,28.78,2596.0,9895.48,1.516
2026-01-01 20:43:00,607.21,1488.47,899.39,28.21,2584.25,9853.97,1.569
2026-01-01 20:44:00,611.37,1493.0,895.96,28.75,2574.93,9884.15,1.729
2026-01-01 20:45:00,611.79,1488.49,898.35,28.45,2576.22,9886.29,1.658
2026-01-01 20:46:00,610.9,1484.22,901.06,28.1,2580.49,9861.49,1.52
2026-01-01 20:47:00,611.41,1478.29,901.5,27.35,2570.49,9818.15,1.566
2026-01-01 20:48:00,607.74,1489.07,899.98,28.07,2585.99,9862.86,1.645
2026-01-01 20:49:00,609.7,1482.45,901.12,28.13,2593.89,9850.35,1.408
2026-01-01 20:50:00,611.3,1497.48,904.62,28.57,2580.66,9906.83,1.499
2026-01-01 20:51:00,619.18,1492.74,903.46,28.63,2585.21,9889.81,1.641
2026-01-01 20:52:00,610.08,1481.34,902.01,28.3,2579.3,9841.66,1.414
2026-01-01 20:53:00,610.84,1483.46,905.0,28.39,2579.41,9885.87,1.569
2026-01-01 20:54:00,611.22,1482.38,899.04,27.84,2584.96,9859.91,1.603
2026-01-01 20:55:00,611.23,1480.15,898.01,27.83,2577.43,9841.69,1.558
2026-01-01 20:56:00,612.21,1495.93,898.45,28.37,2578.64,9902.88,1.569
2026-01-01 20:57:00,613.3,1486.64,902.82,28.49,2570.46,9859.28,1.654
2026-01-01 20:58:00,618.65,1492.15,903.8,29.17,2586.89,9935.4,1.668
2026-01-01 20:59:00,613.43,1488.72,902.25,28.13,2592.41,9870.99,1.729
2026-01-01 21:00:00,613.32,1500.32,904.87,28.31,2589.96,9882.15,1.471
2026-01-01 21:01:00,616.63,1487.46,903.12,28.0,2595.77,9870.08,1.51
2026-01-01 21:02:00,614.62,1487.41,903.15,28.77,2579.1,9887.11,1.559
2026-01-01 21:03:00,608.6,1485.72,897.14,28.74,2590.58,9868.41,1.655
2026-01-01 21:04:00,612.19,1481.43,903.31,27.96,2575.13,9873.03,1.614
2026-01-01 21:05:00,611.44,1490.78,904.31,28.4,2589.04,9857.87,1.511
2026-01-01 21:06:00,609.44,1488.35,907.24,27.82,2595.72,9837.38,1.451
2026-01-01 21:07:00,614.17,1490.12,901.83,29.04,2589.11,9903.03,1.49
2026-01-01 21:08:00,608.7,1487.4,900.49,28.22,2598.27,9899.35,1.713
2026-01-01 21:09:00,617.35,1501.37,900.06,28.69,2580.05,9895.83,1.569
2026-01-01 21:10:00,616.52,1490.54,905.54,28.86,2584.76,9921.5,1.607
2026-01-01 21:11:00,610.27,1492.21,907.95,28.94,2577.93,9906.61,1.5
2026-01-01 21:12:00,613.31,1488.48,904.26,28.38,2584.32,9875.43,1.559
2026-01-01 21:13:00,614.23,1494.75,907.99,29.07,2588.3,9929.25,1.528
2026-01-01 21:14:00,615.13,1486.98,902.3,28.47,2584.64,9885.44,1.574
2026-01-01 21:15:00,616.92,1490.28,899.02,28.81,2580.41,9879.58,1.533
2026-01-01 21:16:00,616.32,1490.28,902.02,28.15,2579.58,9861.67,1.489
2026-01-01 21:17:00,614.71,1509.2,899.94,28.65,2587.0,9880.45,1.656
2026-01-01 21:18:00,614.66,1489.4,902.49,28.97,2584.11,9909.81,1.685
2026-01-01 21:19:00,611.16,1487.55,901.03,28.81,2575.48,9892.19,1.609
2026-01-01 21:20:00,617.25,1494.59,906.84,28.52,2570.08,9906.68,1.436
2026-01-01 21:21:00,603.72,1485.01,899.43,27.75,2576.86,9813.2,1.428
2026-01-01 21:22:00,606.24,1493.08,896.29,27.76,2570.9,9821.68,1.438
2026-01-01 21:23:00,613.16,1493.35,902.62,28.57,2578.85,9913.69,1.736
2026-01-01 21:24:00,612.89,1493.3,903.38,28.48,2581.17,9888.62,1.651
2026-01-01 21:25:00,613.81,1483.3,905.09,29.33,2584.04,9905.48,1.688
2026-01-01 21:26:00,613.95,1486.24,902.45,28.06,2578.08,9859.14,1.485
2026-01-01 21:27:00,611.4,1491.0,901.71,28.65,2602.69,9904.21,1.455
2026-01-01 21:28:00,613.28,1502.96,907.53,29.38,2576.64,9944.49,1.691
2026-01-01 21:29:00,613.58,1492.4,902.02,28.86,2595.59,9923.67,1.412
2026-01-01 21:30:00,611.96,1487.16,900.67,28.26,2582.33,9864.78,1.556
2026-01-01 21:31:00,613.87,1490.74,896.67,28.1,2578.32,9863.59,1.597
2026-01-01 21:32:00,616.41,1483.87,900.73,28.5,2588.86,9878.31,1.47
2026-01-01 21:33:00,613.28,1480.38,902.7,28.14,2579.78,9858.94,1.666
2026-01-01 21:34:00,616.52,1493.05,908.43,29.55,2579.67,9928.84,1.574
2026-01-01 21:35:00,613.41,1485.54,907.23,28.86,2599.82,9912.88,1.611
2026-01-01 21:36:00,610.36,1484.95,903.27,27.97,2565.45,9848.67,1.581
2026-01-01 21:37:00,613.42,1495.88,904.75,28.31,2581.14,9851.07,1.555
2026-01-01 21:38:00,609.63,1481.32,901.81,28.1,2585.82,9882.06,1.517
2026-01-01 21:39:00,610.24,1485.89,894.46,28.67,2594.94,9866.08,1.486
2026-01-01 21:40:00,614.64,1494.96,910.87,29.01,2583.51,9943.77,1.64
2026-01-01 21:41:00,606.71,1487.8,898.8,28.18,2603.86,9837.61,1.58
2026-01-01 21:42:00,617.48,1495.2,904.78,29.64,2592.85,9945.67,1.689
2026-01-01 21:43:00,614.03,1494.81,910.17,28.93,2567.2,9929.29,1.586
2026-01-01 21:44:00,614.72,1498.42,904.11,28.31,2572.56,9879.14,1.566
2026-01-01 21:45:00,610.14,1484.26,906.34,27.95,2584.76,9845.16,1.465
2026-01-01 21:46:00,615.32,1484.96,899.62,28.7,2575.44,9889.5,1.65
2026-01-01 21:47:00,610.7,1498.25,910.18,28.81,2590.5,9928.68,1.53
2026-01-01 21:48:00,612.4,1482.05,897.57,28.0,2579.39,9849.0,1.586
2026-01-01 21:49:00,616.52,1490.2,904.02,28.71,2575.73,9907.63,1.663
2026-01-01 21:50:00,612.76,1482.14,899.3,28.2,2576.7,9884.99,1.644
2026-01-01 21:51:00,616.78,1496.51,904.48,28.74,2592.75,9924.07,1.485
2026-01-01 21:52:00,614.49,1493.33,907.04,28.35,2567.72,9871.82,1.431
2026-01-01 21:53:00,612.63,1498.23,907.16,28.91,2593.94,9914.83,1.513
2026-01-01 21:54:00,615.34,1495.98,907.29,28.79,2594.5,9923.14,1.509
2026-01-01 21:55:00,619.63,1501.02,903.98,29.01,2583.26,9923.5,1.763
2026-01-01 21:56:00,609.52,1490.97,899.64,28.6,2573.99,9905.88,1.61
2026-01-01 21:57:00,616.19,1499.41,903.02,29.23,2590.09,9916.43,1.487
2026-01-01 21:58:00,612.12,1483.76,900.56,28.07,2579.34,9854.42,1.463
2026-01-01 21:59:00,618.06,1496.77,907.39,29.4,2574.19,9933.73,1.727
2026-01-01 22:00:00,610.04,1488.25,904.42,28.1,2599.8,9887.88,1.671
2026-01-01 22:01:00,611.75,1491.94,907.04,29.12,2578.97,9926.96,1.491
2026-01-01 22:02:00,611.08,1499.79,909.63,29.03,2573.8,9914.89,1.649
2026-01-01 22:03:00,608.48,1484.01,902.47,28.53,2586.92,9890.81,1.544
2026-01-01 22:04:00,617.17,1496.8,903.35,28.77,2585.12,9917.16,1.573
2026-01-01 22:05:00,614.92,1499.8,909.77,28.77,2597.25,9909.21,1.475
2026-01-01 22:06:00,613.64,1492.31,906.71,29.29,2583.2,9931.87,1.569
2026-01-01 22:07:00,614.87,1488.28,903.48,27.96,2580.77,9867.41,1.469
2026-01-01 22:08:00,613.82,1491.19,908.98,28.96,2588.0,9908.08,1.684
2026-01-01 22:09:00,618.61,1498.58,906.17,29.01,2587.33,9918.77,1.513
2026-01-01 22:10:00,609.17,1487.81,906.0,28.28,2585.81,9873.44,1.649
2026-01-01 22:11:00,612.34,1497.49,899.18,28.74,2587.5,9908.27,1.552
2026-01-01 22:12:00,614.3,1495.96,910.0,29.4,2588.41,9953.79,1.464
2026-01-01 22:13:00,616.96,1496.15,904.59,29.75,2583.6,9949.71,1.562
2026-01-01 22:14:00,615.36,1495.98,907.59,29.5,2593.84,9955.92,1.518
2026-01-01 22:15:00,620.21,1508.48,911.15,28.9,2583.47,9934.73,1.638
2026-01-01 22:16:00,616.45,1495.9,906.12,28.77,2592.01,9914.8,1.49
2026-01-01 22:17:00,611.57,1495.12,905.72,28.54,2596.52,9910.81,1.544
2026-01-01 22:18:00,619.31,1503.54,909.68,29.49,2583.37,9997.36,1.674
2026-01-01 22:19:00,611.21,1492.41,906.72,28.5,2604.55,9907.98,1.481
2026-01-01 22:20:00,614.97,1491.16,906.54,28.68,2579.21,9897.7,1.68
2026-01-01 22:21:00,617.63,1494.86,912.86,29.42,2580.6,9931.89,1.612
2026-01-01 22:22:00,617.95,1498.5,906.72,29.48,2590.95,9941.83,1.61
2026-01-01 22:23:00,614.41,1489.62,900.82,28.28,2588.2,9891.33,1.444
2026-01-01 22:24:00,609.82,1495.31,905.8,28.27,2584.92,9883.27,1.517
2026-01-01 22:25:00,620.16,1506.04,906.58,29.54,2594.78,9983.08,1.614
2026-01-01 22:26:00,617.33,1504.9,912.3,28.75,2589.13,9954.14,1.514
2026-01-01 22:27:00,614.1,1496.37,907.51,28.79,2601.96,9911.05,1.648
2026-01-01 22:28:00,617.62,1502.37,905.9,29.4,2586.12,9939.81,1.603
2026-01-01 22:29:00,611.0,1505.12,901.98,28.56,2577.99,9895.56,1.497
2026-01-01 22:30:00,615.69,1498.39,903.9,28.88,2582.12,9939.32,1.572
2026-01-01 22:31:00,616.69,1499.01,909.93,28.92,2590.1,9934.25,1.599
2026-01-01 22:32:00,610.82,1489.43,902.02,28.4,2588.28,9884.28,1.717
2026-01-01 22:33:00,618.02,1505.11,910.24,29.08,2587.27,9915.93,1.613
2026-01-01 22:34:00,618.17,1501.32,914.32,29.4,2580.47,9958.22,1.55
2026-01-01 22:35:00,617.57,1495.4,906.68,29.25,2595.09,9931.37,1.54
2026-01-01 22:36:00,616.83,1492.32,909.25,28.96,2601.38,9922.7,1.554
2026-01-01 22:37:00,616.26,1493.46,910.01,28.82,2585.46,9905.71,1.62
2026-01-01 22:38:00,612.3,1497.12,908.36,28.84,2600.64,9929.66,1.623
2026-01-01 22:39:00,615.01,1496.61,908.71,28.87,2593.0,9927.64,1.628
2026-01-01 22:40:00,621.13,1499.41,905.18,29.19,2605.18,9962.4,1.61
2026-01-01 22:41:00,621.55,1497.99,915.87,29.29,2590.15,9935.27,1.471
2026-01-01 22:42:00,615.69,1488.87,901.07,28.62,2586.11,9900.38,1.613
2026-01-01 22:43:00,618.75,1502.95,908.46,28.62,2594.21,9963.57,1.556
2026-01-01 22:44:00,613.54,1493.89,909.94,29.02,2582.17,9916.42,1.625
2026-01-01 22:45:00,616.94,1495.32,907.73,29.61,2590.29,9952.18,1.511
2026-01-01 22:46:00,613.78,1489.01,904.72,28.83,2596.69,9926.91,1.588
2026-01-01 22:47:00,618.85,1504.42,907.0,29.81,2594.53,9976.47,1.688
2026-01-01 22:48:00,615.36,1504.15,909.56,29.87,2588.43,9994.52,1.803
2026-01-01 22:49:00,620.92,1502.92,917.65,28.61,2587.96,9934.94,1.553
2026-01-01 22:50:00,607.67,1498.99,903.95,29.13,2590.92,9896.31,1.683
2026-01-01 22:51:00,620.56,1504.38,914.09,29.79,2594.22,9988.04,1.722
2026-01-01 22:52:00,619.94,1501.67,907.89,29.65,2593.73,9970.13,1.596
2026-01-01 22:53:00,620.2,1499.49,901.84,28.75,2588.38,9917.04,1.584
2026-01-01 22:54:00,616.5,1504.16,906.24,29.48,2580.97,9966.1,1.578
2026-01-01 22:55:00,616.53,1498.91,911.68,29.1,2580.8,9928.91,1.534
2026-01-01 22:56:00,618.51,1506.03,903.45,29.4,2591.6,9974.92,1.513
2026-01-01 22:57:00,619.02,1508.49,914.34,30.03,2594.4,9970.58,1.547
2026-01-01 22:58:00,617.64,1509.03,910.98,29.52,2592.49,9948.2,1.405
2026-01-01 22:59:00,616.97,1510.49,911.09,30.48,2584.52,10026.63,1.684
2026-01-01 23:00:00,620.95,1507.27,909.36,29.76,2587.09,9984.92,1.76
2026-01-01 23:01:00,612.65,1491.35,901.24,27.87,2573.72,9851.58,1.557
2026-01-01 23:02:00,614.52,1505.91,911.93,29.62,2575.9,9952.11,1.617
2026-01-01 23:03:00,613.29,1495.41,904.15,29.36,2587.21,9940.0,1.555
2026-01-01 23:04:00,620.87,1499.9,905.3,28.99,2597.07,9930.9,1.749
2026-01-01 23:05:00,619.97,1502.49,912.98,29.29,2588.39,9966.69,1.709
2026-01-01 23:06:00,621.31,1502.79,906.12,29.31,2603.3,9977.95,1.533
2026-01-01 23:07:00,615.7,1493.0,905.25,29.4,2585.79,9954.14,1.783
2026-01-01 23:08:00,620.18,1496.44,905.79,29.68,2588.38,9980.58,1.76
2026-01-01 23:09:00,613.75,1500.86,903.78,29.3,2578.03,9924.76,1.509
2026-01-01 23:10:00,617.35,1507.34,908.9,29.47,2583.84,9941.49,1.669
2026-01-01 23:11:00,621.16,1505.97,914.99,30.06,2579.52,10003.84,1.643
2026-01-01 23:12:00,614.61,1496.95,907.44,29.22,2574.31,9942.89,1.45
2026-01-01 23:13:00,618.67,1509.14,906.45,29.29,2578.27,9968.19,1.555
2026-01-01 23:14:00,613.99,1496.0,903.29,29.19,2586.4,9918.49,1.65
2026-01-01 23:15:00,619.51,1514.91,915.36,29.88,2582.7,9992.3,1.699
2026-01-01 23:16:00,617.98,1501.29,911.36,29.43,2582.76,9945.31,1.831
2026-01-01 23:17:00,613.78,1504.96,906.27,29.82,2590.78,9964.29,1.64
2026-01-01 23:18:00,622.05,1512.58,910.08,29.19,2574.55,9949.8,1.469
2026-01-01 23:19:00,619.97,1493.67,909.59,28.71,2586.34,9917.83,1.51
2026-01-01 23:20:00,618.21,1506.63,913.62,30.21,2594.47,9969.12,1.593
2026-01-01 23:21:00,620.79,1500.81,906.64,29.3,2593.86,9935.55,1.578
2026-01-01 23:22:00,618.2,1505.84,910.88,29.53,2591.87,9970.3,1.603
2026-01-01 23:23:00,617.81,1506.92,907.86,29.71,2586.7,9954.41,1.642
2026-01-01 23:24:00,614.5,1498.91,907.48,29.29,2582.05,9952.48,1.735
2026-01-01 23:25:00,618.57,1516.61,912.69,29.66,2586.98,9967.98,1.659
2026-01-01 23:26:00,620.6,1505.29,908.11,29.43,2600.88,9968.09,1.473
2026-01-01 23:27:00,617.56,1504.44,911.02,29.91,2590.83,9993.83,1.677
2026-01-01 23:28:00,617.07,1510.01,914.1,29.56,2586.96,9972.29,1.486
2026-01-01 23:29:00,618.6,1506.97,919.59,29.79,2593.35,9998.69,1.599
2026-01-01 23:30:00,609.82,1501.48,905.06,29.78,2588.48,9979.21,1.775
2026-01-01 23:31:00,623.71,1511.02,913.46,30.17,2591.68,10025.27,1.511
2026-01-01 23:32:00,618.08,1507.23,911.2,28.97,2583.45,9910.87,1.738
2026-01-01 23:33:00,622.26,1505.76,910.34,29.87,2585.41,9995.95,1.691
2026-01-01 23:34:00,623.94,1514.75,914.02,29.69,2597.21,10009.15,1.686
2026-01-01 23:35:00,616.75,1498.67,914.98,29.45,2571.2,9946.44,1.5
2026-01-01 23:36:00,627.68,1511.3,914.26,30.38,2593.38,10016.98,1.672
2026-01-01 23:37:00,619.0,1508.91,913.04,30.63,2585.27,10004.98,1.615
2026-01-01 23:38:00,620.56,1511.12,909.95,30.54,2575.22,10040.56,1.616
2026-01-01 23:39:00,618.77,1499.18,913.87,29.71,2580.12,9974.9,1.62
2026-01-01 23:40:00,619.68,1502.77,905.98,29.81,2587.71,9977.05,1.821
2026-01-01 23:41:00,618.68,1509.21,909.36,29.7,2588.08,9958.35,1.68
2026-01-01 23:42:00,620.09,1511.62,908.93,30.39,2595.27,10011.83,1.643
2026-01-01 23:43:00,620.43,1510.33,914.15,30.49,2596.57,10031.31,1.707
2026-01-01 23:44:00,619.01,1502.25,918.07,30.01,2576.58,10001.76,1.618
2026-01-01 23:45:00,612.71,1503.78,911.32,30.0,2591.31,9984.6,1.695
2026-01-01 23:46:00,623.31,1512.96,914.77,29.98,2594.73,10000.2,1.553
2026-01-01 23:47:00,618.96,1510.83,915.23,29.74,2590.84,10005.15,1.724
2026-01-01 23:48:00,619.89,1514.85,913.75,30.02,2594.06,10029.7,1.554
2026-01-01 23:49:00,618.68,1508.62,917.95,30.14,2574.07,10016.48,1.642
2026-01-01 23:50:00,621.08,1500.64,914.25,29.37,2579.03,9950.06,1.7
2026-01-01 23:51:00,617.23,1501.2,906.65,30.29,2598.85,9975.13,1.776
2026-01-01 23:52:00,612.64,1503.9,913.68,29.46,2585.17,9961.8,1.44
2026-01-01 23:53:00,618.2,1498.28,909.84,29.56,2605.36,9966.34,1.529
2026-01-01 23:54:00,618.86,1506.27,914.69,29.96,2578.84,10004.68,1.657
2026-01-01 23:55:00,620.18,1511.09,906.67,29.7,2600.06,9965.52,1.682
2026-01-01 23:56:00,621.77,1502.77,911.98,29.91,2583.53,9987.86,1.594
2026-01-01 23:57:00,613.0,1491.19,906.1,28.88,2592.96,9927.37,1.592
2026-01-01 23:58:00,618.3,1506.4,908.27,29.37,2585.41,9971.41,1.632
2026-01-01 23:59:00,620.57,1514.91,918.84,30.32,2591.07,10032.19,1.675
2026-01-02 00:00:00,621.99,1501.49,906.86,29.84,2593.8,10003.9,1.655
2026-01-02 00:01:00,621.51,1512.5,923.17,30.11,2584.49,10013.03,1.668
2026-01-02 00:02:00,618.34,1498.58,906.96,29.58,2593.97,9965.89,1.759
2026-01-02 00:03:00,620.15,1511.13,918.02,30.56,2588.76,10051.43,1.684
2026-01-02 00:04:00,622.49,1503.73,913.84,30.77,2591.5,10030.62,1.784
2026-01-02 00:05:00,623.6,1508.07,917.73,30.58,2568.58,10021.88,1.672
2026-01-02 00:06:00,623.01,1520.02,923.78,30.75,2588.56,10060.86,1.653
2026-01-02 00:07:00,623.99,1515.87,915.75,30.36,2600.77,10045.58,1.675
2026-01-02 00:08:00,622.03,1504.71,913.65,29.99,2594.44,9999.94,1.52
2026-01-02 00:09:00,625.67,1507.75,911.28,29.83,2595.6,9990.25,1.563
2026-01-02 00:10:00,621.61,1509.68,910.32,30.38,2590.47,10029.63,1.624
2026-01-02 00:11:00,622.1,1515.25,915.23,29.99,2602.56,10006.72,1.674
2026-01-02 00:12:00,620.72,1510.65,913.76,30.02,2592.02,10021.28,1.808
2026-01-02 00:13:00,620.43,1511.17,913.31,29.95,2583.45,9995.86,1.626
2026-01-02 00:14:00,625.81,1515.69,916.31,30.19,2596.55,10020.99,1.593
2026-01-02 00:15:00,619.05,1506.27,915.06,29.97,2596.39,10003.18,1.729
2026-01-02 00:16:00,627.75,1519.51,921.76,30.77,2596.12,10056.48,1.722
2026-01-02 00:17:00,617.86,1515.43,911.01,30.26,2586.49,10021.09,1.77
2026-01-02 00:18:00,626.31,1522.22,920.28,30.75,2593.29,10055.22,1.784
2026-01-02 00:19:00,624.64,1501.47,920.04,29.96,2600.23,10005.0,1.708
2026-01-02 00:20:00,625.37,1516.78,912.93,30.86,2594.95,10057.69,1.737
2026-01-02 00:21:00,621.22,1505.95,913.58,29.98,2577.54,10012.22,1.747
2026-01-02 00:22:00,621.36,1509.16,914.26,29.96,2584.53,10017.32,1.746
2026-01-02 00:23:00,621.66,1507.21,918.21,30.16,2584.63,10029.35,1.76
2026-01-02 00:24:00,620.8,1513.09,919.78,30.34,2584.36,10038.71,1.766
2026-01-02 00:25:00,622.68,1504.9,918.69,30.04,2573.08,10027.79,1.677
2026-01-02 00:26:00,620.02,1504.62,912.64,29.28,2603.14,9977.49,1.576
2026-01-02 00:27:00,622.09,1508.66,909.15,29.95,2581.38,9987.08,1.651
2026-01-02 00:28:00,619.37,1507.88,910.99,30.07,2581.74,9981.64,1.612
2026-01-02 00:29:00,619.59,1513.48,915.71,29.54,2571.6,9954.93,1.549
2026-01-02 00:30:00,623.16,1510.12,912.94,30.2,2596.78,10024.56,1.808
2026-01-02 00:31:00,625.65,1512.64,919.44,30.12,2589.76,10041.16,1.694
2026-01-02 00:32:00,624.71,1517.5,917.99,30.28,2586.76,10017.56,1.59
2026-01-02 00:33:00,616.18,1496.62,912.41,29.24,2585.47,9973.47,1.745
2026-01-02 00:34:00,623.89,1512.3,917.99,30.47,2595.05,10037.52,1.701
2026-01-02 00:35:00,621.79,1513.73,915.24,29.89,2585.33,10007.12,1.745
2026-01-02 00:36:00,627.74,1511.21,920.07,30.36,2575.69,10069.76,1.69
2026-01-02 00:37:00,623.84,1502.69,918.07,30.09,2577.73,9978.8,1.69
2026-01-02 00:38:00,616.74,1505.74,920.96,29.74,2578.3,10004.17,1.714
2026-01-02 00:39:00,628.66,1522.67,924.06,30.69,2593.38,10058.76,1.719
2026-01-02 00:40:00,623.25,1512.1,918.67,30.43,2597.7,10035.34,1.64
2026-01-02 00:41:00,621.65,1514.18,915.62,30.55,2602.58,10050.54,1.735
2026-01-02 00:42:00,621.99,1507.18,916.84,30.6,2577.23,10036.53,1.739
2026-01-02 00:43:00,620.92,1511.31,916.58,30.1,2594.7,10021.78,1.582
2026-01-02 00:44:00,625.58,1513.25,921.33,31.01,2586.63,10068.53,1.913
2026-01-02 00:45:00,619.08,1509.6,915.77,30.42,2613.29,10025.93,1.812
2026-01-02 00:46:00,627.6,1515.76,920.13,30.18,2601.49,10039.49,1.705
2026-01-02 00:47:00,622.54,1514.44,913.4,30.3,2603.21,10018.08,1.743
2026-01-02 00:48:00,624.33,1517.91,909.83,30.35,2597.11,10046.2,1.698
2026-01-02 00:49:00,618.47,1507.57,920.99,30.19,2593.35,10036.09,1.64
2026-01-02 00:50:00,618.95,1515.86,915.18,30.41,2586.66,10025.47,1.758
2026-01-02 00:51:00,623.12,1517.68,919.65,30.36,2585.44,10034.69,1.624
2026-01-02 00:52:00,622.29,1512.27,914.48,30.48,2583.64,10029.6,1.715
2026-01-02 00:53:00,623.99,1514.34,919.44,30.28,2594.38,10014.18,1.619
2026-01-02 00:54:00,615.63,1518.04,914.62,29.96,2602.32,10024.28,1.614
2026-01-02 00:55:00,619.79,1508.55,914.43,29.94,2585.32,9981.68,1.657
2026-01-02 00:56:00,626.26,1511.19,917.9,30.8,2585.25,10054.95,1.791
2026-01-02 00:57:00,620.87,1512.81,910.15,29.94,2577.29,10006.82,1.687
2026-01-02 00:58:00,623.76,1514.52,920.07,30.89,2593.55,10069.51,1.725
2026-01-02 00:59:00,617.73,1511.74,917.23,30.46,2599.51,10020.36,1.534
2026-01-02 01:00:00,625.51,1508.98,917.42,30.23,2600.03,10023.41,1.664
2026-01-02 01:01:00,621.6,1516.96,923.06,31.1,2601.6,10043.3,1.584
2026-01-02 01:02:00,628.91,1517.57,917.79,31.42,2595.27,10078.55,1.733
2026-01-02 01:03:00,628.2,1516.06,913.17,30.76,2591.74,10054.78,1.707
2026-01-02 01:04:00,626.96,1513.84,913.64,30.45,2600.62,10037.97,1.688
2026-01-02 01:05:00,624.85,1512.13,919.1,31.06,2583.24,10083.07,1.73
2026-01-02 01:06:00,619.34,1512.25,916.78,29.65,2584.79,9985.3,1.689
2026-01-02 01:07:00,622.73,1521.08,918.31,30.58,2604.19,10041.42,1.741
2026-01-02 01:08:00,632.55,1523.26,920.87,31.2,2583.3,10077.4,1.755
2026-01-02 01:09:00,623.98,1513.79,922.8,30.5,2591.06,10062.81,1.792
2026-01-02 01:10:00,627.08,1515.77,917.89,30.72,2595.59,10042.35,1.504
2026-01-02 01:11:00,626.53,1516.64,915.24,30.98,2591.74,10056.28,1.629
2026-01-02 01:12:00,624.93,1520.0,923.19,31.0,2600.6,10064.63,1.752
2026-01-02 01:13:00,620.46,1507.92,915.83,30.03,2601.27,10004.61,1.665
2026-01-02 01:14:00,624.64,1506.85,915.37,30.04,2592.46,9993.18,1.586
2026-01-02 01:15:00,625.03,1522.34,923.75,30.65,2600.96,10024.43,1.716
2026-01-02 01:16:00,622.29,1513.55,916.6,30.56,2583.15,10043.46,1.757
2026-01-02 01:17:00,624.9,1529.95,922.28,30.73,2589.74,10054.25,1.647
2026-01-02 01:18:00,625.01,1516.6,915.0,31.34,2610.48,10060.42,1.661
2026-01-02 01:19:00,620.21,1508.49,912.32,30.51,2605.71,10032.83,1.558
2026-01-02 01:20:00,624.17,1511.6,914.54,30.06,2579.59,10023.69,1.673
2026-01-02 01:21:00,626.58,1505.76,914.85,30.36,2589.21,10010.8,1.666
2026-01-02 01:22:00,625.84,1516.49,916.34,30.79,2592.0,10052.02,1.621
2026-01-02 01:23:00,629.18,1518.1,918.25,30.88,2595.26,10078.17,1.687
2026-01-02 01:24:00,622.53,1511.9,917.42,30.29,2600.73,10042.38,1.693
2026-01-02 01:25:00,628.64,1518.15,921.3,30.73,2605.57,10050.53,1.778
2026-01-02 01:26:00,630.32,1525.95,919.49,31.16,2592.63,10088.38,1.707
2026-01-02 01:27:00,628.35,1519.77,918.22,30.8,2601.09,10083.04,1.661
2026-01-02 01:28:00,624.81,1504.03,911.13,30.23,2594.81,10019.0,1.796
2026-01-02 01:29:00,626.38,1523.02,920.58,30.89,2591.44,10069.99,1.777
2026-01-02 01:30:00,628.51,1524.18,920.55,31.08,2578.49,10081.87,1.628
2026-01-02 01:31:00,623.37,1521.01,920.37,31.27,2600.39,10086.29,1.793
2026-01-02 01:32:00,631.12,1516.02,923.38,30.72,2597.12,10087.26,1.695
2026-01-02 01:33:00,621.13,1509.25,922.47,30.75,2595.0,10077.12,1.81
2026-01-02 01:34:00,632.08,1526.6,919.11,31.31,2585.19,10106.82,1.722
2026-01-02 01:35:00,626.56,1523.14,916.51,31.12,2606.86,10059.07,1.568
2026-01-02 01:36:00,629.5,1520.1,918.71,31.89,2593.89,10097.16,1.701
2026-01-02 01:37:00,627.98,1515.44,917.08,30.23,2580.44,10017.44,1.606
2026-01-02 01:38:00,626.78,1513.44,920.0,30.55,2580.04,10040.43,1.643
2026-01-02 01:39:00,625.04,1532.25,919.69,31.02,2599.03,10121.47,1.585
2026-01-02 01:40:00,626.86,1518.97,920.43,31.11,2597.13,10066.4,1.709
2026-01-02 01:41:00,622.58,1518.26,924.56,31.4,2588.93,10096.4,1.583
2026-01-02 01:42:00,626.1,1517.64,921.98,30.77,2594.65,10052.99,1.697
2026-01-02 01:43:00,624.74,1516.12,919.0,30.75,2597.33,10079.84,1.538
2026-01-02 01:44:00,629.93,1525.92,925.34,31.97,2594.3,10110.24,1.671
2026-01-02 01:45:00,623.61,1516.66,919.08,31.27,2585.89,10067.23,1.764
2026-01-02 01:46:00,621.1,1511.67,919.23,30.57,2598.03,10037.22,1.749
2026-01-02 01:47:00,626.05,1525.27,919.79,30.91,2597.53,10049.8,1.641
2026-01-02 01:48:00,630.08,1520.4,921.21,31.08,2596.55,10080.24,1.775
2026-01-02 01:49:00,626.93,1522.98,917.72,31.3,2585.42,10082.42,1.587
2026-01-02 01:50:00,629.45,1513.77,917.29,30.1,2579.51,10032.65,1.768
2026-01-02 01:51:00,624.26,1518.0,915.94,30.68,2593.13,10093.21,1.837
2026-01-02 01:52:00,627.11,1521.51,916.27,30.73,2599.37,10078.27,1.713
2026-01-02 01:53:00,626.68,1510.97,919.02,30.54,2599.39,10055.91,1.675
2026-01-02 01:54:00,623.3,1516.65,917.68,30.87,2596.57,10077.4,1.541
2026-01-02 01:55:00,628.75,1517.49,916.03,30.9,2587.58,10058.96,1.708
2026-01-02 01:56:00,623.12,1519.41,918.96,30.79,2584.95,10064.14,1.77
2026-01-02 01:57:00,622.75,1523.74,922.1,31.52,2593.18,10113.82,1.791
2026-01-02 01:58:00,627.74,1523.98,921.16,30.67,2591.64,10072.37,1.737
2026-01-02 01:59:00,625.83,1522.41,920.15,30.7,2600.71,10076.09,1.613
2026-01-02 02:00:00,628.76,1518.21,922.37,30.89,2587.61,10065.79,1.729
2026-01-02 02:01:00,623.93,1530.41,920.5,31.08,2589.25,10090.88,1.672
2026-01-02 02:02:00,626.78,1515.15,921.37,30.95,2608.09,10071.05,1.837
2026-01-02 02:03:00,625.96,1523.6,918.72,30.89,2603.52,10057.06,1.759
2026-01-02 02:04:00,626.16,1513.78,922.53,31.23,2584.24,10061.96,1.737
2026-01-02 02:05:00,628.53,1518.95,922.64,31.17,2604.05,10087.77,1.742
2026-01-02 02:06:00,625.01,1519.35,918.46,31.31,2582.41,10064.26,1.642
2026-01-02 02:07:00,627.49,1519.52,920.03,31.34,2589.03,10092.81,1.678
2026-01-02 02:08:00,629.5,1521.51,924.84,31.63,2590.55,10108.67,1.911
2026-01-02 02:09:00,624.22,1515.68,916.77,31.32,2591.34,10079.02,1.659
2026-01-02 02:10:00,623.88,1526.62,917.25,31.43,2597.48,10093.4,1.745
2026-01-02 02:11:00,625.87,1522.5,923.68,30.84,2592.77,10077.84,1.738
2026-01-02 02:12:00,627.25,1532.0,920.93,31.22,2596.57,10071.02,1.724
2026-01-02 02:13:00,625.93,1525.42,915.84,30.84,2588.41,10070.27,1.737
2026-01-02 02:14:00,624.14,1515.95,918.71,30.75,2593.86,10050.82,1.856
2026-01-02 02:15:00,625.75,1507.83,922.22,30.85,2591.91,10061.41,1.727
2026-01-02 02:16:00,626.85,1517.44,920.55,31.44,2581.14,10086.33,1.777
2026-01-02 02:17:00,631.42,1526.49,923.53,31.77,2597.6,10124.53,1.749
2026-01-02 02:18:00,625.99,1508.99,918.99,30.1,2590.96,10033.53,1.675
2026-01-02 02:19:00,622.26,1524.38,921.82,31.73,2586.69,10090.39,1.779
2026-01-02 02:20:00,626.1,1529.36,924.79,32.01,2590.71,10134.16,1.894
2026-01-02 02:21:00,621.43,1522.26,924.89,31.39,2590.12,10113.9,1.866
2026-01-02 02:22:00,628.0,1525.1,925.84,30.97,2590.59,10094.24,1.492
2026-01-02 02:23:00,625.76,1529.37,921.78,31.37,2606.27,10085.03,1.602
2026-01-02 02:24:00,628.01,1524.08,917.44,30.64,2608.23,10067.42,1.887
2026-01-02 02:25:00,627.23,1517.66,920.95,30.71,2568.58,10038.44,1.653
2026-01-02 02:26:00,623.83,1511.58,916.48,30.73,2594.15,10034.96,1.662
2026-01-02 02:27:00,628.06,1528.18,926.42,31.72,2601.98,10140.31,1.742
2026-01-02 02:28:00,626.32,1518.99,916.22,30.69,2589.72,10065.94,1.615
2026-01-02 02:29:00,626.04,1530.23,924.8,30.93,2599.37,10078.68,1.669
2026-01-02 02:30:00,622.04,1521.85,917.47,30.68,2604.83,10069.71,1.68
2026-01-02 02:31:00,628.13,1525.27,921.29,30.99,2580.63,10069.75,1.683
2026-01-02 02:32:00,628.94,1525.23,925.57,31.26,2593.37,10087.67,1.661
2026-01-02 02:33:00,630.6,1527.38,922.78,31.74,2609.07,10116.49,1.839
2026-01-02 02:34:00,625.81,1522.67,925.26,31.26,2583.26,10109.88,1.752
2026-01-02 02:35:00,625.03,1528.08,924.58,31.79,2592.55,10117.94,1.779
2026-01-02 02:36:00,626.54,1523.16,920.42,31.19,2589.49,10107.63,1.765
2026-01-02 02:37:00,629.78,1524.69,927.93,31.8,2601.93,10118.86,1.726
2026-01-02 02:38:00,633.25,1531.8,930.24,31.83,2604.78,10163.5,1.754
2026-01-02 02:39:00,627.36,1517.84,920.04,31.82,2594.35,10107.02,1.639
2026-01-02 02:40:00,628.77,1519.72,913.19,31.14,2592.86,10095.5,1.805
2026-01-02 02:41:00,632.6,1534.16,929.16,32.2,2581.07,10152.52,1.788
2026-01-02 02:42:00,629.58,1524.09,921.02,32.16,2606.03,10147.98,1.894
2026-01-02 02:43:00,628.85,1527.4,922.22,30.89,2589.58,10090.45,1.772
2026-01-02 02:44:00,633.09,1521.71,920.93,31.57,2591.7,10101.64,1.879
2026-01-02 02:45:00,628.35,1533.69,928.28,31.75,2602.14,10140.87,1.759
2026-01-02 02:46:00,628.97,1530.78,922.0,31.77,2595.83,10137.87,1.709
2026-01-02 02:47:00,625.64,1522.75,924.41,31.59,2602.02,10131.2,1.929
2026-01-02 02:48:00,626.04,1527.56,918.41,32.16,2598.81,10131.01,1.872
2026-01-02 02:49:00,629.19,1525.81,923.26,31.14,2594.68,10107.06,1.609
2026-01-02 02:50:00,625.17,1530.31,924.74,31.7,2596.01,10119.16,1.806
2026-01-02 02:51:00,626.56,1530.61,925.77,30.79,2582.68,10071.44,1.782
2026-01-02 02:52:00,631.54,1529.95,922.69,31.47,2591.19,10089.74,1.724
2026-01-02 02:53:00,629.71,1523.8,925.29,32.07,2601.9,10111.45,1.659
2026-01-02 02:54:00,629.82,1523.88,921.64,30.95,2584.94,10083.23,1.721
2026-01-02 02:55:00,626.76,1525.86,926.9,31.93,2588.67,10141.54,1.806
2026-01-02 02:56:00,634.25,1536.0,932.0,32.16,2588.36,10167.38,1.759
2026-01-02 02:57:00,630.86,1522.46,923.2,31.16,2592.74,10067.45,1.78
2026-01-02 02:58:00,628.1,1531.02,921.71,31.53,2604.74,10118.99,1.64
2026-01-02 02:59:00,626.73,1526.9,922.62,31.81,2597.87,10118.5,1.783
2026-01-02 03:00:00,631.71,1530.88,926.74,31.56,2576.29,10123.94,1.929
2026-01-02 03:01:00,627.14,1529.59,930.23,32.27,2599.04,10127.63,1.825
2026-01-02 03:02:00,632.44,1528.77,932.34,31.35,2590.85,10141.46,1.906
2026-01-02 03:03:00,626.89,1537.69,923.27,32.28,2599.28,10162.52,1.8
2026-01-02 03:04:00,623.69,1531.28,923.39,31.86,2593.08,10138.65,1.804
2026-01-02 03:05:00,632.17,1532.18,919.86,31.98,2587.78,10148.46,1.762
2026-01-02 03:06:00,623.06,1523.57,926.34,30.61,2589.9,10040.59,1.667
2026-01-02 03:07:00,630.82,1532.12,929.41,32.13,2591.48,10157.5,1.846
2026-01-02 03:08:00,632.4,1530.1,927.57,31.82,2596.48,10132.01,1.706
2026-01-02 03:09:00,633.0,1535.97,926.48,32.17,2587.79,10153.97,1.869
2026-01-02 03:10:00,624.5,1518.84,922.4,31.56,2583.16,10083.97,1.776
2026-01-02 03:11:00,629.56,1534.13,926.71,30.94,2599.49,10121.99,1.675
2026-01-02 03:12:00,629.21,1526.73,922.38,32.19,2602.78,10129.01,1.856
2026-01-02 03:13:00,630.76,1526.73,921.82,32.13,2597.87,10111.58,1.931
2026-01-02 03:14:00,630.21,1529.8,925.19,31.25,2588.61,10126.21,1.847
2026-01-02 03:15:00,627.9,1535.86,927.75,32.46,2590.04,10181.73,1.674
2026-01-02 03:16:00,625.06,1525.45,923.16,31.61,2587.12,10094.86,1.937
2026-01-02 03:17:00,625.51,1538.63,927.62,32.47,2602.5,10166.84,1.638
2026-01-02 03:18:00,630.39,1528.76,922.95,31.93,2586.68,10112.8,1.626
2026-01-02 03:19:00,630.6,1529.59,923.92,31.61,2600.37,10113.48,1.624
2026-01-02 03:20:00,625.72,1517.32,922.85,30.61,2597.24,10083.65,1.715
2026-01-02 03:21:00,630.58,1526.85,928.69,32.27,2604.41,10144.48,1.638
2026-01-02 03:22:00,623.51,1519.7,923.33,31.08,2600.1,10069.57,1.545
2026-01-02 03:23:00,634.33,1533.27,926.29,32.23,2598.63,10138.8,1.732
2026-01-02 03:24:00,624.36,1523.52,920.33,30.81,2580.63,10089.77,1.684
2026-01-02 03:25:00,629.46,1531.77,923.2,31.31,2598.47,10120.88,1.747
2026-01-02 03:26:00,626.73,1528.88,929.06,31.7,2594.73,10126.41,1.814
2026-01-02 03:27:00,632.79,1533.19,927.13,32.72,2592.79,10177.19,1.942
2026-01-02 03:28:00,632.54,1538.63,923.22,31.82,2603.9,10105.89,1.754
2026-01-02 03:29:00,623.91,1526.07,924.92,31.45,2592.42,10121.86,1.807
2026-01-02 03:30:00,631.08,1531.98,929.72,31.81,2590.19,10142.31,1.767
2026-01-02 03:31:00,636.58,1529.59,926.06,32.9,2604.18,10162.02,1.903
2026-01-02 03:32:00,631.61,1532.52,929.03,31.73,2591.08,10139.59,1.91
2026-01-02 03:33:00,628.06,1525.91,923.9,32.04,2589.69,10139.7,1.741
2026-01-02 03:34:00,629.94,1537.14,925.97,31.43,2584.35,10115.09,1.658
2026-01-02 03:35:00,626.44,1522.0,925.18,31.43,2586.14,10098.01,1.702
2026-01-02 03:36:00,636.07,1531.61,930.74,31.53,2588.07,10130.12,1.742
2026-01-02 03:37:00,629.62,1520.3,920.82,30.68,2596.44,10066.54,1.703
2026-01-02 03:38:00,634.08,1529.74,930.23,31.96,2586.69,10153.01,1.801
2026-01-02 03:39:00,636.19,1530.64,927.36,31.49,2578.76,10121.81,1.754
2026-01-02 03:40:00,638.03,1541.1,932.86,32.56,2598.91,10195.2,1.741
2026-01-02 03:41:00,628.47,1530.66,927.73,31.86,2588.83,10128.83,1.758
2026-01-02 03:42:00,630.56,1528.01,924.12,32.68,2595.15,10164.27,1.834
2026-01-02 03:43:00,639.66,1535.21,932.8,32.33,2606.3,10183.9,1.952
2026-01-02 03:44:00,630.91,1540.49,929.65,32.23,2596.6,10183.63,1.785
2026-01-02 03:45:00,629.15,1534.59,928.61,31.74,2606.0,10129.42,1.776
2026-01-02 03:46:00,628.64,1531.44,928.36,31.67,2593.8,10140.18,1.778
2026-01-02 03:47:00,626.28,1532.83,926.22,31.09,2601.31,10112.13,1.721
2026-01-02 03:48:00,629.13,1538.84,929.94,32.59,2591.22,10172.51,1.78
2026-01-02 03:49:00,627.54,1539.04,923.51,31.48,2594.0,10109.24,1.61
2026-01-02 03:50:00,629.19,1532.53,925.39,32.21,2587.68,10160.73,1.844
2026-01-02 03:51:00,629.74,1528.14,921.05,31.02,2586.74,10112.22,1.816
2026-01-02 03:52:00,631.16,1532.34,925.27,31.62,2592.21,10131.51,1.747
2026-01-02 03:53:00,634.28,1527.15,919.68,31.78,2584.44,10158.77,1.846
2026-01-02 03:54:00,631.0,1531.97,924.9,32.29,2596.78,10170.2,1.678
2026-01-02 03:55:00,628.74,1530.83,923.19,31.75,2591.46,10128.32,1.895
2026-01-02 03:56:00,632.02,1532.3,931.46,32.19,2597.01,10160.45,1.746
2026-01-02 03:57:00,636.58,1525.56,925.07,31.75,2583.94,10142.86,1.77
2026-01-02 03:58:00,628.82,1531.25,923.97,31.52,2599.53,10129.24,1.852
2026-01-02 03:59:00,632.96,1523.62,925.96,31.78,2607.77,10136.31,1.669
2026-01-02 04:00:00,625.66,1519.78,926.13,31.8,2605.75,10127.86,1.738
2026-01-02 04:01:00,628.84,1521.39,925.46,31.63,2609.28,10132.73,1.723
2026-01-02 04:02:00,635.32,1521.8,927.15,31.21,2593.44,10108.31,1.802
2026-01-02 04:03:00,635.04,1540.86,932.59,32.25,2593.2,10183.31,1.755
2026-01-02 04:04:00,626.68,1530.11,927.38,31.57,2597.82,10129.27,1.839
2026-01-02 04:05:00,629.8,1542.72,926.91,32.09,2593.34,10163.57,1.832
2026-01-02 04:06:00,634.41,1532.99,931.29,31.59,2580.36,10138.81,1.663
2026-01-02 04:07:00,631.98,1541.37,922.21,32.21,2602.14,10172.26,1.887
2026-01-02 04:08:00,630.44,1529.13,929.79,32.46,2593.23,10159.94,1.957
2026-01-02 04:09:00,630.92,1537.05,930.68,32.06,2583.32,10158.71,1.734
2026-01-02 04:10:00,629.71,1525.18,930.02,31.51,2590.1,10135.62,1.744
2026-01-02 04:11:00,632.3,1525.24,923.34,30.84,2591.29,10105.2,1.653
2026-01-02 04:12:00,627.36,1532.9,923.0,31.68,2592.55,10091.6,1.739
2026-01-02 04:13:00,629.07,1530.31,923.09,32.11,2594.36,10135.91,1.873
2026-01-02 04:14:00,630.88,1526.85,921.65,32.06,2605.61,10148.33,1.743
2026-01-02 04:15:00,629.62,1534.06,928.02,32.1,2583.84,10135.11,1.711
2026-01-02 04:16:00,628.42,1531.44,924.1,32.01,2593.11,10139.72,1.891
2026-01-02 04:17:00,635.62,1542.32,930.77,32.79,2589.94,10207.72,1.795
2026-01-02 04:18:00,628.72,1531.42,920.71,31.22,2603.39,10114.49,1.708
2026-01-02 04:19:00,629.94,1530.69,931.29,32.39,2589.94,10142.63,1.773
2026-01-02 04:20:00,630.9,1527.68,923.12,31.28,2590.18,10104.04,1.617
2026-01-02 04:21:00,631.36,1531.37,927.92,31.51,2601.96,10120.26,1.703
2026-01-02 04:22:00,626.98,1529.86,927.76,32.39,2606.35,10176.44,1.974
2026-01-02 04:23:00,629.7,1522.3,923.78,31.12,2603.89,10082.82,1.794
2026-01-02 04:24:00,630.7,1536.99,927.62,32.18,2581.65,10151.85,1.85
2026-01-02 04:25:00,636.99,1537.05,934.42,33.25,2601.74,10231.18,1.93
2026-01-02 04:26:00,636.19,1542.46,928.78,31.63,2596.2,10132.33,1.833
2026-01-02 04:27:00,632.05,1540.69,932.16,32.24,2594.93,10165.88,1.782
2026-01-02 04:28:00,631.93,1537.83,928.26,32.77,2597.02,10195.33,1.838
2026-01-02 04:29:00,634.98,1534.92,925.12,32.07,2605.64,10166.35,1.845
2026-01-02 04:30:00,628.75,1534.15,925.6,31.99,2601.92,10121.4,1.735
2026-01-02 04:31:00,632.72,1526.87,923.4,31.2,2599.57,10090.27,1.85
2026-01-02 04:32:00,631.8,1536.22,931.08,32.77,2597.38,10175.77,1.69
2026-01-02 04:33:00,630.13,1543.98,925.99,32.11,2614.14,10182.33,1.807
2026-01-02 04:34:00,636.1,1526.71,926.51,31.78,2590.38,10120.64,1.862
2026-01-02 04:35:00,633.05,1532.41,927.9,31.82,2581.88,10152.25,1.883
2026-01-02 04:36:00,635.01,1531.59,926.11,31.84,2592.57,10149.16,1.76
2026-01-02 04:37:00,631.0,1534.15,927.03,32.29,2595.33,10153.73,1.83
2026-01-02 04:38:00,632.77,1543.97,934.08,32.4,2606.4,10182.12,1.857
2026-01-02 04:39:00,622.41,1528.55,927.69,32.16,2589.19,10112.79,1.94
2026-01-02 04:40:00,636.32,1539.99,933.74,32.49,2599.62,10174.99,1.761
2026-01-02 04:41:00,630.62,1529.92,926.32,31.54,2582.04,10127.76,1.797
2026-01-02 04:42:00,630.64,1530.91,932.16,32.3,2603.81,10161.33,1.779
2026-01-02 04:43:00,636.81,1546.09,935.25,32.66,2597.26,10201.11,1.973
2026-01-02 04:44:00,634.09,1539.85,926.58,32.71,2593.86,10185.48,1.825
2026-01-02 04:45:00,629.9,1538.17,930.79,31.89,2611.62,10145.93,1.748
2026-01-02 04:46:00,631.42,1529.16,927.36,32.32,2603.85,10164.57,1.874
2026-01-02 04:47:00,630.75,1529.75,929.14,32.05,2586.37,10149.02,1.737
2026-01-02 04:48:00,634.12,1532.88,924.12,32.41,2594.92,10177.55,1.843
2026-01-02 04:49:00,631.52,1535.35,924.17,32.43,2617.05,10161.18,1.866
2026-01-02 04:50:00,630.84,1538.13,928.01,31.69,2610.91,10159.13,1.672
2026-01-02 04:51:00,630.77,1542.32,923.18,31.86,2601.6,10136.99,1.724
2026-01-02 04:52:00,629.62,1533.94,930.18,31.47,2578.9,10123.03,1.929
2026-01-02 04:53:00,628.45,1536.07,925.83,31.61,2605.18,10144.8,1.814
2026-01-02 04:54:00,632.43,1534.68,933.28,31.8,2589.63,10149.6,1.71
2026-01-02 04:55:00,631.92,1535.0,931.73,32.35,2606.71,10186.06,1.848
2026-01-02 04:56:00,626.99,1529.45,927.68,31.41,2587.37,10109.62,1.614
2026-01-02 04:57:00,633.92,1536.59,929.95,32.01,2598.37,10143.28,1.809
2026-01-02 04:58:00,630.54,1534.55,927.08,32.26,2589.9,10157.82,1.841
2026-01-02 04:59:00,634.4,1532.82,929.26,32.47,2593.39,10190.51,1.834
2026-01-02 05:00:00,631.09,1531.43,927.66,32.32,2599.44,10143.26,1.736
2026-01-02 05:01:00,633.4,1538.65,924.79,32.71,2586.41,10207.6,2.001
2026-01-02 05:02:00,628.83,1535.5,933.2,31.9,2614.76,10177.24,1.802
2026-01-02 05:03:00,627.28,1530.62,929.24,31.64,2585.69,10129.11,1.631
2026-01-02 05:04:00,631.31,1544.56,932.82,32.8,2588.25,10206.45,1.844
2026-01-02 05:05:00,631.74,1529.77,927.33,31.02,2599.23,10137.32,1.884
2026-01-02 05:06:00,631.12,1525.75,927.1,32.56,2605.74,10167.63,1.948
2026-01-02 05:07:00,630.35,1528.89,926.08,32.35,2593.15,10176.27,1.612
2026-01-02 05:08:00,624.6,1535.9,923.97,31.74,2586.19,10151.1,1.736
2026-01-02 05:09:00,635.07,1535.78,929.0,32.53,2589.49,10205.31,1.826
2026-01-02 05:10:00,633.29,1532.71,927.74,32.19,2586.45,10149.2,1.815
2026-01-02 05:11:00,633.78,1529.41,928.61,32.2,2597.08,10147.27,1.69
2026-01-02 05:12:00,628.9,1531.52,925.87,32.11,2594.89,10168.64,1.865
2026-01-02 05:13:00,634.04,1531.17,923.72,31.94,2598.87,10169.0,1.895
2026-01-02 05:14:00,635.73,1536.12,929.31,32.85,2599.91,10208.37,1.789
2026-01-02 05:15:00,634.93,1541.98,929.93,31.7,2600.18,10120.85,1.771
2026-01-02 05:16:00,633.85,1546.47,927.99,33.0,2593.85,10211.84,1.928
2026-01-02 05:17:00,636.0,1545.92,934.46,32.86,2591.61,10221.92,2.015
2026-01-02 05:18:00,635.31,1538.97,931.51,31.84,2595.55,10139.16,1.876
2026-01-02 05:19:00,636.8,1529.76,926.69,32.37,2595.27,10175.37,1.785
2026-01-02 05:20:00,630.37,1529.44,932.73,32.12,2596.37,10140.32,1.829
2026-01-02 05:21:00,631.66,1530.44,925.14,32.43,2589.27,10156.24,1.79
2026-01-02 05:22:00,625.95,1535.24,926.92,32.36,2599.69,10145.7,1.738
2026-01-02 05:23:00,633.73,1525.76,928.11,32.5,2585.76,10162.03,1.854
2026-01-02 05:24:00,632.6,1533.51,926.55,32.49,2591.26,10151.46,1.843
2026-01-02 05:25:00,633.15,1528.53,923.6,32.54,2604.52,10169.79,1.821
2026-01-02 05:26:00,628.96,1533.2,927.09,31.78,2585.42,10143.4,1.876
2026-01-02 05:27:00,634.14,1542.73,931.11,33.12,2605.18,10202.85,1.832
2026-01-02 05:28:00,634.65,1526.84,926.23,31.79,2583.79,10158.65,1.804
2026-01-02 05:29:00,638.23,1544.17,935.44,33.72,2585.2,10231.17,1.899
2026-01-02 05:30:00,638.37,1537.93,929.38,32.04,2583.53,10169.52,1.847
2026-01-02 05:31:00,634.71,1540.76,926.56,32.51,2596.43,10169.91,1.748
2026-01-02 05:32:00,628.07,1524.3,927.82,32.56,2601.08,10163.3,1.967
2026-01-02 05:33:00,634.44,1542.96,931.0,33.13,2607.91,10223.1,1.929
2026-01-02 05:34:00,632.7,1541.79,936.15,31.96,2605.72,10183.23,1.835
2026-01-02 05:35:00,635.23,1536.06,932.86,32.57,2603.88,10207.89,1.862
2026-01-02 05:36:00,633.18,1535.54,923.14,31.45,2586.2,10102.0,1.752
2026-01-02 05:37:00,637.23,1533.59,933.25,32.59,2589.18,10180.52,1.949
2026-01-02 05:38:00,629.85,1529.02,927.86,31.68,2600.19,10128.59,1.859
2026-01-02 05:39:00,636.25,1537.94,933.91,33.12,2609.18,10229.31,1.932
2026-01-02 05:40:00,637.17,1539.04,930.35,32.18,2588.0,10189.23,2.039
2026-01-02 05:41:00,636.63,1534.29,928.3,32.55,2605.32,10156.44,1.857
2026-01-02 05:42:00,625.38,1529.18,922.95,31.29,2577.56,10103.61,1.687
2026-01-02 05:43:00,632.48,1529.86,924.1,31.96,2597.13,10131.8,1.845
2026-01-02 05:44:00,630.79,1536.98,925.03,32.75,2594.98,10178.05,1.873
2026-01-02 05:45:00,633.16,1540.63,929.88,32.28,2594.66,10190.33,1.953
2026-01-02 05:46:00,631.22,1536.12,929.64,32.48,2596.2,10181.52,1.893
2026-01-02 05:47:00,628.35,1533.22,922.36,31.84,2587.19,10132.02,1.797
2026-01-02 05:48:00,629.49,1539.12,931.55,32.35,2599.43,10179.3,1.909
2026-01-02 05:49:00,631.38,1541.71,932.1,32.6,2596.2,10175.62,1.694
2026-01-02 05:50:00,627.53,1524.79,923.71,31.19,2600.32,10101.52,1.796
2026-01-02 05:51:00,633.35,1541.38,928.19,32.31,2608.25,10170.67,1.869
2026-01-02 05:52:00,633.16,1528.86,930.41,32.34,2596.93,10180.74,1.726
2026-01-02 05:53:00,627.98,1537.07,926.3,32.87,2588.95,10169.92,1.833
2026-01-02 05:54:00,636.31,1528.71,917.4,31.58,2584.84,10129.99,1.731
2026-01-02 05:55:00,630.83,1536.67,932.01,32.64,2609.55,10181.93,1.799
2026-01-02 05:56:00,628.72,1533.14,928.08,32.78,2608.19,10173.24,1.9
2026-01-02 05:57:00,633.8,1535.01,929.63,32.51,2603.87,10202.76,1.773
2026-01-02 05:58:00,631.63,1535.9,928.42,32.71,2597.11,10199.08,1.833
2026-01-02 05:59:00,629.81,1533.49,923.83,31.48,2600.43,10129.06,1.71
2026-01-02 06:00:00,633.5,1535.87,926.99,31.27,2604.46,10132.12,1.805
2026-01-02 06:01:00,631.66,1537.87,930.07,32.18,2590.81,10176.51,1.856
2026-01-02 06:02:00,631.33,1542.81,927.86,32.09,2595.59,10166.22,1.716
2026-01-02 06:03:00,635.55,1527.23,924.82,31.95,2586.06,10154.95,1.781
2026-01-02 06:04:00,633.05,1540.72,930.36,32.33,2594.8,10178.64,1.816
2026-01-02 06:05:00,630.85,1529.65,926.61,31.55,2605.74,10115.67,1.781
2026-01-02 06:06:00,632.08,1538.28,929.03,31.95,2604.0,10166.81,1.896
2026-01-02 06:07:00,632.95,1530.07,932.12,32.21,2596.1,10157.56,1.734
2026-01-02 06:08:00,630.71,1539.92,930.8,32.5,2573.71,10163.6,1.784
2026-01-02 06:09:00,632.16,1534.3,932.38,33.05,2591.47,10201.3,1.959
2026-01-02 06:10:00,628.21,1533.56,923.31,31.42,2594.04,10111.36,1.83
2026-01-02 06:11:00,627.46,1525.42,924.25,31.75,2591.59,10113.75,1.693
2026-01-02 06:12:00,635.61,1542.04,932.19,32.26,2596.17,10180.51,1.824
2026-01-02 06:13:00,633.98,1532.22,924.72,32.09,2597.14,10162.15,1.849
2026-01-02 06:14:00,627.1,1532.01,925.3,32.61,2591.86,10186.06,1.91
2026-01-02 06:15:00,636.06,1532.89,926.83,31.8,2594.28,10140.26,1.82
2026-01-02 06:16:00,635.26,1534.58,930.47,31.89,2594.07,10163.95,1.85
2026-01-02 06:17:00,636.97,1537.66,930.82,32.8,2590.73,10191.92,1.88
2026-01-02 06:18:00,632.91,1543.6,931.68,32.25,2610.76,10182.55,1.839
2026-01-02 06:19:00,628.33,1531.77,929.2,31.82,2590.74,10145.54,1.673
2026-01-02 06:20:00,625.6,1527.66,924.46,32.06,2576.08,10134.24,1.749
2026-01-02 06:21:00,638.07,1544.29,929.82,33.0,2611.4,10211.9,1.964
2026-01-02 06:22:00,630.49,1540.56,934.16,32.53,2589.29,10184.36,1.907
2026-01-02 06:23:00,629.96,1541.89,934.03,32.36,2603.95,10202.13,1.854
2026-01-02 06:24:00,629.89,1533.74,926.18,31.15,2587.62,10107.39,1.745
2026-01-02 06:25:00,630.14,1541.48,931.64,32.75,2601.08,10196.43,1.79
2026-01-02 06:26:00,635.25,1537.89,930.1,32.47,2595.18,10171.78,1.756
2026-01-02 06:27:00,636.62,1543.14,928.77,32.98,2605.29,10215.92,1.945
2026-01-02 06:28:00,631.98,1538.7,922.03,31.6,2592.17,10128.3,1.758
2026-01-02 06:29:00,630.5,1532.62,931.98,31.99,2589.76,10157.15,1.835
2026-01-02 06:30:00,634.41,1539.31,932.98,32.33,2597.53,10169.26,2.016
2026-01-02 06:31:00,636.96,1532.25,930.26,31.86,2592.11,10161.51,1.824
2026-01-02 06:32:00,626.91,1534.65,929.45,32.23,2579.83,10163.83,1.758
2026-01-02 06:33:00,635.88,1529.6,927.41,31.96,2590.74,10171.38,1.895
2026-01-02 06:34:00,635.38,1535.73,932.84,32.55,2619.95,10208.45,1.948
2026-01-02 06:35:00,632.25,1539.03,930.12,32.18,2580.5,10159.08,1.658
2026-01-02 06:36:00,633.14,1534.9,928.06,32.71,2598.22,10190.24,1.944
2026-01-02 06:37:00,632.79,1526.46,921.37,31.85,2592.07,10131.84,1.715
2026-01-02 06:38:00,632.4,1537.13,927.8,32.33,2611.1,10193.46,1.976
2026-01-02 06:39:00,626.7,1528.36,932.0,31.31,2585.15,10132.45,1.89
2026-01-02 06:40:00,633.57,1538.61,932.58,32.3,2596.35,10170.91,1.835
2026-01-02 06:41:00,629.2,1537.69,924.57,31.74,2600.79,10164.81,1.751
2026-01-02 06:42:00,631.04,1541.4,924.73,32.27,2593.34,10151.37,1.894
2026-01-02 06:43:00,628.43,1523.78,929.38,31.14,2586.86,10105.83,1.797
2026-01-02 06:44:00,630.74,1529.45,925.63,32.09,2593.17,10114.6,1.71
2026-01-02 06:45:00,627.53,1532.83,922.09,31.45,2591.32,10126.15,1.824
2026-01-02 06:46:00,630.47,1538.08,925.09,32.45,2593.15,10173.72,1.738
2026-01-02 06:47:00,632.69,1528.02,922.52,31.55,2601.36,10129.32,1.807
2026-01-02 06:48:00,630.71,1535.96,931.75,31.88,2597.67,10143.01,1.821
2026-01-02 06:49:00,631.31,1531.66,930.87,32.57,2600.57,10186.89,1.879
2026-01-02 06:50:00,632.07,1528.35,921.86,31.93,2596.5,10127.73,1.881
2026-01-02 06:51:00,632.7,1527.57,927.04,32.57,2603.27,10172.28,1.787
2026-01-02 06:52:00,631.71,1532.59,932.71,32.31,2605.47,10158.06,1.762
2026-01-02 06:53:00,634.38,1539.24,930.98,32.57,2593.26,10171.45,1.828
2026-01-02 06:54:00,632.58,1532.05,925.43,32.22,2602.31,10176.59,1.896
2026-01-02 06:55:00,633.03,1531.06,925.09,32.09,2584.12,10143.93,1.783
2026-01-02 06:56:00,628.22,1530.03,927.84,32.1,2577.17,10162.2,1.688
2026-01-02 06:57:00,636.94,1535.61,933.67,32.45,2609.86,10163.6,1.797
2026-01-02 06:58:00,630.43,1531.28,929.07,32.41,2593.1,10176.99,1.844
2026-01-02 06:59:00,625.57,1533.57,929.54,32.03,2596.35,10139.97,1.733
2026-01-02 07:00:00,631.16,1533.62,930.69,32.48,2586.03,10178.41,1.645
2026-01-02 07:01:00,629.28,1528.72,919.18,32.08,2584.19,10140.61,1.821
2026-01-02 07:02:00,632.54,1537.08,933.13,32.36,2590.56,10189.63,1.739
2026-01-02 07:03:00,631.29,1538.92,930.11,32.24,2601.62,10195.08,1.927
2026-01-02 07:04:00,634.97,1544.8,927.5,32.46,2591.17,10164.82,2.004
2026-01-02 07:05:00,630.02,1545.43,929.88,32.26,2591.77,10143.19,1.727
2026-01-02 07:06:00,625.91,1531.98,927.13,32.17,2589.3,10163.66,1.847
2026-01-02 07:07:00,632.17,1537.86,930.41,32.19,2603.97,10147.89,1.827
2026-01-02 07:08:00,636.36,1535.98,925.9,31.62,2601.72,10151.2,1.684
2026-01-02 07:09:00,629.59,1539.43,927.09,31.93,2591.06,10155.48,1.617
2026-01-02 07:10:00,631.07,1539.35,933.48,32.3,2600.95,10169.52,1.716
2026-01-02 07:11:00,629.85,1535.7,927.32,31.5,2592.53,10144.14,1.776
2026-01-02 07:12:00,634.61,1532.67,928.07,31.35,2591.22,10129.34,1.981
2026-01-02 07:13:00,628.85,1526.28,923.81,31.83,2593.68,10133.51,1.836
2026-01-02 07:14:00,627.39,1533.64,929.0,31.58,2599.07,10129.52,1.716
2026-01-02 07:15:00,629.54,1526.83,924.72,31.26,2585.67,10100.78,1.688
2026-01-02 07:16:00,633.68,1537.35,928.69,32.48,2600.34,10191.23,1.791
2026-01-02 07:17:00,635.99,1534.64,935.85,32.38,2616.64,10199.83,1.704
2026-01-02 07:18:00,631.44,1535.5,930.17,32.6,2598.0,10196.72,1.781
2026-01-02 07:19:00,627.48,1525.35,924.98,31.81,2594.42,10134.98,1.828
2026-01-02 07:20:00,635.68,1537.92,925.98,32.43,2595.64,10190.85,1.828
2026-01-02 07:21:00,635.05,1545.6,929.22,32.51,2600.3,10194.97,1.817
2026-01-02 07:22:00,632.83,1534.3,929.26,31.78,2581.31,10136.33,1.86
2026-01-02 07:23:00,631.6,1532.54,927.98,31.98,2607.65,10132.52,1.699
2026-01-02 07:24:00,630.77,1521.22,923.74,31.4,2600.87,10106.12,1.799
2026-01-02 07:25:00,632.71,1538.78,928.17,31.86,2590.49,10173.72,1.738
2026-01-02 07:26:00,628.38,1529.94,925.34,31.45,2594.21,10130.36,1.854
2026-01-02 07:27:00,633.68,1520.62,926.62,31.61,2588.45,10103.37,1.767
2026-01-02 07:28:00,626.61,1530.84,922.92,31.51,2596.16,10125.51,1.796
2026-01-02 07:29:00,636.21,1536.15,928.05,32.36,2596.25,10176.59,1.821
2026-01-02 07:30:00,635.67,1527.86,929.1,32.76,2597.3,10169.33,1.868
2026-01-02 07:31:00,629.32,1531.99,927.35,32.1,2586.3,10144.95,1.733
2026-01-02 07:32:00,628.96,1528.4,926.44,31.22,2590.12,10130.72,1.869
2026-01-02 07:33:00,628.0,1518.88,926.83,31.51,2601.41,10086.21,1.726
2026-01-02 07:34:00,630.42,1539.46,929.08,32.2,2590.86,10160.57,1.856
2026-01-02 07:35:00,633.59,1531.78,923.62,31.63,2572.2,10114.57,1.826
2026-01-02 07:36:00,627.28,1524.34,922.11,31.54,2591.93,10109.11,1.707
2026-01-02 07:37:00,628.25,1530.74,931.29,32.32,2614.22,10155.35,1.851
2026-01-02 07:38:00,629.8,1529.58,928.46,31.63,2600.47,10123.3,1.722
2026-01-02 07:39:00,631.24,1527.26,928.19,31.3,2589.07,10124.85,1.655
2026-01-02 07:40:00,632.75,1532.16,926.17,32.12,2594.4,10152.1,1.824
2026-01-02 07:41:00,633.24,1535.03,928.95,32.21,2601.71,10189.81,2.018
2026-01-02 07:42:00,630.55,1532.52,929.69,32.75,2581.46,10170.34,1.774
2026-01-02 07:43:00,630.75,1531.89,922.9,31.46,2586.55,10116.08,1.815
2026-01-02 07:44:00,630.47,1532.32,928.04,31.85,2597.48,10139.08,1.862
2026-01-02 07:45:00,623.29,1526.76,930.56,31.42,2606.25,10118.51,1.684
2026-01-02 07:46:00,628.92,1537.25,926.28,32.01,2590.96,10143.76,1.751
2026-01-02 07:47:00,632.5,1530.16,927.45,31.98,2606.84,10139.17,1.896
2026-01-02 07:48:00,629.47,1528.99,925.49,31.98,2589.08,10160.02,1.869
2026-01-02 07:49:00,630.88,1529.83,932.57,32.19,2567.81,10154.36,1.817
2026-01-02 07:50:00,632.33,1532.6,921.79,31.78,2599.95,10131.34,1.663
2026-01-02 07:51:00,629.32,1526.28,930.17,32.24,2599.77,10168.59,1.779
2026-01-02 07:52:00,629.6,1529.8,927.01,31.9,2600.81,10155.2,1.853
2026-01-02 07:53:00,626.67,1522.74,918.59,32.04,2598.73,10109.58,1.517
2026-01-02 07:54:00,631.02,1534.84,924.51,32.38,2596.44,10154.78,1.876
2026-01-02 07:55:00,623.77,1522.73,925.32,30.95,2589.06,10057.67,1.813
2026-01-02 07:56:00,633.54,1527.64,927.66,31.76,2591.42,10110.56,1.914
2026-01-02 07:57:00,629.75,1531.94,925.09,32.6,2592.48,10187.12,1.945
2026-01-02 07:58:00,628.28,1528.93,922.3,31.83,2591.25,10143.07,1.832
2026-01-02 07:59:00,629.23,1519.76,921.57,30.61,2578.09,10094.88,1.818
2026-01-02 08:00:00,628.61,1522.99,925.79,31.01,2583.01,10098.6,1.73
2026-01-02 08:01:00,628.88,1538.04,928.54,33.0,2594.69,10182.8,1.795
2026-01-02 08:02:00,631.73,1522.01,919.66,31.58,2574.71,10096.25,1.792
2026-01-02 08:03:00,630.44,1534.49,928.83,32.54,2580.01,10184.76,1.775
2026-01-02 08:04:00,629.76,1530.49,930.23,31.4,2591.42,10133.85,1.758
2026-01-02 08:05:00,629.51,1519.34,925.67,31.69,2592.32,10114.69,1.949
2026-01-02 08:06:00,634.82,1521.62,919.76,31.61,2591.27,10125.7,1.725
2026-01-02 08:07:00,627.62,1527.65,921.03,31.52,2573.78,10100.96,1.78
2026-01-02 08:08:00,629.52,1531.58,927.9,31.78,2607.25,10152.92,1.68
2026-01-02 08:09:00,632.8,1531.76,928.36,31.67,2582.6,10133.65,1.726
2026-01-02 08:10:00,632.58,1525.71,926.45,31.55,2586.21,10099.53,1.695
2026-01-02 08:11:00,629.9,1524.47,925.35,32.29,2584.03,10134.66,1.783
2026-01-02 08:12:00,628.04,1524.09,925.94,31.53,2604.2,10126.6,1.715
2026-01-02 08:13:00,633.36,1533.09,922.47,32.08,2598.99,10173.04,1.807
2026-01-02 08:14:00,622.67,1525.7,921.98,31.55,2588.88,10097.21,1.717
2026-01-02 08:15:00,631.31,1534.11,931.73,32.29,2592.04,10192.84,1.833
2026-01-02 08:16:00,625.46,1526.68,931.65,31.62,2595.89,10143.17,1.667
2026-01-02 08:17:00,627.17,1531.63,919.44,31.71,2583.7,10123.06,1.657
2026-01-02 08:18:00,627.58,1526.81,923.97,32.33,2597.19,10135.15,1.855
2026-01-02 08:19:00,622.03,1528.67,918.88,31.23,2588.7,10108.03,1.721
2026-01-02 08:20:00,628.23,1516.94,922.47,31.3,2597.09,10103.9,1.779
2026-01-02 08:21:00,631.62,1524.18,929.18,31.93,2598.3,10142.08,1.83
2026-01-02 08:22:00,627.31,1526.53,925.87,30.96,2587.29,10080.99,1.749
2026-01-02 08:23:00,622.32,1519.49,920.81,30.33,2574.72,10057.97,1.614
2026-01-02 08:24:00,632.33,1525.73,924.1,31.51,2590.73,10098.1,1.594
2026-01-02 08:25:00,631.45,1517.97,929.5,31.13,2580.46,10081.32,1.709
2026-01-02 08:26:00,629.46,1529.6,923.31,31.46,2593.51,10102.66,1.765
2026-01-02 08:27:00,627.27,1527.62,921.92,31.06,2590.02,10081.85,1.855
2026-01-02 08:28:00,627.33,1524.85,921.92,31.8,2588.31,10106.03,1.923
2026-01-02 08:29:00,634.11,1536.94,925.48,32.17,2585.17,10170.78,1.855
2026-01-02 08:30:00,629.91,1527.24,926.88,31.65,2603.94,10142.76,1.793
2026-01-02 08:31:00,631.06,1526.41,927.88,32.56,2591.45,10159.24,1.809
2026-01-02 08:32:00,627.63,1519.21,923.28,30.61,2611.09,10086.86,1.743
2026-01-02 08:33:00,626.53,1528.55,926.18,31.24,2592.9,10095.98,1.701
2026-01-02 08:34:00,627.76,1527.17,923.94,31.81,2597.01,10136.47,1.902
2026-01-02 08:35:00,626.97,1524.15,922.46,31.26,2592.96,10096.63,1.723
2026-01-02 08:36:00,632.08,1529.48,930.61,31.47,2597.02,10138.74,1.823
2026-01-02 08:37:00,623.39,1526.81,921.05,30.75,2600.67,10078.23,1.766
2026-01-02 08:38:00,628.24,1523.9,922.75,31.65,2601.83,10105.65,1.578
2026-01-02 08:39:00,628.17,1531.38,926.71,31.71,2578.73,10102.22,1.679
2026-01-02 08:40:00,628.28,1525.75,922.94,31.7,2600.96,10134.41,1.819
2026-01-02 08:41:00,631.6,1522.58,920.08,31.24,2597.15,10110.16,1.868
2026-01-02 08:42:00,631.76,1534.21,921.12,31.41,2594.55,10138.21,1.811
2026-01-02 08:43:00,629.74,1522.0,932.41,31.86,2607.3,10121.23,1.834
2026-01-02 08:44:00,632.24,1524.13,926.18,31.65,2606.99,10104.97,1.677
2026-01-02 08:45:00,632.05,1532.84,927.66,30.94,2600.9,10122.73,1.785
2026-01-02 08:46:00,629.73,1521.58,922.38,30.8,2588.63,10105.28,1.672
2026-01-02 08:47:00,627.61,1527.49,925.93,31.42,2583.39,10103.89,1.827
2026-01-02 08:48:00,627.19,1518.91,928.71,31.31,2598.55,10093.18,1.759
2026-01-02 08:49:00,631.17,1529.78,927.36,31.14,2603.43,10094.15,1.895
2026-01-02 08:50:00,627.5,1533.76,920.64,31.22,2576.24,10092.09,1.753
2026-01-02 08:51:00,624.48,1515.88,925.35,31.67,2602.6,10128.98,1.662
2026-01-02 08:52:00,627.97,1526.45,924.12,31.61,2591.51,10119.78,1.806
2026-01-02 08:53:00,634.16,1530.9,928.47,31.74,2580.1,10146.24,1.768
2026-01-02 08:54:00,619.95,1517.03,918.43,31.12,2595.93,10084.4,1.824
2026-01-02 08:55:00,633.44,1522.87,923.63,31.16,2600.02,10099.19,1.703
2026-01-02 08:56:00,626.8,1523.15,918.58,30.72,2588.73,10068.23,1.833
2026-01-02 08:57:00,628.33,1527.5,922.26,31.32,2585.61,10133.23,1.682
2026-01-02 08:58:00,631.9,1524.37,927.35,31.89,2608.2,10144.26,1.916
2026-01-02 08:59:00,631.69,1523.8,923.04,31.44,2587.15,10092.83,1.646
2026-01-02 09:00:00,628.79,1524.06,929.24,31.32,2602.25,10104.98,1.703
2026-01-02 09:01:00,629.8,1517.1,924.15,31.41,2581.15,10112.24,1.828
2026-01-02 09:02:00,630.52,1525.91,926.2,31.79,2596.52,10110.53,1.943
2026-01-02 09:03:00,628.3,1525.39,922.83,31.3,2595.02,10077.99,1.749
2026-01-02 09:04:00,624.14,1523.24,916.0,32.06,2600.6,10121.36,1.67
2026-01-02 09:05:00,627.47,1532.13,925.57,31.61,2603.88,10078.35,1.555
2026-01-02 09:06:00,623.4,1522.03,923.75,31.41,2586.45,10104.63,1.843
2026-01-02 09:07:00,627.93,1520.1,923.15,30.63,2595.74,10068.93,1.866
2026-01-02 09:08:00,625.66,1519.65,921.54,30.77,2580.58,10067.4,1.82
2026-01-02 09:09:00,624.19,1522.98,913.8,30.97,2580.29,10062.25,1.742
2026-01-02 09:10:00,630.3,1529.15,922.99,31.97,2588.93,10119.99,1.72
2026-01-02 09:11:00,625.7,1522.11,922.08,31.52,2597.33,10132.9,1.834
2026-01-02 09:12:00,628.58,1531.12,924.44,31.39,2606.18,10099.6,1.79
2026-01-02 09:13:00,628.65,1524.39,926.75,31.24,2607.93,10107.23,1.927
2026-01-02 09:14:00,627.52,1528.01,929.85,31.41,2590.25,10107.88,1.811
2026-01-02 09:15:00,629.15,1528.83,925.4,31.5,2595.81,10115.0,1.847
2026-01-02 09:16:00,632.8,1526.82,922.07,31.54,2600.64,10108.24,1.76
2026-01-02 09:17:00,628.52,1522.32,921.56,31.83,2598.85,10098.65,1.682
2026-01-02 09:18:00,630.13,1520.6,923.35,31.21,2590.71,10081.65,1.742
2026-01-02 09:19:00,634.85,1534.13,930.32,31.91,2595.33,10150.06,1.616
2026-01-02 09:20:00,628.7,1524.03,918.13,30.93,2591.17,10081.24,1.744
2026-01-02 09:21:00,621.76,1523.86,920.59,31.21,2590.89,10094.25,1.782
2026-01-02 09:22:00,627.6,1527.96,923.23,31.62,2591.5,10137.38,1.752
2026-01-02 09:23:00,625.11,1525.69,918.39,31.39,2591.88,10101.63,1.792
2026-01-02 09:24:00,632.14,1523.51,921.7,30.17,2587.91,10058.43,1.811
2026-01-02 09:25:00,626.72,1525.03,925.71,31.59,2584.56,10122.38,1.793
2026-01-02 09:26:00,623.37,1522.85,921.71,31.02,2598.85,10078.82,1.736
2026-01-02 09:27:00,618.41,1516.46,920.74,30.71,2595.94,10075.11,1.709
2026-01-02 09:28:00,626.61,1537.15,926.97,31.58,2608.75,10124.79,1.765
2026-01-02 09:29:00,628.51,1528.19,929.51,31.58,2595.64,10097.7,1.919
2026-01-02 09:30:00,627.66,1521.88,921.46,31.25,2588.33,10071.51,1.673
2026-01-02 09:31:00,627.39,1531.08,922.69,31.62,2588.96,10130.61,1.74
2026-01-02 09:32:00,631.05,1524.7,932.07,31.31,2592.7,10088.27,1.828
2026-01-02 09:33:00,626.77,1532.94,918.71,30.84,2596.87,10091.38,1.693
2026-01-02 09:34:00,628.39,1533.14,926.71,31.63,2591.89,10127.4,1.859
2026-01-02 09:35:00,627.56,1521.44,921.71,31.44,2581.14,10103.24,1.691
2026-01-02 09:36:00,630.3,1520.83,921.5,31.67,2586.72,10096.14,1.759
2026-01-02 09:37:00,625.77,1520.27,921.54,31.18,2591.61,10066.18,1.807
2026-01-02 09:38:00,624.93,1521.83,924.44,31.25,2598.31,10089.88,1.656
2026-01-02 09:39:00,628.53,1522.09,926.93,31.02,2580.65,10093.79,1.816
2026-01-02 09:40:00,627.66,1515.56,919.73,31.51,2594.41,10087.44,1.824
2026-01-02 09:41:00,624.75,1508.86,921.08,30.84,2593.35,10069.26,1.714
2026-01-02 09:42:00,629.29,1529.76,923.66,31.28,2588.7,10087.92,1.855
2026-01-02 09:43:00,620.63,1518.95,928.4,30.99,2587.17,10076.56,1.728
2026-01-02 09:44:00,625.05,1514.86,920.0,31.32,2585.4,10061.86,1.721
2026-01-02 09:45:00,625.83,1515.67,914.68,30.28,2591.29,10032.79,1.761
2026-01-02 09:46:00,623.66,1525.89,926.67,31.95,2602.89,10128.29,1.888
2026-01-02 09:47:00,618.14,1513.98,914.19,30.32,2599.48,10025.84,1.471
2026-01-02 09:48:00,629.07,1525.59,919.05,31.0,2582.39,10064.17,1.564
2026-01-02 09:49:00,628.3,1521.08,924.05,31.29,2589.99,10066.76,1.63
2026-01-02 09:50:00,631.75,1524.37,924.33,31.07,2575.92,10117.74,1.83
2026-01-02 09:51:00,623.51,1523.53,919.31,30.74,2591.98,10056.97,1.742
2026-01-02 09:52:00,627.65,1522.02,927.44,30.66,2596.27,10066.76,1.583
2026-01-02 09:53:00,626.14,1522.74,918.46,30.74,2603.31,10047.54,1.872
2026-01-02 09:54:00,621.86,1514.31,919.5,31.28,2577.82,10082.81,1.793
2026-01-02 09:55:00,627.53,1527.9,923.85,30.71,2582.62,10062.61,1.709
2026-01-02 09:56:00,625.39,1514.45,912.89,30.37,2591.51,10037.69,1.748
2026-01-02 09:57:00,629.34,1517.7,923.29,31.41,2579.9,10101.8,1.74
2026-01-02 09:58:00,622.61,1510.57,918.6,30.24,2591.9,10041.93,1.799
2026-01-02 09:59:00,629.31,1521.39,918.57,30.95,2596.4,10065.03,1.84
2026-01-02 10:00:00,627.4,1531.99,922.4,30.89,2581.84,10082.41,1.873
2026-01-02 10:01:00,630.97,1520.96,922.59,30.99,2592.31,10060.75,1.767
2026-01-02 10:02:00,630.65,1525.97,924.38,31.27,2583.84,10119.51,1.791
2026-01-02 10:03:00,624.87,1519.15,921.0,30.32,2601.26,10035.11,1.789
2026-01-02 10:04:00,620.12,1511.31,917.94,30.12,2591.46,10023.67,1.832
2026-01-02 10:05:00,620.38,1514.38,917.4,30.53,2585.53,10045.42,1.694
2026-01-02 10:06:00,630.45,1519.8,923.59,31.35,2581.91,10075.36,1.858
2026-01-02 10:07:00,628.31,1528.31,921.87,31.06,2594.49,10064.01,1.688
2026-01-02 10:08:00,624.68,1519.09,929.13,30.34,2601.09,10034.52,1.643
2026-01-02 10:09:00,622.22,1517.02,920.44,30.41,2584.26,10039.73,1.74
2026-01-02 10:10:00,626.97,1518.28,919.87,31.29,2588.48,10080.03,1.687
2026-01-02 10:11:00,619.62,1508.83,911.85,30.01,2583.75,10022.56,1.544
2026-01-02 10:12:00,625.81,1525.03,920.15,30.95,2604.1,10071.23,1.723
2026-01-02 10:13:00,631.35,1529.75,919.73,31.55,2578.56,10127.01,1.983
2026-01-02 10:14:00,627.39,1523.25,922.31,30.94,2602.03,10073.5,1.592
2026-01-02 10:15:00,624.92,1516.3,919.85,31.16,2588.68,10072.22,1.809
2026-01-02 10:16:00,627.96,1515.25,915.98,30.75,2590.99,10068.76,1.716
2026-01-02 10:17:00,624.28,1505.33,917.12,30.54,2587.04,10022.4,1.64
2026-01-02 10:18:00,621.75,1513.0,916.8,31.06,2592.3,10038.46,1.642
2026-01-02 10:19:00,619.6,1507.2,917.95,30.66,2584.55,10038.63,1.718
2026-01-02 10:20:00,623.62,1510.36,915.12,30.23,2598.1,10019.04,1.67
2026-01-02 10:21:00,626.34,1528.72,923.06,31.55,2601.35,10094.31,1.808
2026-01-02 10:22:00,623.35,1514.39,923.44,30.76,2584.04,10077.54,1.921
2026-01-02 10:23:00,625.63,1514.63,922.48,31.0,2596.03,10046.43,1.735
2026-01-02 10:24:00,625.65,1514.68,922.45,30.38,2587.71,10042.97,1.665
2026-01-02 10:25:00,626.01,1515.06,919.42,31.38,2591.75,10062.98,1.762
2026-01-02 10:26:00,626.05,1523.05,915.39,30.84,2604.06,10076.31,1.692
2026-01-02 10:27:00,618.43,1510.86,916.51,30.71,2585.11,10041.46,1.676
2026-01-02 10:28:00,627.45,1508.03,914.88,30.06,2597.63,10034.16,1.652
2026-01-02 10:29:00,621.76,1515.42,920.82,30.04,2592.84,10007.49,1.76
2026-01-02 10:30:00,624.25,1521.28,917.72,30.64,2590.0,10068.42,1.806
2026-01-02 10:31:00,621.3,1509.54,919.04,29.84,2592.43,10015.59,1.676
2026-01-02 10:32:00,626.2,1509.62,917.05,30.14,2590.4,9987.74,1.55
2026-01-02 10:33:00,628.59,1514.12,917.27,30.25,2581.26,10042.17,1.642
2026-01-02 10:34:00,622.79,1518.51,923.51,30.21,2585.19,10029.58,1.699
2026-01-02 10:35:00,618.24,1509.11,918.13,29.86,2580.75,10005.83,1.776
2026-01-02 10:36:00,620.51,1514.66,918.18,30.63,2587.69,10025.96,1.457
2026-01-02 10:37:00,624.45,1521.72,919.36,30.52,2600.44,10020.22,1.714
2026-01-02 10:38:00,618.61,1511.19,917.37,29.73,2591.83,9956.04,1.696
2026-01-02 10:39:00,619.23,1508.43,917.13,29.7,2577.14,9992.66,1.727
2026-01-02 10:40:00,622.89,1513.51,916.63,31.17,2589.15,10062.91,1.789
2026-01-02 10:41:00,625.24,1513.55,914.99,30.22,2591.98,10031.53,1.789
2026-01-02 10:42:00,621.25,1505.45,914.26,30.03,2595.49,10016.6,1.674
2026-01-02 10:43:00,622.41,1512.62,915.83,30.54,2585.77,10053.64,1.784
2026-01-02 10:44:00,624.14,1517.51,920.32,30.62,2581.3,10059.5,1.581
2026-01-02 10:45:00,624.15,1513.85,917.55,30.62,2590.31,10048.1,1.683
2026-01-02 10:46:00,623.58,1515.53,915.95,30.22,2594.72,10032.86,1.733
2026-01-02 10:47:00,623.03,1505.25,919.85,30.25,2591.35,10014.89,1.651
2026-01-02 10:48:00,617.88,1506.46,920.76,29.8,2583.15,10034.54,1.626
2026-01-02 10:49:00,624.23,1517.92,915.8,30.99,2605.65,10070.18,1.687
2026-01-02 10:50:00,622.39,1521.7,916.38,30.48,2590.29,10056.45,1.779
2026-01-02 10:51:00,621.44,1516.61,917.66,29.99,2590.91,10012.06,1.679
2026-01-02 10:52:00,622.14,1510.26,918.12,30.17,2584.57,10025.05,1.696
2026-01-02 10:53:00,627.07,1511.66,919.65,30.86,2599.58,10047.37,1.749
2026-01-02 10:54:00,624.92,1511.73,915.43,30.6,2594.87,10036.08,1.73
2026-01-02 10:55:00,624.26,1520.77,919.93,30.21,2592.15,10019.0,1.811
2026-01-02 10:56:00,621.86,1517.96,917.14,30.08,2580.45,10020.04,1.789
2026-01-02 10:57:00,617.8,1504.48,913.64,30.52,2598.61,10024.79,1.733
2026-01-02 10:58:00,617.08,1506.92,909.76,30.07,2593.85,9971.92,1.633
2026-01-02 10:59:00,625.11,1523.84,922.89,30.49,2598.47,10037.64,1.819
2026-01-02 11:00:00,622.92,1517.77,919.61,29.75,2589.64,10011.72,1.823
2026-01-02 11:01:00,617.8,1510.75,913.52,29.64,2587.75,9986.03,1.544
2026-01-02 11:02:00,623.27,1512.32,916.59,30.02,2587.08,9991.06,1.665
2026-01-02 11:03:00,624.5,1509.53,921.13,30.44,2608.75,10041.88,1.7
2026-01-02 11:04:00,615.07,1507.28,917.67,29.75,2584.45,9997.54,1.6
2026-01-02 11:05:00,621.52,1516.44,917.02,29.5,2578.61,9979.68,1.623
2026-01-02 11:06:00,626.33,1515.34,917.68,30.99,2588.72,10072.32,1.712
2026-01-02 11:07:00,620.73,1499.61,909.0,29.58,2584.52,9997.37,1.763
2026-01-02 11:08:00,622.04,1510.46,911.62,29.88,2598.64,9991.57,1.561
2026-01-02 11:09:00,621.59,1516.01,922.72,30.18,2578.51,10012.18,1.709
2026-01-02 11:10:00,622.33,1512.01,915.75,30.49,2586.17,10045.47,1.656
2026-01-02 11:11:00,622.51,1514.79,921.42,30.19,2591.74,10034.11,1.807
2026-01-02 11:12:00,623.73,1510.76,919.08,30.94,2601.04,10051.59,1.732
2026-01-02 11:13:00,620.55,1509.32,915.73,29.77,2594.89,10007.73,1.761
2026-01-02 11:14:00,625.17,1504.95,913.68,30.35,2602.75,10023.41,1.707
2026-01-02 11:15:00,624.67,1504.92,912.56,30.31,2592.04,10009.91,1.558
2026-01-02 11:16:00,620.27,1516.04,914.91,30.07,2587.36,10002.55,1.639
2026-01-02 11:17:00,618.7,1497.1,914.92,30.43,2596.11,10009.64,1.825
2026-01-02 11:18:00,618.38,1509.06,917.13,29.77,2578.11,10004.09,1.729
2026-01-02 11:19:00,623.65,1510.48,914.61,30.22,2576.43,10031.4,1.867
2026-01-02 11:20:00,623.68,1514.02,914.17,29.88,2596.68,9999.56,1.802
2026-01-02 11:21:00,622.3,1501.1,917.51,31.02,2591.15,10014.89,1.643
2026-01-02 11:22:00,621.01,1503.16,918.64,29.99,2596.2,9989.68,1.566
2026-01-02 11:23:00,619.78,1507.07,915.06,30.2,2582.16,10002.2,1.771
2026-01-02 11:24:00,616.01,1510.56,915.85,30.28,2599.51,10008.89,1.77
2026-01-02 11:25:00,620.06,1509.6,914.49,30.03,2594.3,10001.17,1.683
2026-01-02 11:26:00,628.8,1510.58,919.1,30.85,2590.35,10044.1,1.6
2026-01-02 11:27:00,620.63,1505.27,912.57,29.48,2590.39,9995.97,1.633
2026-01-02 11:28:00,622.58,1507.03,914.17,30.31,2592.38,10018.51,1.708
2026-01-02 11:29:00,624.82,1514.32,918.23,30.33,2582.69,10016.79,1.755
2026-01-02 11:30:00,618.75,1507.65,916.21,30.14,2585.47,9991.39,1.592
2026-01-02 11:31:00,625.16,1524.02,918.48,30.38,2593.5,10050.49,1.805
2026-01-02 11:32:00,621.21,1503.88,911.44,29.45,2584.67,9978.95,1.726
2026-01-02 11:33:00,618.73,1506.83,913.2,30.09,2578.15,10026.15,1.766
2026-01-02 11:34:00,620.01,1502.57,914.04,29.87,2590.48,9980.25,1.706
2026-01-02 11:35:00,623.04,1505.5,910.59,29.94,2595.02,9985.64,1.494
2026-01-02 11:36:00,619.76,1511.77,911.2,29.56,2596.85,9985.02,1.692
2026-01-02 11:37:00,617.42,1508.84,916.33,30.79,2594.07,10023.62,1.668
2026-01-02 11:38:00,621.2,1506.85,914.05,29.93,2595.04,9989.89,1.717
2026-01-02 11:39:00,620.67,1513.31,915.83,30.17,2597.22,10011.01,1.561
2026-01-02 11:40:00,620.4,1502.81,915.7,29.93,2589.49,9999.08,1.517
2026-01-02 11:41:00,617.38,1508.1,912.44,30.05,2571.42,9986.79,1.716
2026-01-02 11:42:00,624.74,1515.48,917.24,30.3,2598.77,10015.47,1.621
2026-01-02 11:43:00,623.67,1504.48,914.56,30.4,2581.52,9994.41,1.504
2026-01-02 11:44:00,618.58,1496.32,909.57,29.31,2578.72,9971.11,1.571
2026-01-02 11:45:00,614.52,1499.22,914.16,29.13,2578.66,9963.91,1.637
2026-01-02 11:46:00,619.1,1501.74,910.95,29.34,2607.39,9964.63,1.74
2026-01-02 11:47:00,621.34,1509.24,911.86,29.86,2591.61,9979.36,1.665
2026-01-02 11:48:00,619.56,1503.35,912.48,28.99,2577.91,9932.0,1.578
2026-01-02 11:49:00,622.24,1500.36,910.63,29.93,2582.29,9970.81,1.635
2026-01-02 11:50:00,618.11,1504.56,915.61,29.69,2588.27,9984.28,1.727
2026-01-02 11:51:00,619.99,1502.08,913.9,29.61,2591.28,9949.93,1.683
2026-01-02 11:52:00,615.4,1497.06,912.54,29.09,2589.06,9946.95,1.694
2026-01-02 11:53:00,618.01,1505.49,908.22,29.3,2578.52,9924.45,1.759
2026-01-02 11:54:00,620.09,1505.46,912.28,30.08,2590.65,9980.03,1.667
2026-01-02 11:55:00,619.61,1508.99,914.86,30.14,2584.83,10021.25,1.754
2026-01-02 11:56:00,621.61,1511.74,912.48,29.87,2596.54,9981.36,1.493
2026-01-02 11:57:00,615.15,1501.29,907.69,29.47,2587.58,9954.78,1.657
2026-01-02 11:58:00,620.53,1510.92,915.72,30.18,2582.96,10003.84,1.575
2026-01-02 11:59:00,619.24,1503.08,911.21,29.75,2592.71,9956.64,1.594
2026-01-02 12:00:00,616.7,1499.36,907.55,29.68,2590.31,9957.61,1.608
2026-01-02 12:01:00,613.85,1499.92,908.69,29.65,2583.68,9963.77,1.65
2026-01-02 12:02:00,616.8,1505.93,912.18,30.3,2595.12,10010.01,1.641
2026-01-02 12:03:00,620.24,1508.67,911.64,29.55,2593.55,9990.42,1.641
2026-01-02 12:04:00,623.98,1509.99,911.6,29.76,2597.82,9982.5,1.717
2026-01-02 12:05:00,619.25,1502.83,913.59,29.64,2594.34,9993.98,1.682
2026-01-02 12:06:00,624.51,1510.65,913.41,30.65,2589.11,10049.68,1.717
2026-01-02 12:07:00,609.57,1495.36,906.4,29.24,2572.31,9921.53,1.617
2026-01-02 12:08:00,618.16,1497.1,912.6,29.57,2589.12,9967.53,1.635
2026-01-02 12:09:00,614.65,1499.71,915.07,28.52,2589.11,9935.46,1.707
2026-01-02 12:10:00,615.93,1501.11,905.89,29.29,2587.98,9966.22,1.645
2026-01-02 12:11:00,616.67,1503.82,911.97,29.42,2562.68,9945.53,1.817
2026-01-02 12:12:00,613.59,1499.46,917.08,29.09,2592.06,9941.77,1.669
2026-01-02 12:13:00,623.99,1495.68,907.7,29.42,2579.3,9941.11,1.692
2026-01-02 12:14:00,617.19,1505.13,913.16,29.17,2592.82,9960.14,1.622
2026-01-02 12:15:00,619.68,1502.25,913.97,29.6,2601.05,9962.77,1.694
2026-01-02 12:16:00,622.56,1497.72,910.49,29.64,2585.48,9964.46,1.733
2026-01-02 12:17:00,619.55,1500.49,914.63,29.79,2591.21,9969.58,1.672
2026-01-02 12:18:00,615.85,1502.76,911.35,29.66,2588.65,9987.17,1.639
2026-01-02 12:19:00,617.46,1503.42,912.57,29.62,2591.4,9956.57,1.732
2026-01-02 12:20:00,616.79,1514.13,919.66,30.25,2589.36,9990.96,1.829
2026-01-02 12:21:00,617.3,1498.07,914.66,28.71,2582.64,9945.72,1.517
2026-01-02 12:22:00,618.69,1491.14,905.26,28.89,2578.33,9914.66,1.574
2026-01-02 12:23:00,612.38,1500.8,909.81,28.7,2599.11,9935.57,1.625
2026-01-02 12:24:00,612.53,1492.56,904.91,28.49,2588.58,9901.77,1.574
2026-01-02 12:25:00,622.16,1502.43,906.69,29.5,2594.64,9977.13,1.657
2026-01-02 12:26:00,616.79,1499.58,909.07,29.47,2590.58,9961.3,1.569
2026-01-02 12:27:00,614.35,1499.01,911.35,29.18,2594.0,9930.58,1.699
2026-01-02 12:28:00,621.71,1506.56,913.46,30.06,2581.25,9987.82,1.673
2026-01-02 12:29:00,617.02,1506.97,915.36,29.53,2587.97,9959.33,1.667
2026-01-02 12:30:00,611.65,1496.85,911.54,29.65,2591.42,9961.21,1.626
2026-01-02 12:31:00,612.16,1495.01,904.37,28.99,2597.07,9944.44,1.58
2026-01-02 12:32:00,620.53,1500.32,906.54,29.44,2607.86,9937.92,1.578
2026-01-02 12:33:00,617.91,1499.13,907.65,28.48,2590.12,9947.73,1.767
2026-01-02 12:34:00,620.93,1499.98,913.75,29.85,2582.04,9959.82,1.569
2026-01-02 12:35:00,611.19,1496.38,906.77,29.18,2575.92,9912.48,1.579
2026-01-02 12:36:00,616.41,1500.64,908.69,29.4,2579.33,9940.42,1.488
2026-01-02 12:37:00,616.4,1502.8,911.46,29.89,2580.73,9949.44,1.678
2026-01-02 12:38:00,615.01,1503.15,906.33,28.83,2563.58,9946.0,1.708
2026-01-02 12:39:00,615.83,1490.21,903.85,29.26,2580.73,9929.24,1.484
2026-01-02 12:40:00,612.92,1495.04,904.02,28.93,2591.36,9916.0,1.556
2026-01-02 12:41:00,619.29,1494.83,903.03,29.08,2586.59,9925.41,1.557
2026-01-02 12:42:00,617.84,1500.3,905.85,28.87,2584.36,9936.86,1.601
2026-01-02 12:43:00,617.05,1505.0,911.78,29.33,2573.66,9942.12,1.678
2026-01-02 12:44:00,618.57,1492.52,913.25,29.31,2595.01,9941.24,1.631
2026-01-02 12:45:00,615.09,1490.82,905.36,29.03,2590.64,9939.66,1.632
2026-01-02 12:46:00,611.2,1488.11,901.51,29.06,2586.06,9930.03,1.511
2026-01-02 12:47:00,614.49,1496.19,908.21,28.69,2568.37,9925.39,1.618
2026-01-02 12:48:00,616.76,1500.31,911.24,29.18,2582.83,9945.22,1.713
2026-01-02 12:49:00,614.49,1502.5,909.87,29.19,2589.25,9920.18,1.626
2026-01-02 12:50:00,619.02,1495.33,910.72,29.64,2586.88,9954.26,1.483
2026-01-02 12:51:00,619.07,1510.71,907.31,29.39,2588.05,9939.04,1.733
2026-01-02 12:52:00,616.74,1504.28,913.13,29.47,2592.1,9941.65,1.742
2026-01-02 12:53:00,616.52,1506.18,913.13,29.98,2589.37,9980.63,1.711
2026-01-02 12:54:00,616.24,1496.53,908.27,28.34,2589.64,9885.55,1.666
2026-01-02 12:55:00,616.27,1491.26,905.24,29.1,2579.24,9925.4,1.66
2026-01-02 12:56:00,614.18,1494.42,909.38,29.26,2576.12,9923.14,1.672
2026-01-02 12:57:00,612.64,1492.12,910.13,28.64,2589.7,9922.75,1.574
2026-01-02 12:58:00,612.81,1496.56,902.19,28.53,2591.02,9914.37,1.676
2026-01-02 12:59:00,614.0,1487.04,902.48,28.5,2589.68,9913.69,1.434
2026-01-02 13:00:00,619.86,1495.66,903.17,28.27,2586.16,9902.8,1.592
2026-01-02 13:01:00,613.6,1490.47,903.33,28.66,2583.13,9918.48,1.689
2026-01-02 13:02:00,613.44,1501.95,907.26,28.39,2586.2,9887.36,1.71
2026-01-02 13:03:00,619.36,1490.38,901.22,29.38,2588.97,9924.03,1.654
2026-01-02 13:04:00,612.47,1487.06,908.16,28.11,2587.13,9864.36,1.672
2026-01-02 13:05:00,613.62,1498.38,911.07,29.13,2608.3,9962.77,1.647
2026-01-02 13:06:00,614.39,1495.75,907.04,28.96,2578.32,9917.59,1.667
2026-01-02 13:07:00,614.94,1503.14,906.33,29.32,2612.84,9952.28,1.7
2026-01-02 13:08:00,621.93,1504.75,911.63,29.63,2578.33,9986.96,1.482
2026-01-02 13:09:00,611.27,1497.2,911.87,28.77,2588.77,9917.55,1.678
2026-01-02 13:10:00,617.24,1500.31,909.76,29.25,2576.33,9922.91,1.629
2026-01-02 13:11:00,613.02,1492.51,898.98,28.04,2586.57,9877.46,1.603
2026-01-02 13:12:00,611.24,1492.93,897.08,28.22,2592.7,9896.02,1.671
2026-01-02 13:13:00,616.61,1503.43,907.37,29.4,2587.05,9945.94,1.595
2026-01-02 13:14:00,612.51,1489.58,904.37,28.26,2591.97,9879.08,1.589
2026-01-02 13:15:00,613.1,1485.55,899.06,29.02,2581.45,9895.75,1.605
2026-01-02 13:16:00,613.4,1493.32,905.69,28.61,2568.51,9897.57,1.632
2026-01-02 13:17:00,614.23,1485.69,901.09,28.71,2590.17,9904.09,1.434
2026-01-02 13:18:00,611.01,1487.56,904.29,28.76,2584.87,9890.35,1.649
2026-01-02 13:19:00,619.37,1491.05,906.16,28.17,2580.88,9892.67,1.654
2026-01-02 13:20:00,618.99,1503.58,913.93,29.17,2582.92,9930.99,1.522
2026-01-02 13:21:00,614.17,1489.9,903.87,28.75,2588.71,9911.76,1.553
2026-01-02 13:22:00,610.79,1495.16,901.84,28.56,2577.35,9870.8,1.672
2026-01-02 13:23:00,617.87,1498.8,911.98,28.83,2588.93,9923.76,1.543
2026-01-02 13:24:00,615.74,1488.56,908.88,28.92,2595.09,9914.95,1.733
2026-01-02 13:25:00,613.35,1495.3,904.53,28.56,2601.36,9896.92,1.526
2026-01-02 13:26:00,610.03,1491.09,901.3,28.15,2594.32,9850.75,1.645
2026-01-02 13:27:00,613.42,1483.29,909.09,28.52,2585.98,9892.0,1.52
2026-01-02 13:28:00,618.06,1495.42,903.24,28.82,2587.26,9905.22,1.673
2026-01-02 13:29:00,616.07,1502.83,903.62,29.16,2581.92,9903.08,1.624
2026-01-02 13:30:00,611.41,1479.97,902.56,28.65,2581.4,9903.2,1.625
2026-01-02 13:31:00,613.88,1487.75,904.22,29.05,2592.77,9920.29,1.536
2026-01-02 13:32:00,614.98,1498.64,910.38,29.31,2582.69,9903.84,1.605
2026-01-02 13:33:00,608.26,1482.32,900.44,27.81,2585.01,9824.9,1.487
2026-01-02 13:34:00,613.52,1501.85,910.17,28.42,2578.33,9926.36,1.552
2026-01-02 13:35:00,613.54,1491.16,894.8,27.84,2593.92,9847.6,1.671
2026-01-02 13:36:00,617.09,1496.39,904.74,28.71,2583.39,9925.05,1.851
2026-01-02 13:37:00,619.54,1497.31,909.91,28.85,2593.5,9894.76,1.538
2026-01-02 13:38:00,616.39,1492.45,904.02,29.25,2581.14,9945.47,1.672
2026-01-02 13:39:00,614.58,1492.32,905.18,28.89,2578.76,9895.22,1.675
2026-01-02 13:40:00,611.51,1490.06,902.03,28.0,2593.09,9834.87,1.506
2026-01-02 13:41:00,609.64,1486.84,901.43,28.75,2579.72,9893.04,1.527
2026-01-02 13:42:00,615.03,1495.98,907.26,28.26,2572.09,9890.58,1.596
2026-01-02 13:43:00,615.4,1489.45,902.3,28.69,2576.32,9890.77,1.598
2026-01-02 13:44:00,616.46,1489.65,905.41,29.27,2592.57,9918.48,1.416
2026-01-02 13:45:00,618.54,1489.78,908.15,28.33,2591.1,9900.49,1.624
2026-01-02 13:46:00,612.52,1495.14,902.4,28.41,2578.31,9884.82,1.657
2026-01-02 13:47:00,611.33,1494.9,901.36,28.27,2578.44,9861.38,1.615
2026-01-02 13:48:00,609.2,1485.31,902.89,28.09,2588.52,9852.11,1.548
2026-01-02 13:49:00,609.26,1489.58,900.77,28.81,2594.82,9881.83,1.474
2026-01-02 13:50:00,614.83,1487.18,905.37,29.02,2584.92,9912.12,1.65
2026-01-02 13:51:00,612.55,1485.89,904.53,28.21,2587.69,9855.18,1.509
2026-01-02 13:52:00,615.15,1493.06,905.61,28.61,2591.15,9878.42,1.562
2026-01-02 13:53:00,614.53,1489.75,906.69,28.49,2601.08,9870.51,1.583
2026-01-02 13:54:00,615.3,1491.95,908.74,29.08,2576.9,9929.34,1.69
2026-01-02 13:55:00,608.74,1475.14,903.91,27.53,2576.42,9816.92,1.628
2026-01-02 13:56:00,608.78,1483.04,901.28,28.33,2579.13,9853.2,1.586
2026-01-02 13:57:00,608.24,1499.64,906.49,28.9,2592.81,9930.55,1.63
2026-01-02 13:58:00,610.6,1493.54,904.85,27.97,2580.88,9845.79,1.626
2026-01-02 13:59:00,609.03,1487.58,896.79,27.37,2584.39,9820.12,1.476
2026-01-02 14:00:00,614.48,1493.19,910.08,29.32,2587.33,9934.74,1.576
2026-01-02 14:01:00,611.78,1491.17,901.74,28.84,2584.56,9888.42,1.712
2026-01-02 14:02:00,612.69,1495.53,904.45,28.35,2585.57,9892.58,1.716
2026-01-02 14:03:00,610.46,1492.24,900.76,28.19,2591.88,9865.04,1.437
2026-01-02 14:04:00,610.25,1490.82,901.62,28.3,2576.43,9879.36,1.549
2026-01-02 14:05:00,613.71,1495.04,907.44,28.69,2583.01,9879.36,1.663
2026-01-02 14:06:00,615.86,1488.6,905.6,29.33,2576.14,9922.15,1.651
2026-01-02 14:07:00,612.65,1492.36,907.82,28.9,2587.82,9925.8,1.612
2026-01-02 14:08:00,613.35,1493.2,911.2,27.64,2582.61,9878.72,1.492
2026-01-02 14:09:00,611.09,1480.76,899.72,28.12,2590.98,9833.75,1.516
2026-01-02 14:10:00,612.04,1497.28,903.71,28.52,2584.44,9886.54,1.527
2026-01-02 14:11:00,615.44,1490.28,901.89,28.43,2580.65,9879.35,1.698
2026-01-02 14:12:00,616.4,1496.43,902.88,29.0,2583.23,9905.36,1.548
2026-01-02 14:13:00,611.87,1487.85,898.85,28.3,2597.92,9877.66,1.598
2026-01-02 14:14:00,612.3,1486.31,903.04,28.52,2572.4,9899.11,1.637
2026-01-02 14:15:00,616.38,1493.26,903.11,28.32,2579.15,9878.69,1.58
2026-01-02 14:16:00,615.17,1494.46,907.21,29.09,2586.12,9921.5,1.618
2026-01-02 14:17:00,609.47,1493.88,902.8,27.93,2576.96,9824.13,1.448
2026-01-02 14:18:00,611.79,1481.96,901.09,28.47,2587.06,9852.14,1.539
2026-01-02 14:19:00,610.04,1482.07,906.92,28.31,2583.11,9862.95,1.551
2026-01-02 14:20:00,609.87,1476.21,902.98,27.87,2584.7,9839.74,1.513
2026-01-02 14:21:00,608.77,1480.28,898.02,28.54,2584.85,9872.01,1.695
2026-01-02 14:22:00,606.02,1478.96,897.32,27.27,2580.64,9809.18,1.694
2026-01-02 14:23:00,610.88,1480.71,901.48,28.08,2571.78,9825.6,1.63
2026-01-02 14:24:00,606.77,1489.84,906.92,28.02,2584.25,9844.53,1.685
2026-01-02 14:25:00,609.95,1485.42,903.24,27.79,2568.36,9834.98,1.507
2026-01-02 14:26:00,609.86,1489.66,906.26,28.85,2580.83,9930.96,1.611
2026-01-02 14:27:00,609.94,1485.66,907.01,28.5,2587.9,9873.93,1.517
2026-01-02 14:28:00,613.93,1487.13,906.19,28.81,2595.1,9914.92,1.625
2026-01-02 14:29:00,610.47,1490.29,904.0,28.21,2602.45,9865.34,1.508
2026-01-02 14:30:00,613.96,1481.59,907.89,27.94,2580.6,9874.95,1.502
2026-01-02 14:31:00,612.09,1489.64,904.69,27.87,2575.96,9845.58,1.347
2026-01-02 14:32:00,607.64,1487.87,905.1,28.48,2588.99,9895.03,1.638
2026-01-02 14:33:00,613.74,1486.12,901.27,28.2,2598.2,9854.68,1.666
2026-01-02 14:34:00,612.07,1489.09,896.36,28.15,2595.86,9864.02,1.664
2026-01-02 14:35:00,609.76,1487.18,896.54,27.87,2576.25,9888.04,1.658
2026-01-02 14:36:00,608.85,1492.27,900.22,27.88,2581.76,9845.52,1.631
2026-01-02 14:37:00,605.95,1484.89,900.38,28.11,2591.16,9883.37,1.568
2026-01-02 14:38:00,614.77,1487.95,906.07,28.2,2591.69,9882.84,1.466
2026-01-02 14:39:00,611.55,1492.52,903.49,28.76,2589.2,9886.23,1.509
2026-01-02 14:40:00,609.35,1487.78,899.58,27.7,2579.71,9856.23,1.549
2026-01-02 14:41:00,610.16,1490.04,898.96,28.65,2589.35,9891.92,1.425
2026-01-02 14:42:00,612.53,1497.84,899.48,28.44,2592.08,9890.85,1.643
2026-01-02 14:43:00,613.2,1479.23,897.88,27.77,2575.31,9842.67,1.597
2026-01-02 14:44:00,608.83,1474.9,892.09,27.21,2591.92,9804.31,1.58
2026-01-02 14:45:00,613.06,1481.88,901.96,28.43,2591.93,9874.06,1.659
2026-01-02 14:46:00,611.34,1475.24,900.37,27.31,2574.55,9784.0,1.38
2026-01-02 14:47:00,614.83,1483.9,905.66,27.89,2591.31,9872.1,1.521
2026-01-02 14:48:00,613.16,1484.98,902.97,28.35,2589.62,9851.47,1.477
2026-01-02 14:49:00,611.85,1487.73,903.33,27.98,2590.58,9868.36,1.536
2026-01-02 14:50:00,607.49,1480.2,894.71,28.07,2595.46,9844.73,1.509
2026-01-02 14:51:00,610.04,1468.66,903.67,27.34,2581.73,9818.15,1.374
2026-01-02 14:52:00,607.79,1487.64,899.93,27.92,2585.69,9849.46,1.624
2026-01-02 14:53:00,610.76,1482.42,902.5,27.74,2562.02,9851.93,1.678
2026-01-02 14:54:00,607.36,1492.0,892.4,27.28,2590.06,9800.54,1.476
2026-01-02 14:55:00,610.66,1481.73,900.06,27.8,2590.64,9835.23,1.508
2026-01-02 14:56:00,615.0,1491.21,905.66,28.56,2596.34,9912.56,1.682
2026-01-02 14:57:00,611.41,1486.96,901.07,28.48,2576.65,9877.99,1.583
2026-01-02 14:58:00,611.28,1482.1,898.08,28.39,2591.48,9868.81,1.627
2026-01-02 14:59:00,612.27,1491.1,902.38,29.13,2592.46,9882.16,1.511
2026-01-02 15:00:00,613.71,1484.76,906.79,28.76,2579.32,9887.96,1.646
2026-01-02 15:01:00,605.6,1478.72,905.7,28.04,2590.61,9826.96,1.585
2026-01-02 15:02:00,605.77,1478.16,900.19,26.79,2584.3,9786.84,1.49
2026-01-02 15:03:00,607.97,1482.88,903.09,27.41,2569.05,9839.27,1.558
2026-01-02 15:04:00,611.16,1486.54,906.58,27.96,2587.73,9849.84,1.399
2026-01-02 15:05:00,606.56,1473.49,902.96,28.31,2576.38,9836.2,1.538
2026-01-02 15:06:00,612.1,1485.73,896.4,28.21,2568.29,9815.06,1.548
2026-01-02 15:07:00,607.82,1475.64,898.74,27.53,2584.96,9823.49,1.518
2026-01-02 15:08:00,614.15,1481.15,898.93,28.3,2583.77,9881.86,1.524
2026-01-02 15:09:00,607.98,1486.57,902.67,28.14,2594.19,9847.49,1.678
2026-01-02 15:10:00,609.46,1483.75,900.05,27.88,2584.17,9841.19,1.663
2026-01-02 15:11:00,608.53,1483.46,900.21,27.96,2589.16,9846.85,1.571
2026-01-02 15:12:00,609.89,1484.5,898.35,28.12,2586.88,9843.79,1.594
2026-01-02 15:13:00,606.3,1481.37,892.15,28.45,2590.41,9829.19,1.41
2026-01-02 15:14:00,602.6,1470.26,890.82,27.56,2573.51,9786.91,1.437
2026-01-02 15:15:00,603.57,1472.02,896.86,27.81,2582.53,9795.61,1.495
2026-01-02 15:16:00,610.47,1483.3,897.36,27.45,2581.54,9839.87,1.478
2026-01-02 15:17:00,607.3,1483.48,902.79,28.34,2588.39,9852.62,1.652
2026-01-02 15:18:00,611.45,1485.32,901.13,28.05,2585.86,9869.59,1.534
2026-01-02 15:19:00,609.75,1497.02,897.61,29.09,2580.05,9899.04,1.509
2026-01-02 15:20:00,606.94,1493.91,898.11,28.8,2581.62,9882.49,1.753
2026-01-02 15:21:00,609.05,1472.56,894.6,27.46,2594.02,9792.73,1.678
2026-01-02 15:22:00,609.6,1474.25,895.2,27.54,2568.55,9825.61,1.612
2026-01-02 15:23:00,609.26,1488.12,899.51,27.66,2587.94,9829.64,1.4
2026-01-02 15:24:00,612.92,1494.82,904.99,28.32,2594.15,9879.89,1.71
2026-01-02 15:25:00,610.46,1492.39,902.9,28.1,2587.29,9839.74,1.678
2026-01-02 15:26:00,607.75,1483.24,901.72,28.11,2598.72,9847.46,1.43
2026-01-02 15:27:00,611.0,1478.56,900.32,28.05,2589.52,9823.23,1.37
2026-01-02 15:28:00,606.6,1470.11,899.54,27.82,2584.25,9801.65,1.493
2026-01-02 15:29:00,610.56,1484.06,897.38,27.52,2578.38,9825.76,1.582
2026-01-02 15:30:00,605.16,1473.65,890.37,27.18,2583.3,9773.54,1.633
2026-01-02 15:31:00,608.95,1476.32,895.78,28.13,2588.44,9848.24,1.418
2026-01-02 15:32:00,610.88,1483.51,898.29,27.68,2582.07,9823.9,1.697
2026-01-02 15:33:00,611.3,1485.62,900.18,28.24,2577.0,9847.13,1.434
2026-01-02 15:34:00,608.44,1482.04,899.32,27.77,2572.22,9819.17,1.618
2026-01-02 15:35:00,606.15,1470.28,888.8,27.19,2582.38,9794.55,1.53
2026-01-02 15:36:00,610.69,1484.05,903.97,27.89,2570.87,9841.17,1.665
2026-01-02 15:37:00,609.45,1471.9,898.89,26.82,2575.81,9760.68,1.54
2026-01-02 15:38:00,608.87,1476.0,896.96,27.98,2563.97,9859.57,1.572
2026-01-02 15:39:00,608.61,1481.16,895.5,27.23,2587.33,9788.45,1.583
2026-01-02 15:40:00,608.06,1485.32,896.88,27.18,2590.66,9808.12,1.478
2026-01-02 15:41:00,611.4,1484.41,903.08,27.76,2582.49,9819.26,1.539
2026-01-02 15:42:00,604.17,1473.68,893.28,27.36,2594.55,9768.92,1.408
2026-01-02 15:43:00,608.27,1483.42,894.93,27.52,2592.21,9808.19,1.6
2026-01-02 15:44:00,614.7,1481.04,899.26,27.65,2585.0,9801.21,1.631
2026-01-02 15:45:00,607.61,1473.7,892.61,27.43,2580.18,9799.29,1.572
2026-01-02 15:46:00,601.99,1473.04,897.37,27.06,2578.06,9793.51,1.549
2026-01-02 15:47:00,608.1,1483.14,900.98,28.13,2586.3,9817.83,1.524
2026-01-02 15:48:00,611.12,1478.18,902.79,27.05,2580.76,9820.07,1.742
2026-01-02 15:49:00,605.87,1479.28,901.62,27.53,2585.9,9810.34,1.54
2026-01-02 15:50:00,601.81,1464.47,890.83,26.71,2584.57,9760.91,1.386
2026-01-02 15:51:00,605.31,1480.29,899.08,28.06,2580.08,9820.6,1.595
2026-01-02 15:52:00,604.18,1471.75,893.5,26.88,2588.11,9754.47,1.511
2026-01-02 15:53:00,612.05,1479.73,902.83,28.38,2580.33,9826.88,1.721
2026-01-02 15:54:00,604.63,1467.36,894.16,27.39,2581.24,9798.86,1.535
2026-01-02 15:55:00,607.65,1474.46,889.39,26.79,2572.01,9766.97,1.406
2026-01-02 15:56:00,605.95,1480.21,894.92,26.79,2578.4,9785.83,1.663
2026-01-02 15:57:00,606.09,1483.31,899.49,27.77,2598.67,9807.55,1.566
2026-01-02 15:58:00,607.53,1481.63,897.38,26.93,2573.11,9779.53,1.477
2026-01-02 15:59:00,604.47,1480.57,898.17,27.62,2585.62,9825.84,1.735
2026-01-02 16:00:00,610.69,1486.4,895.0,27.96,2578.25,9819.91,1.548
2026-01-02 16:01:00,610.26,1478.8,900.26,28.06,2564.6,9830.8,1.513
2026-01-02 16:02:00,610.32,1476.16,899.36,27.2,2585.44,9796.29,1.611
2026-01-02 16:03:00,605.35,1475.36,896.13,27.24,2576.52,9796.46,1.611
2026-01-02 16:04:00,606.92,1477.87,894.02,26.75,2583.02,9783.46,1.599
2026-01-02 16:05:00,606.66,1474.08,893.22,26.44,2587.66,9764.69,1.621
2026-01-02 16:06:00,607.36,1469.4,895.9,27.85,2583.77,9820.18,1.398
2026-01-02 16:07:00,604.28,1472.49,899.18,27.71,2584.03,9807.52,1.609
2026-01-02 16:08:00,600.65,1471.65,891.21,26.84,2572.18,9748.85,1.51
2026-01-02 16:09:00,605.04,1471.96,892.81,27.33,2586.42,9791.08,1.542
2026-01-02 16:10:00,606.02,1473.55,901.55,27.4,2580.13,9813.78,1.506
2026-01-02 16:11:00,609.23,1484.91,898.0,28.53,2567.45,9859.87,1.545
2026-01-02 16:12:00,602.81,1472.79,890.26,26.64,2586.77,9775.29,1.501
2026-01-02 16:13:00,606.14,1475.24,889.87,26.91,2589.03,9770.64,1.529
2026-01-02 16:14:00,607.6,1486.56,897.0,27.62,2593.52,9814.43,1.371
2026-01-02 16:15:00,607.66,1484.9,901.8,28.06,2600.5,9851.96,1.63
2026-01-02 16:16:00,607.9,1469.37,890.16,27.23,2586.77,9786.39,1.607
2026-01-02 16:17:00,607.09,1476.98,895.61,26.99,2584.36,9777.9,1.56
2026-01-02 16:18:00,604.75,1483.68,896.09,27.69,2590.33,9812.49,1.593
2026-01-02 16:19:00,599.45,1469.85,888.89,26.22,2571.32,9730.63,1.57
2026-01-02 16:20:00,600.78,1474.95,887.1,27.01,2566.64,9771.79,1.538
2026-01-02 16:21:00,606.13,1476.72,895.63,27.56,2577.44,9803.74,1.715
2026-01-02 16:22:00,612.24,1482.17,894.62,27.82,2592.88,9839.79,1.565
2026-01-02 16:23:00,609.51,1471.66,894.52,27.25,2575.37,9788.41,1.608
2026-01-02 16:24:00,608.65,1485.17,897.53,27.34,2584.5,9791.36,1.46
2026-01-02 16:25:00,613.29,1476.7,891.97,26.88,2585.47,9794.05,1.523
2026-01-02 16:26:00,610.64,1484.52,902.94,27.34,2584.15,9827.81,1.645
2026-01-02 16:27:00,608.32,1472.85,888.99,27.09,2569.84,9773.11,1.507
2026-01-02 16:28:00,605.05,1471.01,901.57,27.04,2583.23,9783.95,1.482
2026-01-02 16:29:00,605.69,1486.87,899.56,27.84,2579.51,9845.48,1.596
2026-01-02 16:30:00,603.1,1472.52,890.16,27.2,2593.67,9772.71,1.523
2026-01-02 16:31:00,607.87,1481.15,898.95,27.4,2590.96,9819.46,1.476
2026-01-02 16:32:00,611.14,1469.8,891.1,26.71,2577.75,9793.09,1.502
2026-01-02 16:33:00,606.56,1478.82,888.95,27.65,2594.72,9786.78,1.546
2026-01-02 16:34:00,603.41,1474.15,898.87,27.55,2583.39,9787.88,1.335
2026-01-02 16:35:00,607.12,1474.34,892.81,27.34,2566.64,9771.66,1.523
2026-01-02 16:36:00,602.75,1478.0,893.99,26.97,2580.01,9787.88,1.457
2026-01-02 16:37:00,607.13,1467.24,896.01,27.42,2594.31,9803.0,1.519
2026-01-02 16:38:00,610.16,1483.7,895.57,27.34,2575.34,9820.36,1.45
2026-01-02 16:39:00,603.7,1484.84,892.21,26.96,2579.25,9766.22,1.487
2026-01-02 16:40:00,610.14,1482.95,898.16,27.09,2569.53,9782.03,1.67
2026-01-02 16:41:00,610.0,1481.03,898.59,27.43,2572.42,9823.69,1.472
2026-01-02 16:42:00,605.42,1476.89,893.5,26.75,2572.06,9738.79,1.445
2026-01-02 16:43:00,611.8,1475.1,900.43,27.73,2572.49,9830.84,1.529
2026-01-02 16:44:00,606.58,1479.73,897.29,28.08,2576.94,9819.81,1.381
2026-01-02 16:45:00,612.54,1484.9,904.77,27.98,2596.71,9843.63,1.428
2026-01-02 16:46:00,606.16,1472.18,899.26,26.39,2579.68,9770.56,1.562
2026-01-02 16:47:00,603.71,1477.68,897.88,27.06,2587.75,9809.23,1.496
2026-01-02 16:48:00,605.85,1477.62,898.54,28.32,2591.05,9831.13,1.702
2026-01-02 16:49:00,612.52,1471.09,894.36,27.43,2572.6,9809.09,1.468
2026-01-02 16:50:00,607.76,1475.06,895.72,27.21,2573.69,9780.12,1.673
2026-01-02 16:51:00,607.54,1473.65,893.23,27.04,2586.12,9771.31,1.378
2026-01-02 16:52:00,605.34,1480.12,898.87,27.82,2576.25,9805.42,1.528
2026-01-02 16:53:00,606.33,1470.39,898.52,26.42,2585.16,9760.17,1.439
2026-01-02 16:54:00,604.33,1466.74,894.3,27.46,2593.71,9778.85,1.584
2026-01-02 16:55:00,610.33,1471.61,892.29,27.96,2570.2,9818.93,1.497
2026-01-02 16:56:00,610.64,1475.23,899.72,27.55,2578.72,9811.83,1.502
2026-01-02 16:57:00,607.17,1468.63,894.05,26.98,2577.93,9758.88,1.502
2026-01-02 16:58:00,604.79,1465.72,895.94,26.35,2573.95,9724.15,1.694
2026-01-02 16:59:00,602.38,1470.55,891.31,26.28,2574.09,9744.53,1.612
2026-01-02 17:00:00,604.92,1464.61,892.36,26.87,2575.1,9746.74,1.466
2026-01-02 17:01:00,607.45,1473.43,892.72,26.96,2579.45,9760.32,1.434
2026-01-02 17:02:00,606.71,1469.18,895.89,26.96,2580.87,9759.9,1.44
2026-01-02 17:03:00,601.67,1468.78,886.72,27.13,2587.55,9769.49,1.429
2026-01-02 17:04:00,607.72,1471.95,891.28,26.68,2579.15,9754.67,1.59
2026-01-02 17:05:00,602.75,1470.62,896.86,27.39,2588.86,9769.33,1.458
2026-01-02 17:06:00,604.92,1475.52,892.3,27.04,2575.26,9771.35,1.615
2026-01-02 17:07:00,606.79,1479.32,898.03,28.1,2573.22,9844.29,1.664
2026-01-02 17:08:00,600.32,1476.55,895.96,27.4,2578.87,9805.02,1.528
2026-01-02 17:09:00,606.17,1465.2,893.14,27.87,2585.43,9815.91,1.429
2026-01-02 17:10:00,610.33,1474.43,893.65,27.22,2587.35,9783.48,1.589
2026-01-02 17:11:00,605.73,1480.42,891.11,27.34,2592.67,9796.91,1.435
2026-01-02 17:12:00,613.62,1473.81,891.39,27.58,2583.06,9790.46,1.532
2026-01-02 17:13:00,606.25,1479.34,897.0,27.03,2587.32,9804.73,1.662
2026-01-02 17:14:00,604.64,1467.71,897.92,27.1,2591.35,9781.83,1.332
2026-01-02 17:15:00,605.42,1478.51,897.39,27.24,2574.86,9799.59,1.516
2026-01-02 17:16:00,602.3,1468.73,892.88,26.79,2577.26,9744.16,1.45
2026-01-02 17:17:00,606.87,1473.71,898.66,27.29,2602.69,9784.93,1.491
2026-01-02 17:18:00,610.65,1475.51,897.31,27.4,2587.98,9800.49,1.425
2026-01-02 17:19:00,602.99,1475.82,894.46,27.16,2584.99,9794.75,1.701
2026-01-02 17:20:00,608.66,1481.39,896.41,28.01,2590.13,9848.02,1.585
2026-01-02 17:21:00,605.58,1465.96,895.4,26.9,2568.64,9754.02,1.345
2026-01-02 17:22:00,609.1,1468.93,896.27,27.08,2575.08,9777.95,1.554
2026-01-02 17:23:00,600.06,1476.42,892.8,27.29,2571.82,9769.3,1.609
2026-01-02 17:24:00,601.84,1470.75,893.77,27.47,2584.21,9793.6,1.529
2026-01-02 17:25:00,605.4,1473.84,891.29,26.98,2576.87,9766.72,1.648
2026-01-02 17:26:00,608.46,1476.86,896.72,26.79,2581.8,9798.08,1.371
2026-01-02 17:27:00,605.71,1472.53,901.39,27.49,2579.08,9811.63,1.638
2026-01-02 17:28:00,609.47,1475.28,894.52,27.66,2568.4,9807.84,1.524
2026-01-02 17:29:00,610.39,1480.55,898.0,27.41,2588.43,9806.21,1.471
2026-01-02 17:30:00,606.85,1475.48,900.28,27.23,2566.25,9780.3,1.59
2026-01-02 17:31:00,603.67,1475.42,889.81,27.22,2574.92,9790.57,1.595
2026-01-02 17:32:00,607.9,1486.94,890.32,27.53,2570.8,9805.56,1.664
2026-01-02 17:33:00,604.56,1472.01,893.34,26.9,2571.46,9732.87,1.614
2026-01-02 17:34:00,607.89,1474.68,896.69,28.01,2583.98,9832.18,1.567
2026-01-02 17:35:00,608.7,1482.86,899.01,27.71,2592.92,9849.64,1.445
2026-01-02 17:36:00,604.53,1472.66,897.9,26.64,2567.55,9772.53,1.375
2026-01-02 17:37:00,599.14,1465.79,888.9,26.44,2573.34,9714.67,1.347
2026-01-02 17:38:00,605.97,1474.65,900.83,27.0,2564.98,9744.96,1.469
2026-01-02 17:39:00,604.85,1481.88,892.87,27.59,2578.11,9847.34,1.592
2026-01-02 17:40:00,604.25,1467.91,893.37,27.11,2580.94,9780.86,1.571
2026-01-02 17:41:00,602.77,1479.55,892.68,27.59,2586.02,9768.35,1.565
2026-01-02 17:42:00,606.24,1478.74,896.4,27.45,2564.53,9809.45,1.48
2026-01-02 17:43:00,606.22,1473.36,900.06,27.63,2584.28,9768.19,1.628
2026-01-02 17:44:00,604.64,1481.34,894.05,27.14,2573.16,9795.54,1.665
2026-01-02 17:45:00,606.21,1473.07,894.03,27.47,2572.08,9817.94,1.471
2026-01-02 17:46:00,608.3,1475.53,896.16,27.53,2582.6,9824.34,1.548
2026-01-02 17:47:00,601.99,1479.32,895.23,26.87,2585.49,9783.59,1.583
2026-01-02 17:48:00,604.94,1477.42,897.18,27.01,2580.41,9802.7,1.658
2026-01-02 17:49:00,609.28,1478.8,892.85,26.92,2571.07,9766.61,1.566
2026-01-02 17:50:00,602.49,1468.66,889.5,27.0,2578.95,9765.18,1.469
2026-01-02 17:51:00,609.96,1481.34,898.15,27.35,2575.7,9810.01,1.464
2026-01-02 17:52:00,604.38,1476.04,899.45,26.99,2585.04,9776.89,1.438
2026-01-02 17:53:00,607.14,1478.37,899.19,27.64,2589.34,9790.5,1.513
2026-01-02 17:54:00,603.49,1476.61,893.57,27.29,2588.13,9772.37,1.481
2026-01-02 17:55:00,599.51,1473.25,893.59,27.11,2580.25,9781.81,1.425
2026-01-02 17:56:00,604.18,1473.77,896.18,27.41,2589.78,9791.99,1.592
2026-01-02 17:57:00,608.8,1471.31,900.47,27.0,2572.97,9800.61,1.512
2026-01-02 17:58:00,607.9,1479.19,900.48,27.16,2594.42,9775.49,1.559
2026-01-02 17:59:00,602.7,1457.59,891.69,26.59,2570.43,9736.6,1.396
2026-01-02 18:00:00,602.94,1467.87,890.66,27.4,2565.15,9807.16,1.626
2026-01-02 18:01:00,610.58,1477.57,893.98,27.5,2592.32,9807.32,1.612
2026-01-02 18:02:00,603.08,1476.39,895.98,27.02,2574.36,9772.38,1.615
2026-01-02 18:03:00,600.53,1465.82,886.34,26.29,2579.63,9738.02,1.491
2026-01-02 18:04:00,606.01,1488.33,901.26,28.12,2573.79,9823.68,1.537
2026-01-02 18:05:00,605.34,1470.65,894.36,27.5,2599.61,9789.36,1.583
2026-01-02 18:06:00,604.38,1468.92,890.84,27.25,2595.51,9795.48,1.641
2026-01-02 18:07:00,605.34,1463.14,895.37,26.68,2592.62,9777.73,1.524
2026-01-02 18:08:00,603.69,1473.1,893.96,27.02,2582.54,9818.47,1.428
2026-01-02 18:09:00,603.16,1469.01,894.87,27.59,2588.01,9775.64,1.488
2026-01-02 18:10:00,605.19,1483.82,897.72,27.62,2581.49,9820.76,1.663
2026-01-02 18:11:00,607.23,1479.85,890.13,27.8,2590.73,9816.57,1.613
2026-01-02 18:12:00,606.41,1475.46,899.43,27.23,2578.05,9805.64,1.569
2026-01-02 18:13:00,602.91,1472.9,898.85,27.55,2594.5,9818.17,1.519
2026-01-02 18:14:00,606.17,1475.98,897.12,27.26,2577.19,9793.87,1.673
2026-01-02 18:15:00,606.88,1482.66,899.87,27.4,2578.13,9794.88,1.455
2026-01-02 18:16:00,605.75,1467.7,890.57,27.07,2576.28,9771.78,1.524
2026-01-02 18:17:00,600.87,1465.2,894.57,26.56,2580.77,9751.59,1.548
2026-01-02 18:18:00,607.76,1474.21,898.29,27.47,2578.92,9823.43,1.591
2026-01-02 18:19:00,608.48,1469.05,889.78,27.13,2584.25,9780.55,1.465
2026-01-02 18:20:00,606.23,1480.26,892.83,26.96,2577.26,9799.83,1.607
2026-01-02 18:21:00,611.19,1472.81,893.3,26.94,2586.64,9779.54,1.575
2026-01-02 18:22:00,605.93,1471.23,898.41,27.11,2592.48,9780.0,1.542
2026-01-02 18:23:00,611.0,1482.45,893.52,27.45,2581.57,9795.72,1.572
2026-01-02 18:24:00,611.48,1471.31,892.83,27.6,2598.32,9786.19,1.489
2026-01-02 18:25:00,600.25,1476.82,889.77,26.62,2588.08,9747.29,1.656
2026-01-02 18:26:00,607.61,1465.46,892.58,27.21,2597.62,9784.6,1.639
2026-01-02 18:27:00,609.99,1483.58,902.25,27.34,2581.86,9831.82,1.51
2026-01-02 18:28:00,602.93,1465.26,886.63,26.74,2565.52,9740.94,1.49
2026-01-02 18:29:00,604.47,1469.26,897.23,27.45,2576.3,9821.6,1.648
2026-01-02 18:30:00,600.2,1462.72,888.4,26.5,2573.73,9734.38,1.553
2026-01-02 18:31:00,602.47,1473.84,900.15,27.3,2572.83,9783.02,1.541
2026-01-02 18:32:00,610.11,1468.21,894.13,27.17,2562.44,9771.65,1.445
2026-01-02 18:33:00,602.97,1467.27,889.91,26.2,2586.72,9733.56,1.429
2026-01-02 18:34:00,602.56,1472.25,893.87,27.9,2567.14,9823.37,1.565
2026-01-02 18:35:00,602.03,1465.8,894.57,27.04,2587.48,9772.62,1.659
2026-01-02 18:36:00,596.68,1469.63,885.74,26.74,2595.56,9721.98,1.588
2026-01-02 18:37:00,609.72,1478.18,896.92,28.14,2576.02,9829.17,1.614
2026-01-02 18:38:00,607.88,1472.05,896.19,27.94,2584.63,9810.87,1.611
2026-01-02 18:39:00,609.14,1482.05,896.19,26.95,2577.64,9792.83,1.356
2026-01-02 18:40:00,605.95,1475.66,901.78,27.23,2586.9,9778.74,1.555
2026-01-02 18:41:00,607.79,1472.24,899.14,26.55,2570.15,9763.75,1.545
2026-01-02 18:42:00,606.62,1477.34,902.14,27.55,2579.52,9786.32,1.417
2026-01-02 18:43:00,608.96,1485.65,901.1,27.97,2590.72,9816.48,1.734
2026-01-02 18:44:00,607.98,1479.48,898.58,27.74,2581.02,9807.81,1.587
2026-01-02 18:45:00,600.87,1475.86,897.2,27.0,2567.18,9776.89,1.575
2026-01-02 18:46:00,603.92,1476.59,896.31,27.49,2590.9,9796.17,1.482
2026-01-02 18:47:00,605.38,1476.54,897.72,27.28,2570.79,9801.32,1.567
2026-01-02 18:48:00,603.13,1464.01,895.09,26.46,2578.84,9725.31,1.509
2026-01-02 18:49:00,609.68,1476.4,898.4,27.46,2586.04,9806.8,1.703
2026-01-02 18:50:00,609.57,1486.73,901.26,27.64,2584.32,9857.82,1.662
2026-01-02 18:51:00,606.3,1476.77,898.74,27.25,2601.56,9803.81,1.563
2026-01-02 18:52:00,608.72,1487.43,898.53,28.28,2587.93,9824.37,1.44
2026-01-02 18:53:00,605.37,1478.82,896.9,26.98,2578.26,9768.23,1.424
2026-01-02 18:54:00,605.28,1469.02,896.64,27.4,2585.82,9797.01,1.337
2026-01-02 18:55:00,609.91,1473.63,892.14,27.64,2583.53,9818.96,1.531
2026-01-02 18:56:00,603.54,1473.7,891.01,26.9,2580.24,9768.52,1.565
2026-01-02 18:57:00,604.51,1464.36,895.1,26.8,2581.17,9751.36,1.519
2026-01-02 18:58:00,606.04,1478.53,898.23,27.45,2578.09,9811.53,1.604
2026-01-02 18:59:00,611.0,1475.67,898.03,26.96,2583.22,9810.36,1.723
2026-01-02 19:00:00,601.56,1470.61,893.78,27.02,2575.31,9754.7,1.439
2026-01-02 19:01:00,607.0,1474.27,891.28,28.02,2566.6,9817.01,1.48
2026-01-02 19:02:00,607.86,1478.15,894.42,26.94,2589.7,9786.33,1.545
2026-01-02 19:03:00,603.97,1473.57,895.4,27.39,2576.88,9807.62,1.424
2026-01-02 19:04:00,608.53,1478.77,896.7,27.79,2582.29,9801.19,1.54
2026-01-02 19:05:00,602.15,1472.17,899.92,27.15,2574.86,9795.66,1.505
2026-01-02 19:06:00,603.01,1473.49,894.27,27.24,2574.47,9779.42,1.429
2026-01-02 19:07:00,607.78,1474.73,902.34,28.62,2573.21,9810.53,1.447
2026-01-02 19:08:00,612.18,1480.41,892.98,27.43,2588.31,9789.95,1.495
2026-01-02 19:09:00,607.07,1473.79,898.7,27.77,2591.7,9827.42,1.507
2026-01-02 19:10:00,604.66,1471.02,891.87,27.56,2581.13,9795.04,1.512
2026-01-02 19:11:00,612.21,1484.21,903.53,28.24,2578.77,9850.27,1.686
2026-01-02 19:12:00,603.77,1473.38,897.0,27.22,2567.53,9799.18,1.628
2026-01-02 19:13:00,599.33,1472.5,893.27,26.75,2586.81,9783.01,1.565
2026-01-02 19:14:00,607.31,1469.26,892.11,26.93,2573.8,9751.24,1.567
2026-01-02 19:15:00,605.84,1463.81,894.75,27.02,2570.43,9755.15,1.434
2026-01-02 19:16:00,606.73,1484.82,898.78,27.85,2582.94,9841.13,1.622
2026-01-02 19:17:00,606.39,1475.3,897.02,27.43,2577.27,9769.98,1.444
2026-01-02 19:18:00,605.15,1461.61,890.54,27.1,2566.92,9747.25,1.558
2026-01-02 19:19:00,607.23,1477.73,896.06,27.59,2570.04,9799.44,1.691
2026-01-02 19:20:00,605.24,1475.09,889.34,27.01,2582.82,9774.67,1.608
2026-01-02 19:21:00,613.31,1476.99,900.35,27.28,2577.11,9831.96,1.638
2026-01-02 19:22:00,602.58,1466.84,896.85,27.38,2585.25,9801.56,1.461
2026-01-02 19:23:00,607.5,1475.23,901.72,26.85,2581.99,9792.58,1.54
2026-01-02 19:24:00,604.82,1482.53,898.03,27.17,2590.6,9828.53,1.588
2026-01-02 19:25:00,608.27,1472.56,894.45,27.03,2572.8,9757.58,1.602
2026-01-02 19:26:00,604.95,1472.93,893.88,27.3,2581.77,9769.16,1.469
2026-01-02 19:27:00,603.88,1478.19,897.8,26.91,2586.21,9799.88,1.539
2026-01-02 19:28:00,603.6,1484.66,895.94,27.52,2576.67,9814.65,1.687
2026-01-02 19:29:00,602.83,1459.35,893.21,26.77,2588.19,9750.19,1.52
2026-01-02 19:30:00,603.61,1463.58,892.12,26.65,2565.69,9746.12,1.333
2026-01-02 19:31:00,610.3,1479.1,899.78,27.38,2575.44,9825.61,1.475
2026-01-02 19:32:00,602.26,1474.15,901.1,27.23,2565.93,9760.02,1.469
2026-01-02 19:33:00,603.31,1467.66,895.92,26.65,2573.96,9767.56,1.446
2026-01-02 19:34:00,601.66,1465.19,887.4,26.36,2578.16,9755.88,1.54
2026-01-02 19:35:00,602.99,1479.74,890.83,26.66,2586.55,9768.81,1.62
2026-01-02 19:36:00,604.8,1474.06,899.02,27.14,2578.7,9770.0,1.635
2026-01-02 19:37:00,605.34,1479.96,892.95,27.78,2577.7,9834.85,1.684
2026-01-02 19:38:00,605.87,1479.8,895.18,26.67,2567.07,9757.54,1.474
2026-01-02 19:39:00,607.77,1482.35,897.4,27.91,2572.55,9829.62,1.551
2026-01-02 19:40:00,605.04,1476.23,902.57,27.07,2582.33,9767.4,1.52
2026-01-02 19:41:00,605.8,1475.39,890.87,26.48,2587.1,9772.56,1.766
2026-01-02 19:42:00,605.39,1480.31,897.43,27.75,2578.43,9817.35,1.593
2026-01-02 19:43:00,608.09,1475.09,898.87,27.82,2591.18,9809.81,1.545
2026-01-02 19:44:00,605.85,1478.51,894.18,27.15,2572.84,9782.74,1.466
2026-01-02 19:45:00,606.55,1475.32,893.62,27.41,2578.21,9805.67,1.65
2026-01-02 19:46:00,608.28,1477.13,896.23,28.11,2579.37,9818.29,1.462
2026-01-02 19:47:00,608.15,1485.97,897.44,28.02,2595.77,9862.45,1.614
2026-01-02 19:48:00,605.1,1461.53,891.7,26.7,2580.14,9747.41,1.51
2026-01-02 19:49:00,606.54,1482.28,896.11,27.12,2565.6,9771.11,1.504
2026-01-02 19:50:00,603.6,1475.8,902.25,27.73,2589.68,9824.69,1.719
2026-01-02 19:51:00,608.68,1472.51,900.32,27.08,2595.1,9780.0,1.58
2026-01-02 19:52:00,604.61,1476.42,902.35,27.43,2579.14,9800.67,1.633
2026-01-02 19:53:00,606.65,1481.71,895.99,27.84,2574.08,9803.81,1.458
2026-01-02 19:54:00,611.34,1481.46,901.06,28.03,2589.33,9833.49,1.655
2026-01-02 19:55:00,607.72,1480.97,899.47,27.78,2598.05,9831.37,1.682
2026-01-02 19:56:00,606.57,1471.42,893.28,26.88,2586.96,9775.84,1.555
2026-01-02 19:57:00,600.72,1472.89,890.62,27.29,2568.35,9805.72,1.517
2026-01-02 19:58:00,602.77,1481.74,892.71,27.95,2588.11,9824.78,1.5
2026-01-02 19:59:00,605.56,1475.32,895.74,27.09,2584.6,9806.66,1.554
2026-01-02 20:00:00,608.11,1485.77,893.8,28.51,2575.04,9840.22,1.56
2026-01-02 20:01:00,609.28,1473.19,894.05,27.43,2591.53,9802.84,1.502
2026-01-02 20:02:00,607.05,1468.5,895.64,26.53,2583.01,9758.67,1.559
2026-01-02 20:03:00,601.11,1474.47,887.6,27.5,2591.8,9804.33,1.567
2026-01-02 20:04:00,612.37,1482.12,904.32,27.46,2573.42,9820.53,1.531
2026-01-02 20:05:00,603.53,1471.62,896.59,27.33,2584.41,9802.76,1.521
2026-01-02 20:06:00,611.74,1481.24,899.29,27.5,2575.4,9837.33,1.437
2026-01-02 20:07:00,604.82,1477.99,893.8,27.13,2582.45,9783.41,1.524
2026-01-02 20:08:00,614.13,1473.01,898.94,27.14,2593.75,9821.02,1.462
2026-01-02 20:09:00,609.47,1481.83,899.28,28.07,2572.19,9864.04,1.561
2026-01-02 20:10:00,604.92,1470.36,898.59,27.01,2569.6,9785.65,1.562
2026-01-02 20:11:00,604.1,1467.29,895.42,26.59,2586.65,9745.94,1.364
2026-01-02 20:12:00,608.54,1485.51,897.68,27.62,2582.26,9832.38,1.546
2026-01-02 20:13:00,603.09,1472.12,894.65,27.07,2589.44,9773.11,1.557
2026-01-02 20:14:00,612.49,1484.02,900.69,27.64,2574.71,9801.41,1.425
2026-01-02 20:15:00,604.52,1471.22,897.07,27.36,2581.11,9789.45,1.49
2026-01-02 20:16:00,605.91,1480.21,897.09,28.23,2588.16,9839.79,1.466
2026-01-02 20:17:00,605.21,1473.96,892.89,27.01,2581.99,9779.39,1.602
2026-01-02 20:18:00,607.3,1477.13,896.52,27.11,2565.65,9770.3,1.476
2026-01-02 20:19:00,606.21,1469.77,897.04,27.98,2605.19,9838.63,1.518
2026-01-02 20:20:00,607.85,1469.73,896.04,27.56,2582.42,9789.86,1.607
2026-01-02 20:21:00,606.41,1474.67,894.89,27.08,2569.96,9788.97,1.518
2026-01-02 20:22:00,606.7,1468.89,893.74,27.51,2583.36,9793.26,1.686
2026-01-02 20:23:00,606.24,1460.99,897.6,26.68,2582.99,9760.08,1.562
2026-01-02 20:24:00,604.46,1471.68,898.19,27.61,2590.15,9827.93,1.601
2026-01-02 20:25:00,606.07,1480.08,894.8,27.48,2589.04,9813.05,1.593
2026-01-02 20:26:00,606.63,1478.73,894.92,27.19,2578.4,9774.2,1.632
2026-01-02 20:27:00,609.26,1472.48,899.14,27.24,2567.67,9808.69,1.302
2026-01-02 20:28:00,606.78,1477.61,895.09,27.52,2585.9,9828.33,1.619
2026-01-02 20:29:00,605.55,1477.75,895.74,27.21,2567.88,9797.76,1.478
2026-01-02 20:30:00,603.39,1486.56,898.38,27.6,2591.4,9814.66,1.46
2026-01-02 20:31:00,608.23,1489.3,898.76,27.57,2576.48,9831.63,1.555
2026-01-02 20:32:00,602.63,1480.64,893.61,27.31,2585.71,9787.58,1.53
2026-01-02 20:33:00,604.9,1478.55,898.76,27.92,2577.71,9847.4,1.437
2026-01-02 20:34:00,608.12,1477.81,894.58,27.65,2577.43,9806.55,1.454
2026-01-02 20:35:00,616.56,1480.65,896.96,27.38,2574.6,9797.42,1.43
2026-01-02 20:36:00,610.83,1484.19,903.98,28.58,2589.08,9857.63,1.517
2026-01-02 20:37:00,609.41,1475.57,897.0,27.8,2577.27,9829.07,1.605
2026-01-02 20:38:00,602.83,1478.18,895.55,26.66,2585.93,9765.91,1.492
2026-01-02 20:39:00,605.93,1482.73,901.99,27.49,2576.79,9811.26,1.575
2026-01-02 20:40:00,615.05,1487.53,900.55,27.78,2580.42,9829.77,1.502
2026-01-02 20:41:00,605.45,1481.22,899.25,27.52,2582.47,9827.59,1.673
2026-01-02 20:42:00,604.57,1481.59,897.87,28.35,2584.08,9844.69,1.539
2026-01-02 20:43:00,607.35,1470.95,899.0,27.43,2574.04,9808.17,1.622
2026-01-02 20:44:00,604.34,1476.98,897.01,27.06,2586.2,9786.05,1.541
2026-01-02 20:45:00,609.71,1483.02,903.06,27.79,2579.98,9826.81,1.501
2026-01-02 20:46:00,608.94,1474.25,898.08,26.79,2584.29,9769.81,1.699
2026-01-02 20:47:00,608.56,1487.59,898.74,27.78,2581.39,9810.63,1.651
2026-01-02 20:48:00,610.84,1482.63,909.64,28.47,2588.46,9868.32,1.575
2026-01-02 20:49:00,606.52,1471.51,897.02,27.38,2577.66,9795.84,1.616
2026-01-02 20:50:00,612.74,1476.06,899.62,27.19,2573.7,9771.9,1.525
2026-01-02 20:51:00,612.13,1474.26,895.01,27.19,2584.27,9793.55,1.519
2026-01-02 20:52:00,607.32,1479.08,897.46,27.45,2578.44,9833.01,1.512
2026-01-02 20:53:00,610.01,1483.1,898.17,27.85,2594.41,9841.89,1.573
2026-01-02 20:54:00,615.14,1483.19,898.87,28.34,2584.89,9883.25,1.629
2026-01-02 20:55:00,611.68,1481.8,901.06,27.33,2571.46,9834.41,1.586
2026-01-02 20:56:00,609.04,1484.79,899.87,27.84,2578.56,9854.96,1.63
2026-01-02 20:57:00,607.4,1475.94,902.55,27.46,2574.24,9828.83,1.563
2026-01-02 20:58:00,609.35,1481.93,903.36,27.78,2591.64,9850.08,1.476
2026-01-02 20:59:00,604.16,1477.04,897.51,27.95,2587.95,9816.62,1.589
2026-01-02 21:00:00,612.2,1486.69,899.86,27.88,2581.7,9827.62,1.505
2026-01-02 21:01:00,610.13,1479.99,902.07,27.74,2583.75,9808.08,1.417
2026-01-02 21:02:00,609.01,1483.65,896.47,28.32,2582.83,9862.18,1.568
2026-01-02 21:03:00,609.51,1485.36,897.19,28.38,2590.16,9855.73,1.539
2026-01-02 21:04:00,606.37,1481.91,901.19,27.78,2586.42,9829.46,1.495
2026-01-02 21:05:00,609.56,1479.44,898.74,27.79,2586.74,9800.82,1.439
2026-01-02 21:06:00,609.39,1488.11,899.35,27.72,2581.48,9849.02,1.598
2026-01-02 21:07:00,600.3,1472.6,887.66,26.93,2574.66,9764.14,1.466
2026-01-02 21:08:00,616.61,1487.79,897.52,27.45,2587.35,9823.65,1.483
2026-01-02 21:09:00,604.21,1477.75,903.72,28.01,2594.42,9823.16,1.589
2026-01-02 21:10:00,605.2,1486.58,903.4,27.92,2591.22,9832.41,1.547
2026-01-02 21:11:00,612.47,1485.03,903.57,28.21,2595.34,9840.42,1.598
2026-01-02 21:12:00,610.48,1484.37,897.08,27.44,2583.6,9830.64,1.55
2026-01-02 21:13:00,605.28,1470.01,896.24,26.99,2572.55,9779.33,1.556
2026-01-02 21:14:00,606.85,1488.07,898.28,27.6,2576.02,9850.34,1.459
2026-01-02 21:15:00,610.34,1484.22,897.97,27.95,2593.54,9835.9,1.682
2026-01-02 21:16:00,610.26,1490.16,898.52,27.56,2567.03,9820.87,1.417
2026-01-02 21:17:00,607.67,1487.43,900.01,27.62,2593.23,9802.14,1.611
2026-01-02 21:18:00,613.45,1478.25,897.86,28.38,2577.77,9876.09,1.585
2026-01-02 21:19:00,608.82,1484.47,901.21,27.1,2597.22,9818.58,1.728
2026-01-02 21:20:00,612.92,1484.04,900.09,27.55,2582.27,9844.21,1.576
2026-01-02 21:21:00,611.38,1490.23,901.49,28.46,2590.05,9881.32,1.653
2026-01-02 21:22:00,608.43,1478.39,891.67,27.63,2600.55,9809.25,1.383
2026-01-02 21:23:00,609.13,1483.18,903.01,27.43,2580.25,9845.77,1.673
2026-01-02 21:24:00,609.79,1479.15,895.91,27.65,2579.16,9821.25,1.594
2026-01-02 21:25:00,609.74,1484.49,901.01,27.46,2576.51,9824.53,1.416
2026-01-02 21:26:00,610.1,1476.4,895.8,27.44,2574.06,9824.86,1.506
2026-01-02 21:27:00,610.57,1482.75,900.46,27.97,2580.72,9857.73,1.558
2026-01-02 21:28:00,608.01,1496.01,900.74,28.51,2579.94,9884.07,1.689
2026-01-02 21:29:00,605.93,1473.77,897.3,27.65,2572.42,9833.81,1.544
2026-01-02 21:30:00,607.9,1478.28,897.84,27.16,2580.21,9820.12,1.454
2026-01-02 21:31:00,608.68,1483.36,898.33,27.65,2585.4,9817.64,1.519
2026-01-02 21:32:00,614.77,1487.08,907.21,28.87,2578.66,9921.3,1.674
2026-01-02 21:33:00,610.39,1474.45,901.35,27.91,2582.07,9858.05,1.575
2026-01-02 21:34:00,608.05,1475.92,905.5,28.21,2595.07,9869.52,1.644
2026-01-02 21:35:00,611.5,1480.6,895.75,27.62,2570.68,9823.92,1.365
2026-01-02 21:36:00,606.31,1487.28,905.18,28.13,2598.76,9856.36,1.729
2026-01-02 21:37:00,612.74,1480.27,903.34,27.85,2577.27,9839.87,1.569
2026-01-02 21:38:00,617.52,1492.54,905.18,28.76,2586.72,9902.93,1.642
2026-01-02 21:39:00,612.4,1489.91,907.18,28.01,2593.25,9848.97,1.647
2026-01-02 21:40:00,607.04,1485.69,904.63,28.03,2595.07,9832.98,1.668
2026-01-02 21:41:00,609.51,1490.51,906.03,28.42,2586.75,9848.45,1.669
2026-01-02 21:42:00,606.04,1480.92,896.53,27.85,2576.95,9835.94,1.505
2026-01-02 21:43:00,604.91,1480.4,897.6,27.12,2574.47,9790.33,1.404
2026-01-02 21:44:00,611.56,1493.03,905.95,28.36,2580.5,9902.43,1.657
2026-01-02 21:45:00,610.9,1482.85,903.95,28.69,2599.64,9887.73,1.702
2026-01-02 21:46:00,608.12,1487.58,905.17,28.61,2582.38,9911.53,1.665
2026-01-02 21:47:00,608.4,1478.61,902.11,28.32,2584.72,9826.22,1.396
2026-01-02 21:48:00,610.4,1481.79,898.34,29.03,2575.59,9872.7,1.76
2026-01-02 21:49:00,610.92,1490.83,907.15,27.92,2573.61,9845.04,1.535
2026-01-02 21:50:00,608.97,1482.16,902.92,27.84,2583.94,9867.23,1.661
2026-01-02 21:51:00,603.94,1493.32,900.84,28.03,2579.93,9836.42,1.418
2026-01-02 21:52:00,610.74,1482.16,895.64,28.06,2579.5,9810.39,1.665
2026-01-02 21:53:00,610.77,1483.86,901.49,27.73,2571.28,9851.58,1.661
2026-01-02 21:54:00,613.36,1489.49,907.21,28.76,2583.22,9869.41,1.56
2026-01-02 21:55:00,609.18,1476.23,900.17,27.07,2593.9,9810.23,1.656
2026-01-02 21:56:00,613.14,1482.6,905.67,27.9,2576.9,9867.19,1.608
2026-01-02 21:57:00,612.02,1485.92,902.83,28.36,2590.97,9868.83,1.661
2026-01-02 21:58:00,612.42,1494.41,904.17,28.88,2557.1,9895.23,1.604
2026-01-02 21:59:00,614.34,1484.09,899.31,28.48,2578.03,9885.77,1.55
2026-01-02 22:00:00,612.26,1488.79,902.03,28.3,2568.23,9861.89,1.735
2026-01-02 22:01:00,611.75,1479.68,898.3,27.69,2591.03,9800.72,1.585
2026-01-02 22:02:00,608.1,1485.63,902.28,28.25,2589.82,9843.05,1.465
2026-01-02 22:03:00,613.26,1490.48,898.07,28.46,2576.53,9895.0,1.626
2026-01-02 22:04:00,606.24,1487.93,909.03,27.9,2585.59,9855.78,1.641
2026-01-02 22:05:00,608.84,1488.76,901.38,28.11,2592.08,9834.72,1.66
2026-01-02 22:06:00,607.68,1479.32,900.12,27.96,2593.34,9835.25,1.742
2026-01-02 22:07:00,616.15,1495.94,907.82,28.83,2581.74,9899.7,1.668
2026-01-02 22:08:00,612.47,1495.66,903.74,28.19,2566.33,9874.41,1.541
2026-01-02 22:09:00,614.4,1493.63,905.89,28.75,2577.53,9892.7,1.595
2026-01-02 22:10:00,612.24,1489.56,908.68,28.29,2590.77,9890.89,1.716
2026-01-02 22:11:00,611.04,1489.05,904.86,28.41,2600.79,9874.23,1.543
2026-01-02 22:12:00,609.13,1482.86,905.15,28.13,2582.8,9854.68,1.602
2026-01-02 22:13:00,613.04,1494.48,905.12,28.06,2578.18,9849.58,1.543
2026-01-02 22:14:00,609.97,1487.55,904.42,28.29,2602.41,9854.03,1.56
2026-01-02 22:15:00,610.1,1492.49,914.65,29.09,2590.21,9950.63,1.639
2026-01-02 22:16:00,614.27,1486.94,905.64,28.71,2574.73,9888.57,1.628
2026-01-02 22:17:00,608.67,1485.89,902.18,28.37,2583.1,9875.48,1.589
2026-01-02 22:18:00,613.1,1495.52,904.39,28.38,2592.68,9891.81,1.483
2026-01-02 22:19:00,607.34,1483.84,902.55,27.58,2582.11,9840.13,1.673
2026-01-02 22:20:00,614.52,1496.75,902.87,28.97,2590.8,9885.62,1.697
2026-01-02 22:21:00,603.67,1483.31,906.42,27.96,2570.03,9845.15,1.595
2026-01-02 22:22:00,612.79,1493.28,904.11,28.31,2572.65,9877.56,1.702
2026-01-02 22:23:00,611.69,1498.16,905.87,28.28,2578.76,9890.63,1.671
2026-01-02 22:24:00,609.6,1493.67,900.8,28.97,2582.78,9900.91,1.683
2026-01-02 22:25:00,614.24,1479.68,904.47,28.87,2587.46,9894.47,1.641
2026-01-02 22:26:00,611.94,1488.7,899.95,29.04,2590.55,9911.76,1.688
2026-01-02 22:27:00,611.56,1484.89,898.89,28.23,2603.41,9866.2,1.512
2026-01-02 22:28:00,609.52,1489.97,900.66,28.74,2578.7,9889.81,1.585
2026-01-02 22:29:00,613.83,1488.14,902.46,28.39,2582.23,9893.46,1.497
2026-01-02 22:30:00,613.84,1502.17,904.93,28.91,2579.82,9913.09,1.534
2026-01-02 22:31:00,615.99,1488.04,904.94,28.49,2593.1,9886.25,1.709
2026-01-02 22:32:00,614.24,1487.2,906.33,28.52,2593.38,9882.2,1.639
2026-01-02 22:33:00,615.24,1487.52,903.96,27.84,2580.25,9869.86,1.557
2026-01-02 22:34:00,616.9,1497.21,900.28,29.26,2601.84,9908.19,1.548
2026-01-02 22:35:00,612.29,1488.93,906.01,28.98,2578.99,9891.33,1.502
2026-01-02 22:36:00,613.79,1488.44,907.62,27.92,2591.81,9863.27,1.495
2026-01-02 22:37:00,611.81,1487.22,903.03,28.58,2595.89,9880.8,1.555
2026-01-02 22:38:00,615.87,1495.06,906.98,28.18,2573.71,9889.73,1.384
2026-01-02 22:39:00,611.73,1492.36,904.22,28.13,2587.9,9855.74,1.659
2026-01-02 22:40:00,611.85,1489.39,901.03,27.98,2562.74,9888.12,1.635
2026-01-02 22:41:00,618.74,1496.94,910.71,28.48,2591.21,9890.22,1.645
2026-01-02 22:42:00,613.67,1496.37,906.09,28.86,2577.06,9922.5,1.687
2026-01-02 22:43:00,609.82,1487.16,901.95,28.63,2588.52,9873.81,1.597
2026-01-02 22:44:00,610.64,1487.65,904.64,28.64,2589.65,9864.3,1.61
2026-01-02 22:45:00,616.01,1494.82,900.65,29.02,2593.7,9893.2,1.611
2026-01-02 22:46:00,616.6,1505.7,912.89,29.18,2592.74,9915.82,1.748
2026-01-02 22:47:00,611.14,1488.22,898.2,28.17,2583.82,9858.24,1.516
2026-01-02 22:48:00,614.36,1497.56,911.47,28.82,2582.08,9903.15,1.688
2026-01-02 22:49:00,605.53,1494.7,905.85,28.33,2583.05,9865.28,1.508
2026-01-02 22:50:00,609.65,1486.68,901.14,28.23,2575.58,9887.39,1.517
2026-01-02 22:51:00,612.14,1493.44,905.83,28.68,2582.43,9877.42,1.485
2026-01-02 22:52:00,613.57,1496.34,901.9,28.39,2581.26,9863.63,1.438
2026-01-02 22:53:00,610.19,1493.98,901.31,28.85,2578.65,9898.78,1.639
2026-01-02 22:54:00,611.08,1489.97,898.35,28.22,2571.4,9908.45,1.543
2026-01-02 22:55:00,611.96,1487.24,906.62,28.51,2573.92,9877.78,1.629
2026-01-02 22:56:00,614.54,1493.55,901.38,28.55,2558.65,9870.42,1.728
2026-01-02 22:57:00,609.7,1497.35,910.1,29.17,2584.0,9937.68,1.612
2026-01-02 22:58:00,608.46,1496.91,908.43,29.03,2589.28,9935.97,1.676
2026-01-02 22:59:00,619.63,1496.2,904.37,28.52,2564.06,9913.3,1.712
2026-01-02 23:00:00,607.46,1493.17,905.37,27.59,2584.68,9842.95,1.601
2026-01-02 23:01:00,613.46,1498.18,908.52,28.6,2583.65,9890.4,1.623
2026-01-02 23:02:00,611.41,1495.1,906.42,28.82,2576.18,9915.25,1.497
2026-01-02 23:03:00,611.55,1493.11,907.09,28.64,2581.61,9901.61,1.631
2026-01-02 23:04:00,613.79,1494.26,905.71,28.99,2593.19,9894.45,1.665
2026-01-02 23:05:00,618.0,1496.64,903.96,28.29,2576.98,9894.14,1.76
2026-01-02 23:06:00,619.15,1506.18,910.12,29.14,2587.25,9941.56,1.623
2026-01-02 23:07:00,614.33,1506.15,909.83,29.7,2589.54,9945.54,1.753
2026-01-02 23:08:00,606.72,1480.71,898.66,28.19,2577.18,9867.95,1.547
2026-01-02 23:09:00,619.86,1505.64,904.42,29.35,2594.99,9949.44,1.733
2026-01-02 23:10:00,611.57,1496.63,909.84,28.69,2588.38,9903.82,1.556
2026-01-02 23:11:00,614.34,1495.19,912.53,29.27,2584.21,9931.61,1.654
2026-01-02 23:12:00,619.14,1506.09,913.62,29.11,2606.68,9971.46,1.624
2026-01-02 23:13:00,608.5,1493.22,907.63,28.25,2591.94,9870.21,1.599
2026-01-02 23:14:00,614.55,1500.4,907.03,29.33,2573.38,9948.13,1.658
2026-01-02 23:15:00,616.08,1498.2,906.49,28.85,2583.11,9931.47,1.652
2026-01-02 23:16:00,612.73,1491.63,906.69,29.04,2605.55,9921.04,1.573
2026-01-02 23:17:00,618.42,1499.88,909.52,29.07,2577.7,9914.26,1.627
2026-01-02 23:18:00,614.34,1501.66,911.51,29.19,2586.71,9930.27,1.671
2026-01-02 23:19:00,614.84,1493.76,906.66,29.19,2595.01,9904.28,1.597
2026-01-02 23:20:00,612.93,1501.21,908.54,28.74,2590.72,9912.82,1.56
2026-01-02 23:21:00,610.01,1492.09,913.56,29.39,2593.09,9944.21,1.594
2026-01-02 23:22:00,614.98,1495.35,909.0,28.91,2591.22,9908.22,1.706
2026-01-02 23:23:00,618.33,1504.34,905.92,29.56,2587.97,9971.03,1.676
2026-01-02 23:24:00,611.44,1497.35,907.78,28.97,2578.66,9899.96,1.732
2026-01-02 23:25:00,611.86,1489.82,901.97,28.71,2588.34,9896.44,1.598
2026-01-02 23:26:00,613.0,1491.03,904.33,28.36,2581.71,9898.27,1.607
2026-01-02 23:27:00,615.59,1493.18,907.54,28.91,2581.27,9903.12,1.666
2026-01-02 23:28:00,615.8,1500.86,911.73,29.03,2598.27,9936.27,1.693
2026-01-02 23:29:00,617.13,1498.77,910.65,29.22,2583.78,9946.89,1.764
2026-01-02 23:30:00,615.29,1496.0,904.91,28.89,2599.44,9920.31,1.463
2026-01-02 23:31:00,616.64,1502.91,919.86,29.8,2589.83,9971.41,1.714
2026-01-02 23:32:00,622.12,1501.12,909.87,29.76,2586.14,9961.99,1.584
2026-01-02 23:33:00,613.48,1496.52,910.39,29.2,2572.13,9942.88,1.644
2026-01-02 23:34:00,616.04,1489.68,905.0,28.73,2602.24,9907.35,1.537
2026-01-02 23:35:00,621.6,1503.52,909.28,29.08,2587.65,9969.24,1.692
2026-01-02 23:36:00,615.33,1497.33,908.72,28.81,2567.75,9923.63,1.553
2026-01-02 23:37:00,616.2,1494.61,907.72,29.07,2594.75,9947.53,1.505
2026-01-02 23:38:00,616.64,1497.83,908.38,29.11,2585.64,9926.89,1.549
2026-01-02 23:39:00,613.5,1499.42,904.99,28.75,2577.83,9907.22,1.717
2026-01-02 23:40:00,608.76,1492.87,906.15,28.37,2592.2,9893.62,1.669
2026-01-02 23:41:00,616.5,1502.48,908.19,29.32,2566.4,9945.99,1.758
2026-01-02 23:42:00,618.88,1499.43,910.63,28.86,2579.86,9914.84,1.475
2026-01-02 23:43:00,622.78,1510.09,916.81,29.45,2586.75,10006.51,1.848
2026-01-02 23:44:00,614.55,1498.14,906.49,28.96,2591.83,9900.23,1.812
2026-01-02 23:45:00,616.01,1484.83,906.51,29.16,2603.57,9916.72,1.55
2026-01-02 23:46:00,616.82,1498.06,909.39,29.42,2585.41,9960.84,1.698
2026-01-02 23:47:00,619.04,1500.51,913.19,30.09,2592.58,10000.38,1.65
2026-01-02 23:48:00,615.45,1505.05,914.17,29.0,2608.16,9930.16,1.706
2026-01-02 23:49:00,618.64,1503.99,909.15,29.1,2587.45,9962.14,1.801
2026-01-02 23:50:00,612.05,1487.55,906.1,28.79,2587.43,9866.28,1.518
2026-01-02 23:51:00,614.64,1493.06,905.95,29.34,2576.5,9936.09,1.543
2026-01-02 23:52:00,617.0,1490.07,900.01,28.83,2600.4,9893.04,1.595
2026-01-02 23:53:00,612.98,1493.83,907.56,28.37,2578.56,9881.16,1.898
2026-01-02 23:54:00,618.35,1501.13,913.45,29.62,2589.09,9949.95,1.727
2026-01-02 23:55:00,614.6,1489.73,906.4,28.08,2586.13,9879.75,1.646
2026-01-02 23:56:00,614.4,1491.56,914.19,28.63,2585.7,9900.55,1.704
2026-01-02 23:57:00,615.11,1498.07,907.91,29.19,2582.47,9924.24,1.733
2026-01-02 23:58:00,612.24,1507.5,905.72,29.0,2588.34,9936.14,1.676
2026-01-02 23:59:00,614.93,1500.46,914.73,29.45,2600.67,9941.42,1.649
2026-01-03 00:00:00,619.1,1506.34,914.79,29.46,2605.32,9953.17,1.616
2026-01-03 00:01:00,620.1,1502.93,915.71,29.56,2586.06,9963.17,1.688
2026-01-03 00:02:00,615.96,1507.58,908.93,29.53,2584.46,9978.5,1.775
2026-01-03 00:03:00,620.14,1507.73,911.0,29.95,2581.99,9988.99,1.778
2026-01-03 00:04:00,617.8,1500.94,905.72,29.46,2607.35,9922.07,1.594
2026-01-03 00:05:00,620.17,1504.91,917.31,29.69,2588.88,9973.35,1.67
2026-01-03 00:06:00,623.66,1508.05,909.16,29.53,2596.03,9954.26,1.568
2026-01-03 00:07:00,619.1,1502.25,907.56,29.63,2592.86,9958.83,1.753
2026-01-03 00:08:00,615.08,1499.28,909.75,28.78,2603.8,9929.02,1.685
2026-01-03 00:09:00,618.82,1503.06,910.63,29.32,2585.0,9950.98,1.639
2026-01-03 00:10:00,613.59,1505.21,911.28,29.6,2578.97,9972.78,1.645
2026-01-03 00:11:00,623.91,1497.92,911.68,29.03,2602.48,9966.91,1.596
2026-01-03 00:12:00,614.46,1496.6,908.97,29.49,2594.03,9946.48,1.664
2026-01-03 00:13:00,617.71,1505.25,908.64,28.93,2590.09,9936.98,1.77
2026-01-03 00:14:00,616.68,1497.56,908.09,29.1,2598.03,9919.2,1.574
2026-01-03 00:15:00,614.76,1502.74,912.94,29.16,2591.07,9950.56,1.551
2026-01-03 00:16:00,618.37,1503.56,913.63,30.33,2600.94,9986.81,1.7
2026-01-03 00:17:00,621.49,1501.02,913.64,29.21,2588.74,9945.52,1.752
2026-01-03 00:18:00,617.96,1503.61,909.11,29.48,2593.16,9924.16,1.717
2026-01-03 00:19:00,619.05,1508.87,908.0,29.7,2592.34,9980.5,1.782
2026-01-03 00:20:00,621.49,1496.3,915.47,29.48,2584.81,9962.14,1.629
2026-01-03 00:21:00,615.48,1500.11,910.49,29.22,2583.8,9911.33,1.702
2026-01-03 00:22:00,621.79,1504.43,915.32,29.82,2585.91,10004.31,1.735
2026-01-03 00:23:00,614.01,1503.02,904.44,29.34,2589.05,9949.58,1.639
2026-01-03 00:24:00,614.41,1502.12,910.73,29.35,2582.94,9940.82,1.656
2026-01-03 00:25:00,620.22,1503.03,916.84,29.56,2590.79,9959.31,1.734
2026-01-03 00:26:00,621.14,1505.59,918.59,30.27,2592.87,10019.73,1.764
2026-01-03 00:27:00,623.88,1497.18,911.65,29.27,2588.45,9946.48,1.702
2026-01-03 00:28:00,614.73,1496.82,913.35,29.26,2587.86,9927.81,1.697
2026-01-03 00:29:00,621.2,1508.9,918.31,29.98,2584.19,9995.65,1.665
2026-01-03 00:30:00,617.2,1504.14,910.94,29.72,2585.1,9960.66,1.563
2026-01-03 00:31:00,624.02,1508.14,920.64,30.14,2575.65,10003.24,1.649
2026-01-03 00:32:00,620.67,1508.83,916.42,29.96,2587.35,9984.98,1.76
2026-01-03 00:33:00,614.93,1497.48,910.27,29.4,2578.39,9932.82,1.534
2026-01-03 00:34:00,617.61,1508.49,916.34,29.73,2589.13,9985.57,1.691
2026-01-03 00:35:00,621.36,1508.06,914.47,30.41,2583.57,10010.24,1.722
2026-01-03 00:36:00,618.85,1518.14,918.7,30.02,2572.66,10004.45,1.764
2026-01-03 00:37:00,623.03,1513.93,916.6,29.95,2607.78,10022.45,1.619
2026-01-03 00:38:00,610.3,1507.41,908.06,29.0,2584.35,9930.82,1.466
2026-01-03 00:39:00,619.21,1506.26,919.66,30.05,2601.15,10017.52,1.671
2026-01-03 00:40:00,620.2,1495.36,911.22,29.89,2584.08,9984.63,1.734
2026-01-03 00:41:00,621.8,1502.6,914.42,29.65,2601.66,9979.03,1.796
2026-01-03 00:42:00,613.08,1504.97,910.92,29.41,2577.84,9952.72,1.61
2026-01-03 00:43:00,619.68,1498.82,907.28,30.0,2589.56,9980.98,1.619
2026-01-03 00:44:00,615.37,1509.32,911.06,30.27,2579.86,9992.5,1.715
2026-01-03 00:45:00,620.01,1506.56,917.8,30.4,2610.67,10025.05,1.89
2026-01-03 00:46:00,622.75,1510.73,915.38,29.93,2585.89,9974.05,1.718
2026-01-03 00:47:00,617.56,1508.23,913.19,29.73,2594.88,9983.51,1.731
2026-01-03 00:48:00,620.85,1499.95,911.74,29.04,2590.84,9957.43,1.824
2026-01-03 00:49:00,619.75,1504.05,916.31,29.28,2587.45,9968.17,1.751
2026-01-03 00:50:00,619.57,1499.82,907.3,29.85,2592.74,9992.63,1.709
2026-01-03 00:51:00,623.91,1517.89,915.51,30.59,2600.92,10029.83,1.638
2026-01-03 00:52:00,624.02,1513.38,916.63,29.97,2594.28,10001.29,1.709
2026-01-03 00:53:00,623.64,1504.48,921.68,30.41,2590.53,10008.9,1.768
2026-01-03 00:54:00,616.96,1498.76,916.07,29.89,2591.38,9957.34,1.584
2026-01-03 00:55:00,612.51,1498.82,904.02,28.71,2601.05,9918.76,1.712
2026-01-03 00:56:00,616.29,1500.52,914.38,29.77,2583.31,9942.37,1.647
2026-01-03 00:57:00,623.65,1505.55,916.99,30.08,2575.51,10037.32,1.717
2026-01-03 00:58:00,616.2,1516.15,908.68,30.02,2578.82,9966.65,1.601
2026-01-03 00:59:00,620.33,1493.58,908.77,29.11,2578.11,9933.07,1.677
2026-01-03 01:00:00,623.93,1512.14,922.23,30.02,2582.09,10006.41,1.762
2026-01-03 01:01:00,621.95,1512.74,918.74,30.08,2582.37,10006.72,1.622
2026-01-03 01:02:00,620.5,1505.31,911.76,29.58,2588.05,9983.25,1.73
2026-01-03 01:03:00,620.02,1510.39,918.83,30.23,2590.44,9988.99,1.765
2026-01-03 01:04:00,621.28,1509.72,916.63,29.49,2589.79,9974.57,1.749
2026-01-03 01:05:00,622.71,1509.72,914.59,29.62,2582.34,9981.94,1.706
2026-01-03 01:06:00,630.4,1514.21,919.34,29.92,2597.61,10019.84,1.694
2026-01-03 01:07:00,621.7,1512.28,913.29,29.68,2592.76,9989.5,1.673
2026-01-03 01:08:00,620.23,1510.57,922.65,29.9,2601.77,10005.92,1.596
2026-01-03 01:09:00,617.88,1507.16,914.14,30.03,2596.31,10016.63,1.666
2026-01-03 01:10:00,615.2,1508.29,908.75,29.7,2585.33,9980.5,1.663
2026-01-03 01:11:00,620.15,1518.85,917.5,29.75,2599.42,10002.22,1.64
2026-01-03 01:12:00,622.03,1508.33,923.32,30.23,2590.58,9987.23,1.704
2026-01-03 01:13:00,615.6,1500.03,905.64,29.06,2592.62,9931.81,1.767
2026-01-03 01:14:00,618.31,1501.08,913.22,29.59,2593.18,9962.14,1.806
2026-01-03 01:15:00,617.4,1500.3,913.49,29.88,2586.92,9975.04,1.636
2026-01-03 01:16:00,623.05,1509.45,917.96,30.92,2590.92,10031.01,1.87
2026-01-03 01:17:00,623.43,1513.29,919.33,30.07,2587.4,9988.65,1.784
2026-01-03 01:18:00,620.42,1511.5,914.07,30.04,2582.36,10007.59,1.654
2026-01-03 01:19:00,625.56,1524.19,919.31,30.3,2573.4,10042.79,1.779
2026-01-03 01:20:00,617.95,1508.15,910.99,29.51,2581.65,9956.46,1.666
2026-01-03 01:21:00,618.13,1508.4,920.06,30.32,2590.65,10004.34,1.542
2026-01-03 01:22:00,623.21,1514.12,920.47,30.57,2599.13,10040.02,1.635
2026-01-03 01:23:00,621.14,1506.75,911.06,29.71,2594.36,9976.95,1.741
2026-01-03 01:24:00,622.94,1503.99,917.32,30.14,2586.92,10006.88,1.585
2026-01-03 01:25:00,621.13,1508.62,915.81,28.88,2581.53,9950.73,1.807
2026-01-03 01:26:00,623.28,1518.09,914.58,30.32,2588.28,10021.45,1.801
2026-01-03 01:27:00,619.96,1519.97,918.98,29.94,2580.39,9982.03,1.743
2026-01-03 01:28:00,624.35,1516.52,920.65,30.69,2574.02,10052.89,1.624
2026-01-03 01:29:00,622.46,1513.85,915.01,30.34,2576.71,10004.72,1.791
2026-01-03 01:30:00,623.1,1512.11,922.96,30.73,2601.19,10033.56,1.809
2026-01-03 01:31:00,621.98,1507.56,919.84,29.7,2603.24,9986.96,1.765
2026-01-03 01:32:00,619.95,1520.57,912.46,30.15,2595.06,10003.52,1.782
2026-01-03 01:33:00,618.29,1501.0,917.58,30.11,2588.73,10007.85,1.85
2026-01-03 01:34:00,619.83,1511.83,919.07,29.46,2577.65,9997.51,1.643
2026-01-03 01:35:00,623.53,1519.84,910.98,30.19,2588.3,10018.01,1.703
2026-01-03 01:36:00,620.55,1502.59,916.85,29.77,2593.86,10001.96,1.635
2026-01-03 01:37:00,620.6,1509.35,915.44,30.06,2595.62,10002.33,1.768
2026-01-03 01:38:00,622.71,1513.29,919.06,30.28,2594.72,10008.23,1.691
2026-01-03 01:39:00,629.69,1516.03,919.57,30.62,2600.54,10050.8,1.64
2026-01-03 01:40:00,620.8,1513.16,917.31,30.17,2605.61,10030.28,1.735
2026-01-03 01:41:00,622.15,1515.04,919.0,30.89,2588.07,10062.35,1.597
2026-01-03 01:42:00,624.31,1517.04,914.93,30.83,2611.98,10016.59,1.723
2026-01-03 01:43:00,622.81,1518.7,911.34,30.04,2574.45,10044.22,1.751
2026-01-03 01:44:00,619.67,1505.66,917.68,29.86,2582.08,9985.14,1.656
2026-01-03 01:45:00,624.21,1499.52,919.96,29.89,2590.58,10002.47,1.786
2026-01-03 01:46:00,622.17,1515.71,918.2,30.54,2595.18,10048.77,1.601
2026-01-03 01:47:00,626.21,1523.1,922.18,31.17,2590.92,10089.47,1.789
2026-01-03 01:48:00,623.34,1515.98,915.93,30.17,2585.68,10019.39,1.736
2026-01-03 01:49:00,633.08,1520.02,923.98,30.9,2608.71,10056.63,1.749
2026-01-03 01:50:00,623.41,1516.76,919.92,30.69,2586.75,10056.84,1.851
2026-01-03 01:51:00,627.82,1518.17,921.6,30.31,2583.24,10064.33,1.708
2026-01-03 01:52:00,622.03,1510.19,922.18,30.78,2603.76,10034.61,1.726
2026-01-03 01:53:00,627.99,1522.84,919.31,31.58,2599.45,10096.83,1.797
2026-01-03 01:54:00,621.53,1510.82,911.12,29.96,2597.97,10008.33,1.68
2026-01-03 01:55:00,623.58,1513.54,917.72,30.23,2591.12,10016.97,1.593
2026-01-03 01:56:00,620.64,1505.79,914.85,30.31,2577.9,10000.59,1.826
2026-01-03 01:57:00,628.21,1521.07,919.92,31.16,2592.21,10068.07,1.7
2026-01-03 01:58:00,622.53,1517.44,920.58,30.81,2578.17,10035.84,1.673
2026-01-03 01:59:00,620.52,1509.75,918.67,30.27,2591.37,10013.86,1.536
2026-01-03 02:00:00,620.54,1513.37,923.76,31.21,2597.08,10076.22,1.775
2026-01-03 02:01:00,625.25,1519.47,916.64,31.2,2599.98,10063.88,1.773
2026-01-03 02:02:00,624.93,1516.63,921.6,31.14,2591.73,10092.04,1.885
2026-01-03 02:03:00,626.12,1509.29,916.05,30.16,2595.02,10003.69,1.677
2026-01-03 02:04:00,621.67,1515.64,921.36,29.92,2583.01,10034.7,1.754
2026-01-03 02:05:00,625.68,1518.54,920.39,29.98,2597.73,10028.58,1.809
2026-01-03 02:06:00,622.9,1516.44,912.92,30.05,2594.09,9994.9,1.811
2026-01-03 02:07:00,624.63,1524.17,922.69,31.09,2585.18,10069.36,1.794
2026-01-03 02:08:00,621.18,1511.06,916.7,30.03,2593.52,10009.86,1.685
2026-01-03 02:09:00,624.45,1516.65,919.3,30.43,2599.32,10043.94,1.838
2026-01-03 02:10:00,630.42,1525.33,923.23,30.98,2592.62,10079.87,1.872
2026-01-03 02:11:00,628.73,1513.65,916.33,30.68,2584.15,10047.43,1.606
2026-01-03 02:12:00,619.86,1514.33,920.37,30.15,2592.44,10054.63,1.779
2026-01-03 02:13:00,623.94,1520.85,922.2,30.26,2593.73,10010.86,1.792
2026-01-03 02:14:00,623.92,1519.82,920.18,31.19,2585.68,10088.33,1.839
2026-01-03 02:15:00,621.93,1517.12,918.54,30.45,2581.97,10029.48,1.708
2026-01-03 02:16:00,627.03,1508.79,916.78,30.53,2594.71,10042.45,1.702
2026-01-03 02:17:00,623.75,1521.76,918.9,30.67,2598.43,10075.98,1.881
2026-01-03 02:18:00,620.55,1510.65,917.0,30.72,2608.98,10074.32,1.789
2026-01-03 02:19:00,621.0,1512.69,920.24,30.36,2594.15,9998.31,1.689
2026-01-03 02:20:00,622.88,1510.64,914.63,29.77,2579.02,9994.98,1.689
2026-01-03 02:21:00,625.55,1516.39,924.82,31.27,2608.31,10079.9,1.774
2026-01-03 02:22:00,623.08,1516.68,921.72,30.57,2599.8,10063.44,1.747
2026-01-03 02:23:00,623.24,1515.35,914.47,30.33,2573.82,10025.13,1.818
2026-01-03 02:24:00,620.52,1510.85,920.68,30.59,2582.71,10053.04,1.785
2026-01-03 02:25:00,625.3,1513.08,920.75,30.55,2586.79,10047.19,1.775
2026-01-03 02:26:00,624.65,1517.86,921.44,30.67,2597.82,10057.18,1.738
2026-01-03 02:27:00,625.47,1514.9,915.65,30.36,2569.86,10000.16,1.751
2026-01-03 02:28:00,623.72,1505.6,918.14,30.79,2588.85,10023.58,1.653
2026-01-03 02:29:00,624.47,1519.81,922.08,30.85,2597.46,10059.85,1.771
2026-01-03 02:30:00,623.69,1515.6,917.31,30.15,2566.96,10019.04,1.591
2026-01-03 02:31:00,620.61,1523.56,925.74,30.38,2596.94,10053.43,1.731
2026-01-03 02:32:00,622.12,1514.09,919.58,29.55,2595.53,9992.54,1.657
2026-01-03 02:33:00,624.66,1524.11,913.85,31.05,2584.13,10051.89,1.747
2026-01-03 02:34:00,626.58,1523.2,922.06,30.93,2583.45,10097.31,1.757
2026-01-03 02:35:00,624.99,1514.48,927.85,30.52,2583.84,10047.63,1.787
2026-01-03 02:36:00,628.49,1519.83,921.82,30.95,2570.16,10068.2,1.709
2026-01-03 02:37:00,623.89,1519.27,918.11,30.62,2589.99,10095.32,1.858
2026-01-03 02:38:00,621.23,1511.78,920.63,30.45,2592.87,10057.22,1.879
2026-01-03 02:39:00,620.52,1515.36,914.09,30.41,2581.32,10056.3,1.667
2026-01-03 02:40:00,625.87,1513.09,924.23,31.17,2600.54,10099.7,1.842
2026-01-03 02:41:00,622.06,1520.46,918.94,30.51,2591.02,10033.76,1.712
2026-01-03 02:42:00,620.16,1514.1,918.93,30.42,2591.47,10012.76,1.791
2026-01-03 02:43:00,623.35,1513.97,915.74,30.46,2587.5,10046.9,1.659
2026-01-03 02:44:00,628.19,1514.96,920.02,30.81,2597.54,10069.64,1.862
2026-01-03 02:45:00,626.74,1514.9,912.26,30.86,2601.81,10066.85,1.733
2026-01-03 02:46:00,622.7,1521.97,920.18,30.64,2588.08,10063.07,1.742
2026-01-03 02:47:00,626.1,1521.19,922.54,31.12,2597.93,10075.95,1.754
2026-01-03 02:48:00,627.73,1520.61,926.37,31.24,2598.36,10084.77,1.69
2026-01-03 02:49:00,629.08,1519.13,931.65,30.57,2595.88,10093.79,1.85
2026-01-03 02:50:00,630.94,1521.15,920.91,31.29,2605.61,10084.96,1.732
2026-01-03 02:51:00,620.76,1511.88,920.69,30.39,2584.14,10027.44,1.769
2026-01-03 02:52:00,621.56,1514.54,918.28,30.67,2587.3,10045.74,1.724
2026-01-03 02:53:00,623.56,1521.15,920.26,31.16,2585.2,10064.87,1.745
2026-01-03 02:54:00,625.54,1515.11,920.65,30.17,2596.51,10046.87,1.826
2026-01-03 02:55:00,616.69,1521.43,918.45,30.32,2588.56,10047.5,1.626
2026-01-03 02:56:00,624.14,1515.21,926.11,30.92,2586.05,10070.18,1.583
2026-01-03 02:57:00,620.24,1510.55,919.59,30.28,2604.71,10064.66,1.705
2026-01-03 02:58:00,624.39,1515.86,916.67,30.41,2604.71,10034.66,1.727
2026-01-03 02:59:00,630.21,1515.79,921.48,31.02,2588.63,10060.86,1.738
2026-01-03 03:00:00,629.87,1537.63,921.05,31.19,2581.14,10082.07,1.716
2026-01-03 03:01:00,622.92,1518.48,921.06,31.01,2606.68,10074.21,1.904
2026-01-03 03:02:00,628.84,1522.95,930.39,31.47,2597.1,10114.21,1.907
2026-01-03 03:03:00,623.79,1520.38,921.45,31.12,2595.84,10092.26,1.573
2026-01-03 03:04:00,628.5,1517.88,922.79,30.87,2592.62,10074.31,1.716
2026-01-03 03:05:00,620.3,1515.09,921.3,31.22,2585.89,10087.43,1.813
2026-01-03 03:06:00,625.17,1522.21,923.31,30.85,2589.18,10092.47,1.813
2026-01-03 03:07:00,624.86,1523.82,920.88,31.4,2597.32,10077.43,1.708
2026-01-03 03:08:00,626.5,1528.19,929.06,31.35,2589.78,10115.0,1.913
2026-01-03 03:09:00,628.65,1515.77,916.29,31.18,2595.38,10077.88,1.701
2026-01-03 03:10:00,623.52,1521.92,921.64,31.23,2592.52,10090.68,1.783
2026-01-03 03:11:00,623.37,1518.47,922.9,30.48,2582.68,10057.7,1.75
2026-01-03 03:12:00,627.36,1509.18,921.26,31.0,2603.84,10050.93,1.769
2026-01-03 03:13:00,627.14,1529.25,924.62,31.53,2597.32,10094.67,1.743
2026-01-03 03:14:00,627.83,1535.01,926.67,31.32,2596.49,10127.51,1.858
2026-01-03 03:15:00,623.12,1513.13,916.84,30.75,2595.59,10058.06,1.689
2026-01-03 03:16:00,626.16,1518.14,921.46,31.05,2577.46,10074.95,1.798
2026-01-03 03:17:00,622.21,1509.74,919.39,30.24,2587.18,10057.43,1.71
2026-01-03 03:18:00,622.27,1519.45,919.92,29.77,2577.57,10023.13,1.837
2026-01-03 03:19:00,624.56,1520.73,921.63,31.04,2593.51,10093.27,1.768
2026-01-03 03:20:00,625.62,1521.87,919.05,30.37,2593.55,10052.86,1.766
2026-01-03 03:21:00,622.97,1518.4,919.82,29.98,2590.73,10018.3,1.809
2026-01-03 03:22:00,625.6,1521.29,925.44,30.97,2602.09,10096.91,1.808
2026-01-03 03:23:00,627.17,1524.55,927.89,30.74,2579.16,10057.86,1.82
2026-01-03 03:24:00,624.38,1517.98,918.48,30.86,2585.66,10081.51,1.681
2026-01-03 03:25:00,627.46,1524.1,924.61,31.66,2596.22,10103.26,1.841
2026-01-03 03:26:00,628.72,1512.03,917.26,30.86,2593.39,10061.36,1.743
2026-01-03 03:27:00,625.96,1508.18,920.85,30.89,2580.39,10052.03,1.82
2026-01-03 03:28:00,625.49,1526.27,922.14,30.55,2601.31,10073.27,1.809
2026-01-03 03:29:00,625.51,1522.76,926.36,31.26,2605.36,10106.1,1.842
2026-01-03 03:30:00,628.41,1530.97,919.8,31.71,2597.17,10125.43,1.874
2026-01-03 03:31:00,627.51,1517.74,920.62,30.99,2579.37,10065.66,1.846
2026-01-03 03:32:00,626.82,1524.88,925.51,31.1,2593.85,10094.78,1.625
2026-01-03 03:33:00,625.29,1519.63,922.05,30.49,2593.42,10046.44,1.684
2026-01-03 03:34:00,628.33,1526.7,928.21,31.65,2591.79,10130.57,1.821
2026-01-03 03:35:00,623.84,1511.16,921.23,30.57,2601.56,10048.59,1.654
2026-01-03 03:36:00,625.89,1523.64,929.98,32.08,2592.45,10115.35,1.79
2026-01-03 03:37:00,626.26,1515.79,925.87,30.95,2608.28,10065.63,1.779
2026-01-03 03:38:00,630.51,1529.7,927.17,31.71,2600.09,10127.04,1.946
2026-01-03 03:39:00,631.45,1528.94,923.15,31.08,2595.16,10104.41,1.857
2026-01-03 03:40:00,625.32,1515.5,921.81,30.62,2598.98,10070.16,1.825
2026-01-03 03:41:00,624.14,1519.98,924.76,31.33,2605.16,10103.58,1.802
2026-01-03 03:42:00,631.79,1526.38,925.37,31.85,2600.64,10117.17,1.672
2026-01-03 03:43:00,629.56,1523.34,922.61,31.78,2593.6,10136.63,1.771
2026-01-03 03:44:00,627.25,1523.82,926.32,30.94,2586.48,10073.89,1.641
2026-01-03 03:45:00,626.96,1527.16,924.92,30.68,2582.45,10065.32,1.809
2026-01-03 03:46:00,628.62,1527.13,930.62,30.99,2573.51,10106.65,1.809
2026-01-03 03:47:00,625.04,1523.06,921.76,31.51,2594.37,10105.1,1.816
2026-01-03 03:48:00,624.59,1514.51,921.62,30.85,2588.47,10068.93,1.807
2026-01-03 03:49:00,625.09,1519.31,923.3,31.29,2589.66,10088.51,1.747
2026-01-03 03:50:00,628.34,1520.79,923.67,30.81,2599.37,10057.83,1.653
2026-01-03 03:51:00,631.93,1525.29,923.69,31.62,2593.38,10138.59,1.796
2026-01-03 03:52:00,632.26,1528.74,928.3,31.86,2609.29,10134.82,1.864
2026-01-03 03:53:00,629.73,1525.22,924.36,30.84,2587.68,10086.94,1.646
2026-01-03 03:54:00,623.33,1528.41,924.69,31.52,2585.38,10109.51,1.82
2026-01-03 03:55:00,627.37,1523.74,925.78,31.49,2583.21,10112.65,1.711
2026-01-03 03:56:00,621.52,1522.33,919.4,31.48,2597.87,10082.23,1.826
2026-01-03 03:57:00,629.68,1520.91,922.44,31.18,2602.15,10104.19,1.697
2026-01-03 03:58:00,625.56,1516.61,921.07,30.73,2587.24,10079.92,1.84
2026-01-03 03:59:00,624.79,1521.11,921.6,30.45,2581.99,10041.54,1.631
2026-01-03 04:00:00,626.16,1526.48,926.34,31.49,2605.01,10099.82,1.719
2026-01-03 04:01:00,630.81,1521.84,925.59,30.29,2580.18,10074.51,1.826
2026-01-03 04:02:00,628.78,1513.78,928.37,31.84,2601.67,10120.91,1.801
2026-01-03 04:03:00,628.03,1530.27,925.95,31.68,2589.34,10129.1,1.665
2026-01-03 04:04:00,628.14,1527.76,930.84,30.82,2595.28,10082.57,1.836
2026-01-03 04:05:00,628.89,1530.53,926.74,31.23,2601.35,10099.0,1.625
2026-01-03 04:06:00,627.05,1528.51,920.29,30.9,2595.88,10081.8,1.765
2026-01-03 04:07:00,631.34,1525.53,924.16,31.02,2590.4,10099.5,1.961
2026-01-03 04:08:00,629.4,1519.51,932.43,30.66,2603.38,10085.49,1.789
2026-01-03 04:09:00,628.39,1518.27,921.27,31.51,2595.06,10099.29,1.767
2026-01-03 04:10:00,626.75,1527.16,927.41,31.51,2623.14,10123.22,1.811
2026-01-03 04:11:00,627.26,1519.77,929.84,31.21,2579.04,10097.63,1.706
2026-01-03 04:12:00,626.2,1521.26,921.01,31.76,2579.63,10115.81,1.824
2026-01-03 04:13:00,630.13,1516.4,927.99,30.9,2599.43,10066.62,1.939
2026-01-03 04:14:00,630.68,1518.14,928.23,31.04,2592.79,10106.83,1.768
2026-01-03 04:15:00,627.56,1514.67,921.39,31.42,2598.88,10093.99,1.725
2026-01-03 04:16:00,626.94,1533.21,921.88,32.43,2586.05,10152.98,1.883
2026-01-03 04:17:00,628.36,1532.96,928.95,31.77,2594.1,10122.82,1.876
2026-01-03 04:18:00,628.15,1523.53,925.73,31.14,2596.5,10101.54,1.805
2026-01-03 04:19:00,629.01,1536.92,928.62,31.41,2589.7,10132.79,1.802
2026-01-03 04:20:00,626.7,1524.23,926.47,30.83,2593.83,10079.45,1.822
2026-01-03 04:21:00,633.54,1542.06,931.61,32.37,2584.75,10173.75,1.748
2026-01-03 04:22:00,628.75,1526.2,919.67,31.81,2596.26,10108.37,1.764
2026-01-03 04:23:00,631.5,1528.21,925.17,31.51,2605.4,10127.12,1.636
2026-01-03 04:24:00,627.13,1524.2,925.2,30.97,2582.29,10084.85,1.773
2026-01-03 04:25:00,627.77,1523.34,927.31,31.73,2582.8,10110.32,1.788
2026-01-03 04:26:00,626.1,1522.74,930.71,31.51,2603.1,10120.74,1.899
2026-01-03 04:27:00,628.6,1525.28,918.99,31.63,2581.87,10090.26,1.719
2026-01-03 04:28:00,629.83,1531.33,932.03,32.07,2601.7,10156.48,1.932
2026-01-03 04:29:00,627.85,1536.3,924.49,31.82,2593.77,10114.25,1.792
2026-01-03 04:30:00,627.03,1529.04,926.29,31.59,2589.9,10111.96,1.858
2026-01-03 04:31:00,625.11,1518.22,925.77,31.34,2604.01,10087.16,1.846
2026-01-03 04:32:00,630.53,1526.36,923.83,31.61,2601.1,10123.14,1.821
2026-01-03 04:33:00,627.67,1523.16,923.77,31.44,2595.4,10109.99,1.827
2026-01-03 04:34:00,630.93,1522.7,925.59,31.13,2574.67,10077.2,1.729
2026-01-03 04:35:00,623.96,1517.03,921.78,31.53,2598.45,10099.44,1.892
2026-01-03 04:36:00,635.76,1539.09,932.16,32.46,2587.04,10172.83,2.081
2026-01-03 04:37:00,626.43,1522.69,921.5,30.79,2590.71,10092.28,1.673
2026-01-03 04:38:00,625.51,1522.4,925.76,31.05,2591.82,10073.91,1.778
2026-01-03 04:39:00,628.19,1520.29,926.07,31.09,2607.72,10094.01,1.768
2026-01-03 04:40:00,630.64,1523.63,922.97,31.48,2591.56,10120.83,1.851
2026-01-03 04:41:00,631.77,1529.9,929.87,31.5,2581.53,10103.5,1.671
2026-01-03 04:42:00,631.75,1519.35,927.9,32.3,2606.07,10139.49,1.749
2026-01-03 04:43:00,628.84,1532.05,924.06,31.59,2599.48,10123.11,1.956
2026-01-03 04:44:00,631.66,1528.99,926.1,31.61,2598.25,10083.68,1.899
2026-01-03 04:45:00,630.36,1532.67,928.37,31.16,2604.96,10107.09,1.675
2026-01-03 04:46:00,619.41,1519.48,918.82,31.25,2605.44,10071.14,1.928
2026-01-03 04:47:00,627.37,1524.49,916.86,30.99,2584.34,10066.41,1.707
2026-01-03 04:48:00,625.84,1520.42,922.3,31.33,2581.48,10095.74,1.86
2026-01-03 04:49:00,625.57,1515.28,920.73,31.8,2599.87,10109.01,1.796
2026-01-03 04:50:00,631.78,1530.15,929.82,31.3,2591.04,10109.3,1.826
2026-01-03 04:51:00,630.34,1522.6,925.11,31.8,2591.81,10110.49,1.819
2026-01-03 04:52:00,628.38,1531.95,925.95,31.87,2585.48,10143.13,1.914
2026-01-03 04:53:00,632.25,1529.27,931.16,31.3,2597.79,10108.87,1.766
2026-01-03 04:54:00,626.55,1534.0,931.14,31.55,2597.55,10139.96,1.985
2026-01-03 04:55:00,622.08,1521.26,917.23,31.26,2590.18,10065.19,1.856
2026-01-03 04:56:00,627.22,1527.59,931.64,31.91,2582.49,10121.18,1.79
2026-01-03 04:57:00,629.89,1525.88,930.81,31.35,2602.85,10110.21,1.812
2026-01-03 04:58:00,630.48,1528.87,926.7,31.32,2594.39,10088.85,1.799
2026-01-03 04:59:00,627.12,1533.32,925.42,31.39,2601.79,10101.67,1.769
2026-01-03 05:00:00,625.35,1528.19,917.93,31.25,2575.97,10100.41,1.773
2026-01-03 05:01:00,625.97,1520.05,918.46,31.47,2592.92,10091.97,1.857
2026-01-03 05:02:00,624.66,1527.33,923.91,31.37,2587.6,10114.21,1.86
2026-01-03 05:03:00,631.51,1526.2,925.66,31.2,2594.25,10130.54,1.785
2026-01-03 05:04:00,633.65,1530.52,926.33,31.31,2600.06,10093.24,1.799
2026-01-03 05:05:00,625.8,1519.56,923.92,30.93,2594.51,10068.32,1.691
2026-01-03 05:06:00,627.78,1523.44,929.04,31.28,2593.2,10107.15,1.943
2026-01-03 05:07:00,627.64,1520.19,922.53,31.36,2593.58,10117.96,1.877
2026-01-03 05:08:00,631.42,1519.2,923.35,31.26,2581.19,10122.98,1.813
2026-01-03 05:09:00,631.15,1516.08,922.52,30.91,2584.55,10075.03,1.79
2026-01-03 05:10:00,625.31,1523.18,922.02,30.55,2600.1,10057.67,1.826
2026-01-03 05:11:00,627.32,1518.74,929.22,31.46,2588.39,10091.2,1.748
2026-01-03 05:12:00,630.94,1525.31,925.56,31.65,2602.44,10113.95,1.811
2026-01-03 05:13:00,627.51,1525.42,926.11,31.31,2599.66,10106.94,1.861
2026-01-03 05:14:00,626.19,1530.43,933.49,31.64,2600.3,10112.55,1.713
2026-01-03 05:15:00,625.95,1526.52,933.54,31.82,2596.91,10137.69,1.877
2026-01-03 05:16:00,624.97,1511.84,922.6,31.03,2588.59,10082.01,1.981
2026-01-03 05:17:00,629.16,1522.44,924.17,31.5,2592.09,10113.31,1.678
2026-01-03 05:18:00,629.45,1531.19,925.42,32.41,2599.7,10146.37,1.914
2026-01-03 05:19:00,625.35,1527.56,925.44,31.38,2575.45,10091.58,1.692
2026-01-03 05:20:00,626.28,1519.56,920.06,31.03,2602.07,10082.96,1.672
2026-01-03 05:21:00,635.27,1523.9,935.34,32.39,2591.16,10161.17,1.824
2026-01-03 05:22:00,625.38,1521.71,923.77,31.29,2591.34,10080.82,1.823
2026-01-03 05:23:00,629.82,1528.69,928.63,32.27,2594.64,10163.95,1.903
2026-01-03 05:24:00,628.18,1536.51,927.86,31.18,2592.25,10094.61,1.783
2026-01-03 05:25:00,633.05,1525.68,921.75,31.18,2582.12,10096.06,1.709
2026-01-03 05:26:00,625.88,1530.99,930.17,31.6,2595.52,10139.23,1.823
2026-01-03 05:27:00,627.34,1532.21,928.25,31.66,2598.35,10120.92,1.672
2026-01-03 05:28:00,630.66,1528.67,927.56,31.43,2577.12,10118.05,1.882
2026-01-03 05:29:00,628.26,1524.92,926.08,31.32,2582.63,10106.61,1.773
2026-01-03 05:30:00,631.65,1527.8,925.99,31.7,2600.55,10115.44,1.901
2026-01-03 05:31:00,631.22,1528.84,925.98,31.88,2598.8,10108.79,1.728
2026-01-03 05:32:00,628.22,1528.81,925.71,31.72,2595.99,10121.11,1.86
2026-01-03 05:33:00,627.83,1526.91,924.28,31.15,2586.87,10088.51,1.646
2026-01-03 05:34:00,630.09,1534.95,929.68,31.73,2599.64,10129.37,1.933
2026-01-03 05:35:00,628.44,1527.35,924.74,32.46,2585.54,10161.45,1.891
2026-01-03 05:36:00,629.1,1524.69,924.16,31.14,2590.85,10078.59,1.75
2026-01-03 05:37:00,631.49,1532.85,923.08,31.89,2583.77,10137.23,1.798
2026-01-03 05:38:00,636.59,1545.86,934.85,32.21,2593.79,10159.38,1.829
2026-01-03 05:39:00,631.7,1534.11,924.74,31.86,2587.05,10164.62,1.859
2026-01-03 05:40:00,633.55,1533.68,924.18,31.75,2599.74,10123.62,1.692
2026-01-03 05:41:00,622.17,1524.75,924.91,31.41,2597.08,10121.43,1.791
2026-01-03 05:42:00,626.22,1516.24,923.26,31.04,2587.07,10070.55,1.747
2026-01-03 05:43:00,626.77,1521.77,921.29,30.46,2599.49,10048.44,1.833
2026-01-03 05:44:00,630.57,1520.86,929.25,31.59,2585.43,10107.9,1.764
2026-01-03 05:45:00,631.68,1530.96,924.24,31.36,2592.68,10104.63,1.72
2026-01-03 05:46:00,628.82,1514.98,923.65,30.77,2587.05,10079.19,1.774
2026-01-03 05:47:00,625.69,1522.37,925.74,31.49,2599.36,10116.5,1.86
2026-01-03 05:48:00,631.23,1533.12,932.77,32.63,2600.06,10154.84,1.857
2026-01-03 05:49:00,628.46,1521.02,921.87,30.52,2602.49,10081.82,1.787
2026-01-03 05:50:00,626.55,1525.74,932.87,31.13,2592.72,10081.56,1.785
2026-01-03 05:51:00,630.37,1529.72,935.61,31.59,2570.57,10137.67,1.821
2026-01-03 05:52:00,628.98,1522.13,920.42,31.46,2588.71,10084.04,1.739
2026-01-03 05:53:00,630.33,1532.79,931.04,31.94,2606.46,10129.71,1.763
2026-01-03 05:54:00,630.75,1521.55,923.44,31.45,2590.36,10104.75,1.805
2026-01-03 05:55:00,630.23,1527.77,928.0,32.0,2578.68,10131.88,1.854
2026-01-03 05:56:00,625.25,1530.95,923.97,32.3,2598.95,10166.37,1.866
2026-01-03 05:57:00,630.25,1528.46,927.74,31.77,2598.21,10131.79,1.684
2026-01-03 05:58:00,629.39,1533.17,936.73,31.44,2587.68,10118.56,1.89
2026-01-03 05:59:00,628.42,1524.16,921.5,31.3,2590.95,10103.67,1.692
2026-01-03 06:00:00,631.79,1530.54,931.12,32.03,2588.32,10159.64,1.749
2026-01-03 06:01:00,625.03,1516.62,924.94,31.3,2596.84,10096.95,1.712
2026-01-03 06:02:00,629.77,1532.38,925.43,31.09,2593.87,10116.43,1.78
2026-01-03 06:03:00,630.61,1524.0,930.67,31.99,2584.59,10129.39,1.817
2026-01-03 06:04:00,630.77,1535.66,926.14,32.12,2593.57,10122.28,1.898
2026-01-03 06:05:00,631.84,1524.55,927.08,31.11,2586.56,10091.01,1.87
2026-01-03 06:06:00,624.83,1524.48,925.3,31.66,2604.54,10101.9,1.662
2026-01-03 06:07:00,626.13,1524.05,927.13,31.23,2599.72,10094.63,1.65
2026-01-03 06:08:00,624.73,1529.19,927.19,31.95,2593.98,10156.14,1.937
2026-01-03 06:09:00,632.08,1528.58,933.63,31.34,2593.7,10107.02,1.791
2026-01-03 06:10:00,631.07,1529.88,923.58,31.96,2602.62,10144.44,1.758
2026-01-03 06:11:00,628.51,1533.99,924.53,31.37,2592.01,10116.03,1.86
2026-01-03 06:12:00,626.15,1522.06,927.04,31.23,2598.1,10080.87,1.872
2026-01-03 06:13:00,631.7,1529.8,926.83,31.72,2606.08,10138.15,1.868
2026-01-03 06:14:00,630.82,1526.13,926.11,31.13,2589.04,10104.83,1.742
2026-01-03 06:15:00,628.7,1532.4,924.26,31.66,2606.9,10124.46,1.649
2026-01-03 06:16:00,628.76,1525.64,920.7,31.28,2603.95,10108.56,1.849
2026-01-03 06:17:00,632.62,1533.55,928.45,32.22,2597.51,10170.67,1.856
2026-01-03 06:18:00,621.84,1517.43,926.71,31.06,2588.47,10080.42,1.714
2026-01-03 06:19:00,626.47,1529.82,923.81,31.03,2594.75,10102.03,1.676
2026-01-03 06:20:00,630.08,1528.31,926.32,31.82,2591.17,10108.85,1.825
2026-01-03 06:21:00,630.03,1520.53,922.44,31.24,2585.57,10077.81,1.735
2026-01-03 06:22:00,632.75,1529.0,929.11,31.13,2596.88,10096.09,1.809
2026-01-03 06:23:00,628.47,1538.15,925.07,32.03,2586.59,10151.34,1.92
2026-01-03 06:24:00,630.44,1527.42,924.9,31.6,2590.36,10107.59,1.752
2026-01-03 06:25:00,632.03,1535.78,926.13,31.65,2590.92,10119.21,1.987
2026-01-03 06:26:00,625.12,1519.41,917.52,31.08,2579.75,10045.82,1.742
2026-01-03 06:27:00,623.64,1518.5,929.85,31.51,2598.71,10117.16,1.876
2026-01-03 06:28:00,626.87,1530.22,920.39,31.98,2591.94,10125.34,1.781
2026-01-03 06:29:00,627.61,1516.2,925.56,30.81,2602.61,10085.61,1.833
2026-01-03 06:30:00,629.97,1535.8,930.0,31.31,2591.59,10119.8,1.746
2026-01-03 06:31:00,622.74,1528.59,924.35,31.79,2589.61,10102.1,1.854
2026-01-03 06:32:00,627.75,1532.31,931.68,31.7,2586.91,10135.14,2.032
2026-01-03 06:33:00,625.73,1526.54,926.69,30.84,2592.49,10084.53,1.699
2026-01-03 06:34:00,626.9,1520.04,919.84,30.98,2592.15,10074.6,1.591
2026-01-03 06:35:00,627.95,1526.85,925.55,31.66,2598.75,10100.9,1.752
2026-01-03 06:36:00,631.61,1525.09,926.88,31.12,2593.24,10098.13,1.822
2026-01-03 06:37:00,624.14,1518.25,920.31,30.87,2608.2,10065.9,1.776
2026-01-03 06:38:00,627.39,1522.25,927.85,30.88,2596.46,10100.88,1.767
2026-01-03 06:39:00,627.74,1522.83,926.89,31.17,2584.75,10096.46,1.883
2026-01-03 06:40:00,633.87,1530.43,933.19,32.16,2585.84,10142.04,1.803
2026-01-03 06:41:00,628.58,1529.58,920.35,31.4,2597.81,10119.31,1.888
2026-01-03 06:42:00,625.75,1526.73,925.95,30.9,2584.29,10091.25,1.762
2026-01-03 06:43:00,633.2,1536.89,933.53,31.63,2598.94,10136.15,1.762
2026-01-03 06:44:00,629.36,1521.97,921.1,30.97,2599.32,10084.05,1.795
2026-01-03 06:45:00,631.43,1528.3,928.81,31.91,2601.23,10128.05,1.84
2026-01-03 06:46:00,630.18,1509.43,922.4,31.35,2585.59,10094.06,1.944
2026-01-03 06:47:00,635.57,1535.8,930.57,31.7,2600.78,10116.16,1.849
2026-01-03 06:48:00,630.9,1518.82,923.51,30.97,2594.29,10072.44,1.797
2026-01-03 06:49:00,624.88,1523.79,926.15,31.2,2587.98,10101.65,1.811
2026-01-03 06:50:00,630.19,1526.09,924.67,31.14,2591.5,10099.94,1.755
2026-01-03 06:51:00,629.22,1530.75,934.76,31.56,2596.88,10108.66,1.789
2026-01-03 06:52:00,626.21,1520.31,925.98,31.65,2587.16,10094.07,1.753
2026-01-03 06:53:00,627.53,1530.06,934.05,31.42,2596.12,10123.84,1.833
2026-01-03 06:54:00,628.11,1529.9,926.61,30.88,2603.77,10085.34,1.664
2026-01-03 06:55:00,631.51,1528.88,926.16,31.45,2601.64,10129.45,1.689
2026-01-03 06:56:00,632.59,1523.74,927.01,31.58,2593.55,10102.93,1.743
2026-01-03 06:57:00,629.96,1519.42,926.92,31.33,2594.67,10100.54,1.731
2026-01-03 06:58:00,629.05,1529.74,918.02,30.97,2587.01,10062.48,1.79
2026-01-03 06:59:00,628.09,1524.28,929.07,31.58,2589.76,10127.29,1.78
2026-01-03 07:00:00,629.81,1526.55,927.55,31.71,2581.12,10116.4,1.858
2026-01-03 07:01:00,628.08,1543.36,931.99,32.15,2597.32,10165.13,1.81
2026-01-03 07:02:00,631.31,1532.6,929.72,31.42,2599.6,10135.05,2.008
2026-01-03 07:03:00,631.02,1533.62,924.04,32.07,2593.64,10136.78,1.813
2026-01-03 07:04:00,638.3,1543.61,932.81,32.4,2588.83,10178.87,1.906
2026-01-03 07:05:00,629.02,1520.95,926.88,31.57,2594.19,10122.81,1.77
2026-01-03 07:06:00,632.03,1533.16,923.03,31.43,2603.57,10101.57,1.767
2026-01-03 07:07:00,628.22,1534.47,931.58,31.02,2600.09,10103.42,1.837
2026-01-03 07:08:00,630.72,1519.46,929.05,31.15,2591.69,10078.1,1.78
2026-01-03 07:09:00,631.04,1526.35,923.49,30.95,2608.49,10082.72,1.843
2026-01-03 07:10:00,630.12,1526.96,926.02,31.47,2614.86,10112.54,1.893
2026-01-03 07:11:00,629.38,1524.62,926.82,31.95,2589.88,10124.2,1.988
2026-01-03 07:12:00,627.26,1527.92,924.08,31.33,2590.34,10087.83,1.847
2026-01-03 07:13:00,627.4,1522.86,924.48,31.32,2598.39,10101.73,1.805
2026-01-03 07:14:00,627.49,1539.35,924.09,31.72,2586.65,10130.29,1.796
2026-01-03 07:15:00,630.69,1528.7,928.45,30.99,2600.41,10121.61,1.765
2026-01-03 07:16:00,627.14,1526.39,923.16,31.16,2593.66,10101.82,1.77
2026-01-03 07:17:00,627.83,1515.63,925.72,31.19,2595.22,10086.29,1.806
2026-01-03 07:18:00,630.35,1530.54,926.51,31.25,2588.46,10107.43,1.901
2026-01-03 07:19:00,626.6,1532.4,923.5,30.83,2585.97,10087.06,1.819
2026-01-03 07:20:00,627.87,1514.85,919.69,30.87,2575.19,10056.3,1.739
2026-01-03 07:21:00,627.63,1521.24,925.63,31.68,2604.7,10101.04,1.706
2026-01-03 07:22:00,630.34,1522.23,924.53,31.13,2600.25,10098.38,1.737
2026-01-03 07:23:00,626.29,1522.79,924.11,32.05,2599.59,10136.77,1.853
2026-01-03 07:24:00,627.5,1522.66,931.97,31.79,2596.36,10120.36,1.865
2026-01-03 07:25:00,627.34,1529.51,921.66,31.44,2575.36,10126.07,1.901
2026-01-03 07:26:00,629.42,1521.43,930.28,31.56,2587.93,10129.91,1.904
2026-01-03 07:27:00,627.64,1517.35,928.57,32.0,2591.33,10115.57,1.735
2026-01-03 07:28:00,630.04,1519.43,926.19,30.57,2582.72,10063.71,1.713
2026-01-03 07:29:00,629.89,1523.3,926.71,31.07,2578.9,10091.59,1.862
2026-01-03 07:30:00,625.93,1526.48,922.69,32.04,2585.58,10116.07,1.899
2026-01-03 07:31:00,635.01,1520.31,923.2,31.2,2593.18,10100.19,1.801
2026-01-03 07:32:00,624.26,1514.42,926.53,31.13,2591.6,10059.66,1.893
2026-01-03 07:33:00,630.2,1524.51,927.17,30.62,2598.71,10065.9,1.862
2026-01-03 07:34:00,627.01,1527.69,926.48,31.72,2610.3,10126.05,1.88
2026-01-03 07:35:00,628.69,1527.68,922.5,31.3,2597.37,10076.95,1.808
2026-01-03 07:36:00,629.53,1524.67,921.6,30.67,2589.79,10059.38,1.628
2026-01-03 07:37:00,624.62,1518.9,922.36,31.38,2607.23,10101.31,1.728
2026-01-03 07:38:00,630.06,1515.98,920.29,30.61,2577.47,10031.9,1.734
2026-01-03 07:39:00,622.78,1522.33,920.33,30.29,2573.77,10038.8,1.876
2026-01-03 07:40:00,626.01,1529.3,924.42,32.22,2586.61,10123.81,1.93
2026-01-03 07:41:00,627.24,1526.01,929.95,31.68,2599.51,10106.06,1.751
2026-01-03 07:42:00,628.88,1529.1,934.75,31.41,2594.6,10112.13,1.891
2026-01-03 07:43:00,627.43,1522.3,930.83,31.44,2584.21,10111.83,1.741
2026-01-03 07:44:00,621.89,1523.35,917.55,31.06,2584.77,10043.6,1.542
2026-01-03 07:45:00,628.85,1518.08,921.75,31.24,2582.82,10099.32,1.955
2026-01-03 07:46:00,628.04,1531.95,922.2,31.01,2582.24,10084.36,1.609
2026-01-03 07:47:00,627.25,1523.45,928.16,31.62,2605.17,10099.48,1.574
2026-01-03 07:48:00,630.72,1521.61,928.01,30.8,2591.11,10086.51,1.809
2026-01-03 07:49:00,630.09,1512.35,920.96,31.42,2607.22,10107.36,1.783
2026-01-03 07:50:00,623.42,1522.06,924.25,31.34,2585.62,10099.1,1.829
2026-01-03 07:51:00,631.95,1523.92,926.01,31.13,2596.61,10097.49,1.948
2026-01-03 07:52:00,628.5,1524.62,927.86,31.01,2594.77,10104.61,1.884
2026-01-03 07:53:00,622.38,1519.64,926.32,30.83,2598.3,10061.15,1.811
2026-01-03 07:54:00,627.54,1526.86,924.2,31.09,2593.6,10068.68,1.704
2026-01-03 07:55:00,622.18,1514.71,917.73,29.98,2597.21,10011.26,1.684
2026-01-03 07:56:00,628.13,1520.92,924.13,31.01,2597.13,10097.82,1.846
2026-01-03 07:57:00,626.48,1525.02,922.45,31.2,2582.74,10066.27,1.737
2026-01-03 07:58:00,626.14,1514.8,923.15,30.53,2595.93,10030.32,1.804
2026-01-03 07:59:00,626.14,1525.78,923.96,30.88,2590.89,10072.79,1.795
2026-01-03 08:00:00,624.25,1524.82,927.57,31.55,2586.5,10098.46,1.785
2026-01-03 08:01:00,624.9,1519.55,922.94,30.42,2595.51,10027.45,1.828
2026-01-03 08:02:00,625.91,1517.46,923.92,31.62,2599.69,10088.19,1.772
2026-01-03 08:03:00,626.25,1515.05,928.2,31.23,2588.13,10079.86,1.675
2026-01-03 08:04:00,631.34,1520.55,925.64,30.77,2589.36,10084.16,1.887
2026-01-03 08:05:00,624.19,1518.91,922.37,30.67,2580.22,10062.44,1.769
2026-01-03 08:06:00,628.53,1522.82,928.26,30.83,2577.33,10073.98,1.761
2026-01-03 08:07:00,626.14,1522.95,929.29,31.21,2590.24,10084.68,1.778
2026-01-03 08:08:00,626.27,1514.4,928.0,31.04,2598.48,10083.8,1.742
2026-01-03 08:09:00,622.94,1527.96,925.02,30.8,2587.46,10081.31,1.995
2026-01-03 08:10:00,626.07,1521.52,922.02,31.32,2603.72,10087.67,1.687
2026-01-03 08:11:00,623.55,1517.83,921.25,30.99,2589.4,10055.38,1.791
2026-01-03 08:12:00,621.85,1517.24,922.19,30.54,2588.94,10042.64,1.768
2026-01-03 08:13:00,620.43,1516.58,923.56,30.84,2588.87,10059.02,1.83
2026-01-03 08:14:00,622.29,1523.29,922.85,31.14,2600.76,10103.44,1.777
2026-01-03 08:15:00,629.87,1519.16,919.9,30.85,2584.07,10073.42,1.878
2026-01-03 08:16:00,627.57,1523.73,925.44,31.05,2591.27,10087.85,1.765
2026-01-03 08:17:00,622.31,1521.93,920.8,30.96,2586.91,10061.74,1.729
2026-01-03 08:18:00,623.2,1516.87,916.17,31.0,2587.12,10069.97,1.782
2026-01-03 08:19:00,625.86,1514.36,919.99,30.88,2591.98,10072.34,1.806
2026-01-03 08:20:00,627.78,1520.92,922.36,30.97,2591.08,10079.77,1.872
2026-01-03 08:21:00,626.21,1528.43,921.5,30.65,2600.64,10085.84,1.686
2026-01-03 08:22:00,634.45,1525.62,927.87,32.09,2593.7,10125.98,1.901
2026-01-03 08:23:00,630.2,1518.36,917.77,30.25,2595.6,10058.44,1.844
2026-01-03 08:24:00,626.97,1523.56,919.35,31.32,2593.82,10091.14,1.854
2026-01-03 08:25:00,625.91,1530.52,927.62,31.39,2604.14,10103.47,1.801
2026-01-03 08:26:00,626.98,1519.22,925.6,31.02,2589.63,10081.27,1.747
2026-01-03 08:27:00,621.86,1513.44,922.62,31.09,2589.68,10081.96,1.827
2026-01-03 08:28:00,625.86,1516.94,923.54,30.31,2596.24,10035.8,1.765
2026-01-03 08:29:00,625.52,1514.9,919.43,31.1,2589.1,10070.44,1.658
2026-01-03 08:30:00,621.08,1517.08,922.49,30.48,2595.25,10061.14,1.841
2026-01-03 08:31:00,621.49,1515.77,918.21,30.68,2609.35,10045.17,1.7
2026-01-03 08:32:00,625.93,1514.89,925.24,30.7,2583.6,10065.46,1.721
2026-01-03 08:33:00,619.87,1514.68,920.87,30.62,2603.27,10054.63,1.848
2026-01-03 08:34:00,624.53,1525.2,921.07,31.41,2589.35,10113.14,1.829
2026-01-03 08:35:00,625.6,1526.25,927.79,30.97,2602.53,10075.58,1.768
2026-01-03 08:36:00,626.6,1516.24,919.15,30.72,2596.12,10044.71,1.725
2026-01-03 08:37:00,629.51,1519.11,918.17,30.77,2595.98,10058.74,1.747
2026-01-03 08:38:00,623.41,1507.76,922.71,30.46,2588.36,10017.55,1.729
2026-01-03 08:39:00,616.85,1517.84,923.0,30.6,2587.87,10025.44,1.87
2026-01-03 08:40:00,623.44,1519.15,920.41,31.37,2586.88,10096.8,1.647
2026-01-03 08:41:00,635.65,1522.55,923.58,31.11,2591.68,10070.47,1.978
2026-01-03 08:42:00,624.66,1521.98,920.06,31.18,2589.4,10050.96,1.947
2026-01-03 08:43:00,620.71,1518.39,921.61,30.56,2593.1,10068.9,1.747
2026-01-03 08:44:00,628.75,1517.77,916.02,30.76,2579.06,10037.37,1.763
2026-01-03 08:45:00,619.9,1514.77,918.84,30.68,2589.93,10022.16,1.75
2026-01-03 08:46:00,627.96,1521.25,926.34,30.95,2601.45,10063.33,1.856
2026-01-03 08:47:00,625.26,1521.49,927.96,31.89,2600.56,10105.8,1.82
2026-01-03 08:48:00,631.59,1521.49,921.17,31.29,2591.54,10063.56,1.802
2026-01-03 08:49:00,621.59,1526.91,924.09,30.61,2611.41,10052.09,1.856
2026-01-03 08:50:00,619.97,1499.73,921.27,30.08,2584.7,10011.0,1.571
2026-01-03 08:51:00,624.31,1502.68,914.55,30.45,2589.13,10024.0,1.724
2026-01-03 08:52:00,623.92,1517.89,924.02,30.52,2579.26,10050.81,1.778
2026-01-03 08:53:00,625.65,1517.99,920.73,31.15,2587.06,10035.95,1.721
2026-01-03 08:54:00,625.2,1517.49,918.17,30.63,2604.46,10032.65,1.608
2026-01-03 08:55:00,625.51,1519.91,921.57,30.92,2588.61,10067.92,1.779
2026-01-03 08:56:00,622.34,1511.65,924.01,30.75,2579.87,10082.39,1.744
2026-01-03 08:57:00,624.52,1523.72,919.56,30.91,2598.34,10063.7,1.737
2026-01-03 08:58:00,624.11,1517.38,921.52,30.43,2594.14,10055.04,1.763
2026-01-03 08:59:00,628.35,1525.73,922.77,31.57,2599.54,10103.06,1.672
2026-01-03 09:00:00,626.8,1514.54,921.19,30.51,2589.82,10085.15,1.768
2026-01-03 09:01:00,625.03,1510.73,920.25,30.84,2582.27,10037.1,1.694
2026-01-03 09:02:00,628.24,1519.44,921.09,30.81,2590.09,10068.64,1.673
2026-01-03 09:03:00,618.99,1515.32,924.46,30.05,2594.72,10035.82,1.787
2026-01-03 09:04:00,630.12,1529.27,919.24,31.49,2592.66,10111.87,1.713
2026-01-03 09:05:00,625.02,1518.41,923.38,30.67,2593.94,10050.01,1.804
2026-01-03 09:06:00,626.39,1515.83,923.37,30.84,2587.11,10064.6,1.843
2026-01-03 09:07:00,627.23,1518.23,922.13,31.51,2595.67,10087.03,1.784
2026-01-03 09:08:00,624.98,1529.71,925.65,31.11,2591.82,10075.99,1.87
2026-01-03 09:09:00,625.45,1529.79,924.28,31.42,2586.8,10091.47,1.982
2026-01-03 09:10:00,624.94,1512.0,915.47,29.96,2590.1,10002.23,1.765
2026-01-03 09:11:00,627.43,1525.8,922.51,31.28,2589.2,10087.63,1.769
2026-01-03 09:12:00,623.41,1512.03,918.77,30.52,2596.31,10063.82,1.866
2026-01-03 09:13:00,621.34,1521.97,922.08,30.79,2598.01,10054.98,1.609
2026-01-03 09:14:00,623.34,1509.75,919.09,29.96,2593.36,10011.74,1.914
2026-01-03 09:15:00,621.53,1512.91,918.31,31.26,2578.52,10069.69,1.785
2026-01-03 09:16:00,622.51,1517.97,918.64,30.38,2582.24,10027.43,1.763
2026-01-03 09:17:00,622.97,1516.5,918.59,30.9,2585.95,10055.26,1.639
2026-01-03 09:18:00,624.48,1520.14,916.72,30.52,2583.86,10034.52,1.82
2026-01-03 09:19:00,625.71,1526.23,922.92,31.83,2588.55,10102.9,1.817
2026-01-03 09:20:00,626.44,1517.8,921.05,30.54,2599.01,10069.81,1.767
2026-01-03 09:21:00,621.65,1516.25,914.68,30.35,2595.58,10028.43,1.691
2026-01-03 09:22:00,623.29,1511.87,920.33,30.05,2586.36,10022.28,1.665
2026-01-03 09:23:00,623.66,1518.74,921.88,29.9,2594.85,10031.43,1.685
2026-01-03 09:24:00,624.72,1519.58,921.33,30.33,2593.24,10044.2,1.625
2026-01-03 09:25:00,622.32,1511.06,921.81,30.58,2589.47,10021.68,1.752
2026-01-03 09:26:00,623.31,1505.09,921.09,30.16,2598.56,10012.59,1.855
2026-01-03 09:27:00,627.74,1523.14,919.19,31.07,2586.88,10084.35,1.822
2026-01-03 09:28:00,624.47,1511.2,915.93,30.33,2589.71,10010.24,1.66
2026-01-03 09:29:00,620.18,1513.32,915.14,30.25,2581.15,10017.16,1.758
2026-01-03 09:30:00,622.66,1510.33,916.7,30.18,2580.96,10002.48,1.507
2026-01-03 09:31:00,628.0,1513.49,922.48,31.12,2581.05,10078.26,1.921
2026-01-03 09:32:00,628.4,1515.55,923.6,31.2,2584.12,10080.24,1.742
2026-01-03 09:33:00,618.49,1517.62,918.54,30.57,2591.56,10051.47,1.802
2026-01-03 09:34:00,626.39,1515.88,922.19,31.44,2589.91,10088.52,1.79
2026-01-03 09:35:00,625.22,1510.35,919.37,30.04,2587.75,10026.28,1.786
2026-01-03 09:36:00,622.43,1511.23,921.38,30.57,2588.24,10044.8,1.942
2026-01-03 09:37:00,628.75,1504.66,918.49,30.28,2603.1,10000.71,1.547
2026-01-03 09:38:00,617.22,1506.15,919.41,30.39,2581.07,10032.78,1.766
2026-01-03 09:39:00,624.69,1516.8,924.03,30.27,2580.06,10028.86,1.765
2026-01-03 09:40:00,624.94,1518.16,916.13,30.88,2583.03,10023.15,1.707
2026-01-03 09:41:00,620.94,1511.81,913.85,30.58,2588.97,10016.96,1.673
2026-01-03 09:42:00,621.02,1508.24,913.01,30.25,2593.66,10016.68,1.808
2026-01-03 09:43:00,617.87,1513.46,914.39,29.77,2593.89,10001.45,1.716
2026-01-03 09:44:00,622.17,1512.62,924.05,29.62,2596.84,10010.21,1.726
2026-01-03 09:45:00,627.67,1523.97,920.78,30.95,2590.28,10058.08,1.743
2026-01-03 09:46:00,619.71,1515.95,919.23,30.96,2587.6,10048.49,1.746
2026-01-03 09:47:00,621.67,1502.47,909.11,29.79,2601.07,9977.22,1.748
2026-01-03 09:48:00,624.71,1521.12,923.36,30.1,2568.17,10039.96,1.797
2026-01-03 09:49:00,625.5,1517.69,920.21,30.61,2591.05,10042.7,1.692
2026-01-03 09:50:00,621.97,1508.91,918.95,30.04,2592.82,10012.65,1.704
2026-01-03 09:51:00,631.24,1505.06,921.64,30.32,2604.71,10021.27,1.817
2026-01-03 09:52:00,627.74,1520.38,917.11,31.17,2577.6,10051.41,1.896
2026-01-03 09:53:00,620.26,1516.75,918.98,30.45,2586.27,10019.08,1.869
2026-01-03 09:54:00,625.46,1505.22,918.84,29.67,2576.64,9964.43,1.817
2026-01-03 09:55:00,616.49,1516.37,916.98,30.2,2575.12,10015.97,1.747
2026-01-03 09:56:00,617.44,1507.83,916.03,29.34,2585.02,9942.54,1.754
2026-01-03 09:57:00,622.19,1507.69,909.77,30.0,2596.1,10014.1,1.759
2026-01-03 09:58:00,623.21,1512.82,919.98,30.81,2600.51,10050.69,1.702
2026-01-03 09:59:00,622.77,1510.18,915.75,29.99,2584.75,10002.87,1.711
2026-01-03 10:00:00,620.71,1500.36,919.62,29.88,2594.47,10006.45,1.707
2026-01-03 10:01:00,626.65,1515.78,918.28,30.99,2589.6,10058.87,1.843
2026-01-03 10:02:00,622.33,1518.29,922.0,30.34,2595.97,10067.53,1.84
2026-01-03 10:03:00,623.77,1518.1,921.78,30.62,2600.34,10057.06,1.759
2026-01-03 10:04:00,627.69,1515.96,916.93,30.57,2588.57,10031.7,1.727
2026-01-03 10:05:00,625.99,1518.83,922.25,30.96,2599.44,10049.65,1.706
2026-01-03 10:06:00,622.5,1512.89,920.38,30.78,2581.12,10049.77,1.735
2026-01-03 10:07:00,623.26,1505.06,913.13,29.66,2593.65,9987.45,1.7
2026-01-03 10:08:00,626.41,1511.12,918.78,30.45,2598.51,10034.84,1.774
2026-01-03 10:09:00,617.66,1514.43,915.01,30.02,2596.17,9995.87,1.724
2026-01-03 10:10:00,616.69,1506.85,915.61,30.02,2578.32,9971.89,1.631
2026-01-03 10:11:00,618.36,1504.77,915.47,29.96,2586.47,9980.03,1.663
2026-01-03 10:12:00,621.43,1511.86,919.16,30.3,2591.52,10005.58,1.714
2026-01-03 10:13:00,624.15,1512.12,920.06,29.96,2592.28,9995.94,1.756
2026-01-03 10:14:00,621.8,1514.17,917.44,30.21,2591.23,10036.39,1.71
2026-01-03 10:15:00,618.79,1509.74,914.91,29.81,2600.8,10012.23,1.612
2026-01-03 10:16:00,619.59,1511.88,917.94,30.35,2579.77,10031.98,1.657
2026-01-03 10:17:00,620.59,1515.79,921.99,30.64,2588.35,10035.49,1.774
2026-01-03 10:18:00,619.02,1504.59,914.63,29.78,2575.1,9992.72,1.75
2026-01-03 10:19:00,616.61,1512.57,918.56,30.5,2594.91,10027.08,1.695
2026-01-03 10:20:00,619.13,1511.39,918.4,29.95,2593.78,10011.66,1.649
2026-01-03 10:21:00,620.52,1514.73,919.2,30.47,2617.53,10047.59,1.647
2026-01-03 10:22:00,621.52,1512.06,922.67,30.64,2597.95,10021.84,1.629
2026-01-03 10:23:00,623.01,1504.25,911.77,29.99,2590.95,9984.93,1.675
2026-01-03 10:24:00,617.03,1511.13,917.91,30.13,2591.54,10015.62,1.606
2026-01-03 10:25:00,626.02,1513.12,920.68,30.83,2589.37,10077.63,1.799
2026-01-03 10:26:00,624.49,1506.94,915.78,30.38,2590.36,10011.1,1.769
2026-01-03 10:27:00,623.75,1506.13,910.32,30.29,2591.33,10005.84,1.615
2026-01-03 10:28:00,622.31,1508.9,916.04,30.09,2572.98,9995.1,1.632
2026-01-03 10:29:00,622.0,1495.8,908.09,29.5,2589.15,9966.12,1.684
2026-01-03 10:30:00,622.87,1509.7,915.16,29.74,2589.75,10001.44,1.655
2026-01-03 10:31:00,620.77,1504.69,912.16,29.57,2601.66,9967.63,1.708
2026-01-03 10:32:00,619.55,1504.77,920.92,29.91,2586.56,9967.13,1.771
2026-01-03 10:33:00,619.44,1515.08,919.95,30.24,2584.15,10035.59,1.733
2026-01-03 10:34:00,623.72,1513.86,912.94,29.73,2590.21,9978.85,1.565
2026-01-03 10:35:00,626.16,1505.83,915.11,29.86,2587.87,9958.57,1.699
2026-01-03 10:36:00,620.0,1504.64,917.36,29.9,2587.78,9998.29,1.691
2026-01-03 10:37:00,620.0,1510.94,915.21,29.63,2577.68,9974.76,1.741
2026-01-03 10:38:00,620.29,1510.26,915.05,29.26,2586.45,9969.5,1.88
2026-01-03 10:39:00,617.38,1510.87,914.68,30.07,2584.0,9993.51,1.637
2026-01-03 10:40:00,616.52,1501.55,914.32,29.25,2585.51,9957.66,1.626
2026-01-03 10:41:00,620.66,1507.97,915.64,29.43,2594.24,9986.89,1.731
2026-01-03 10:42:00,619.01,1503.74,916.05,29.34,2582.26,9968.2,1.762
2026-01-03 10:43:00,617.06,1497.09,913.65,29.23,2584.71,9938.09,1.833
2026-01-03 10:44:00,618.16,1503.86,914.95,29.09,2591.71,9961.29,1.654
2026-01-03 10:45:00,621.98,1507.91,918.26,30.12,2588.12,10035.53,1.68
2026-01-03 10:46:00,618.29,1510.22,914.78,30.31,2610.28,10013.2,1.667
2026-01-03 10:47:00,618.33,1501.66,913.66,29.34,2589.0,9951.58,1.645
2026-01-03 10:48:00,617.64,1499.13,908.42,29.07,2576.88,9946.77,1.657
2026-01-03 10:49:00,617.0,1504.74,906.54,29.57,2581.17,9974.14,1.712
2026-01-03 10:50:00,623.02,1506.9,912.36,30.74,2582.28,10023.49,1.742
2026-01-03 10:51:00,617.4,1500.34,908.03,30.04,2581.49,9979.39,1.6
2026-01-03 10:52:00,623.08,1516.89,918.56,30.35,2594.29,10028.49,1.621
2026-01-03 10:53:00,619.66,1505.57,915.1,29.63,2578.35,9956.57,1.676
2026-01-03 10:54:00,620.9,1500.82,917.25,29.81,2585.6,9983.47,1.645
2026-01-03 10:55:00,617.22,1503.15,912.4,28.87,2596.01,9947.92,1.63
2026-01-03 10:56:00,620.45,1503.92,918.89,29.46,2584.58,9996.21,1.787
2026-01-03 10:57:00,619.19,1505.35,916.3,29.13,2592.36,9951.19,1.733
2026-01-03 10:58:00,622.46,1513.37,918.31,29.26,2574.4,9973.76,1.669
2026-01-03 10:59:00,617.75,1500.13,914.61,29.59,2584.54,9964.3,1.772
2026-01-03 11:00:00,619.34,1509.26,918.73,29.38,2580.4,9963.85,1.777
2026-01-03 11:01:00,618.43,1508.11,920.38,29.47,2589.43,9952.29,1.791
2026-01-03 11:02:00,613.86,1509.43,913.17,29.82,2579.78,9978.53,1.827
2026-01-03 11:03:00,619.38,1507.47,918.72,29.97,2604.87,9985.18,1.691
2026-01-03 11:04:00,614.93,1500.32,910.81,29.23,2574.21,9959.66,1.776
2026-01-03 11:05:00,615.98,1492.53,910.06,29.31,2595.55,9937.71,1.645
2026-01-03 11:06:00,619.0,1506.16,921.51,29.8,2596.03,10003.04,1.82
2026-01-03 11:07:00,618.37,1505.1,915.54,30.29,2591.71,10008.83,1.709
2026-01-03 11:08:00,615.4,1504.03,906.19,29.28,2586.3,9922.14,1.659
2026-01-03 11:09:00,620.45,1509.85,910.44,29.57,2601.94,9954.01,1.602
2026-01-03 11:10:00,617.78,1495.48,908.76,29.11,2606.16,9935.79,1.587
2026-01-03 11:11:00,616.42,1502.96,906.51,29.26,2584.64,9933.4,1.699
2026-01-03 11:12:00,622.88,1503.28,916.45,29.33,2589.33,9978.8,1.78
2026-01-03 11:13:00,622.79,1492.47,906.16,28.63,2581.72,9929.38,1.581
2026-01-03 11:14:00,620.83,1500.22,913.63,30.09,2579.47,9998.41,1.825
2026-01-03 11:15:00,619.77,1502.48,909.98,29.76,2590.93,9957.15,1.783
2026-01-03 11:16:00,618.22,1498.78,907.72,29.18,2589.39,9961.57,1.721
2026-01-03 11:17:00,620.13,1508.63,909.16,29.62,2574.89,9971.35,1.773
2026-01-03 11:18:00,614.69,1500.28,916.15,29.72,2591.4,9970.73,1.654
2026-01-03 11:19:00,609.54,1501.32,911.23,28.75,2587.91,9916.6,1.54
2026-01-03 11:20:00,613.58,1499.31,903.98,29.34,2582.4,9956.83,1.643
2026-01-03 11:21:00,616.22,1505.86,910.27,29.32,2581.09,9936.68,1.765
2026-01-03 11:22:00,618.82,1496.85,911.76,28.99,2589.21,9921.05,1.758
2026-01-03 11:23:00,617.83,1501.58,913.1,29.39,2599.89,9952.02,1.587
2026-01-03 11:24:00,618.79,1504.73,921.12,29.27,2590.65,9963.22,1.595
2026-01-03 11:25:00,621.64,1505.53,914.55,29.89,2594.83,9992.33,1.643
2026-01-03 11:26:00,619.41,1505.38,914.26,29.29,2580.45,9954.29,1.528
2026-01-03 11:27:00,611.84,1503.21,906.22,28.66,2581.87,9904.79,1.596
2026-01-03 11:28:00,619.2,1498.07,907.85,29.22,2591.85,9950.98,1.719
2026-01-03 11:29:00,620.66,1502.15,914.31,29.35,2576.13,9951.39,1.441
2026-01-03 11:30:00,623.56,1500.47,911.69,29.43,2589.52,9973.49,1.693
2026-01-03 11:31:00,618.16,1496.97,920.92,29.5,2591.38,9962.48,1.803
2026-01-03 11:32:00,621.81,1495.19,910.16,29.46,2587.27,9966.3,1.766
2026-01-03 11:33:00,615.77,1496.54,909.63,28.92,2588.96,9936.15,1.701
2026-01-03 11:34:00,621.63,1495.7,909.88,28.5,2586.36,9923.05,1.668
2026-01-03 11:35:00,612.08,1497.96,909.55,29.25,2581.01,9925.47,1.752
2026-01-03 11:36:00,618.92,1504.63,914.15,29.21,2576.58,9925.92,1.702
2026-01-03 11:37:00,617.71,1496.68,906.18,29.33,2586.81,9965.03,1.67
2026-01-03 11:38:00,621.29,1504.37,915.83,29.89,2598.5,9978.69,1.778
2026-01-03 11:39:00,617.67,1490.69,907.18,28.68,2593.94,9919.06,1.547
2026-01-03 11:40:00,614.99,1500.97,903.92,29.25,2584.16,9949.39,1.743
2026-01-03 11:41:00,619.1,1507.88,914.99,29.98,2586.3,10008.77,1.772
2026-01-03 11:42:00,621.84,1507.34,907.51,29.06,2582.82,9934.3,1.684
2026-01-03 11:43:00,616.47,1499.32,913.73,29.16,2582.43,9924.36,1.668
2026-01-03 11:44:00,618.83,1493.6,911.96,29.07,2588.75,9937.21,1.805
2026-01-03 11:45:00,616.99,1508.94,917.87,29.58,2596.38,9975.03,1.787
2026-01-03 11:46:00,613.8,1498.73,911.43,28.81,2602.92,9895.22,1.748
2026-01-03 11:47:00,614.67,1502.3,909.1,29.41,2580.49,9954.7,1.723
2026-01-03 11:48:00,617.0,1490.79,908.94,28.56,2590.27,9901.57,1.735
2026-01-03 11:49:00,616.9,1496.11,912.09,28.98,2590.04,9917.98,1.692
2026-01-03 11:50:00,618.9,1497.31,910.36,29.04,2582.67,9907.89,1.637
2026-01-03 11:51:00,615.45,1509.67,910.23,29.77,2579.23,9962.72,1.754
2026-01-03 11:52:00,620.25,1506.62,917.95,29.07,2589.34,9954.99,1.664
2026-01-03 11:53:00,616.57,1505.73,910.65,28.64,2602.79,9921.34,1.753
2026-01-03 11:54:00,608.94,1492.79,906.32,29.15,2587.81,9916.8,1.558
2026-01-03 11:55:00,621.03,1505.58,920.67,29.96,2582.68,10002.34,1.704
2026-01-03 11:56:00,618.08,1492.99,902.71,28.42,2584.6,9922.19,1.605
2026-01-03 11:57:00,618.48,1498.4,906.04,28.75,2576.62,9918.96,1.844
2026-01-03 11:58:00,612.36,1494.31,903.59,28.31,2584.36,9879.67,1.576
2026-01-03 11:59:00,619.86,1503.29,914.85,29.28,2592.48,9951.88,1.678
2026-01-03 12:00:00,618.36,1500.37,910.15,29.63,2581.7,9957.7,1.523
2026-01-03 12:01:00,617.5,1507.03,912.26,29.39,2561.73,9971.36,1.836
2026-01-03 12:02:00,610.63,1485.2,909.0,28.92,2587.22,9900.13,1.578
2026-01-03 12:03:00,617.54,1499.82,914.4,29.72,2583.85,9973.68,1.821
2026-01-03 12:04:00,614.65,1494.68,908.07,28.47,2579.32,9908.39,1.566
2026-01-03 12:05:00,616.65,1498.64,911.18,28.96,2579.99,9927.45,1.586
2026-01-03 12:06:00,611.16,1486.6,901.62,28.42,2587.03,9869.97,1.687
2026-01-03 12:07:00,617.97,1497.56,911.1,29.09,2582.91,9930.12,1.542
2026-01-03 12:08:00,613.56,1491.85,910.0,29.14,2593.53,9927.91,1.699
2026-01-03 12:09:00,618.57,1496.7,904.44,28.98,2593.94,9933.85,1.608
2026-01-03 12:10:00,611.32,1491.95,904.8,29.01,2583.39,9914.25,1.827
2026-01-03 12:11:00,613.21,1495.94,905.38,28.78,2581.42,9915.14,1.799
2026-01-03 12:12:00,613.16,1493.83,910.08,29.22,2585.73,9892.41,1.739
2026-01-03 12:13:00,613.47,1496.37,908.84,28.78,2585.1,9932.59,1.855
2026-01-03 12:14:00,609.28,1483.85,902.17,28.8,2569.29,9856.5,1.562
2026-01-03 12:15:00,612.17,1505.06,917.65,28.82,2601.44,9928.9,1.728
2026-01-03 12:16:00,617.05,1507.64,907.3,29.32,2591.67,9924.51,1.587
2026-01-03 12:17:00,612.67,1491.52,907.93,28.65,2580.58,9881.61,1.7
2026-01-03 12:18:00,615.87,1496.85,906.93,28.93,2571.08,9936.37,1.699
2026-01-03 12:19:00,609.68,1492.77,910.73,28.94,2583.86,9907.88,1.551
2026-01-03 12:20:00,619.05,1498.97,907.99,28.95,2581.45,9929.63,1.662
2026-01-03 12:21:00,612.87,1494.33,905.43,28.37,2583.38,9870.71,1.63
2026-01-03 12:22:00,604.98,1482.97,908.41,28.64,2567.43,9893.32,1.644
2026-01-03 12:23:00,616.29,1494.0,909.2,28.79,2581.79,9914.57,1.798
2026-01-03 12:24:00,612.68,1494.48,909.39,28.34,2580.99,9881.49,1.545
2026-01-03 12:25:00,614.52,1503.86,911.36,29.48,2585.58,9954.38,1.631
2026-01-03 12:26:00,617.01,1493.68,899.39,28.54,2583.34,9906.0,1.411
2026-01-03 12:27:00,614.55,1482.46,911.52,28.2,2584.61,9879.22,1.682
2026-01-03 12:28:00,616.68,1499.59,911.28,29.45,2598.73,9940.05,1.74
2026-01-03 12:29:00,614.95,1502.25,907.41,29.15,2581.94,9927.28,1.735
2026-01-03 12:30:00,616.12,1485.99,912.57,28.85,2579.18,9937.72,1.669
2026-01-03 12:31:00,611.65,1500.55,906.52,28.54,2571.5,9908.14,1.591
2026-01-03 12:32:00,612.88,1496.97,902.56,28.2,2581.05,9903.47,1.551
2026-01-03 12:33:00,616.33,1495.34,902.13,29.19,2574.61,9920.99,1.705
2026-01-03 12:34:00,615.7,1490.92,905.61,28.67,2592.11,9885.39,1.567
2026-01-03 12:35:00,608.52,1490.39,901.69,27.62,2581.83,9838.19,1.465
2026-01-03 12:36:00,613.3,1490.28,904.99,28.41,2591.21,9866.31,1.702
2026-01-03 12:37:00,612.69,1498.79,904.9,29.41,2597.42,9917.73,1.628
2026-01-03 12:38:00,613.96,1492.62,904.76,28.66,2579.16,9927.69,1.678
2026-01-03 12:39:00,608.94,1486.55,904.63,28.0,2580.62,9858.93,1.342
2026-01-03 12:40:00,608.23,1482.11,906.82,27.57,2593.46,9843.58,1.599
2026-01-03 12:41:00,616.72,1495.5,909.87,29.17,2587.25,9919.05,1.639
2026-01-03 12:42:00,610.97,1497.01,904.31,28.23,2587.87,9866.56,1.768
2026-01-03 12:43:00,609.8,1485.79,906.4,28.4,2592.69,9885.35,1.613
2026-01-03 12:44:00,613.24,1481.75,908.79,28.47,2591.36,9879.02,1.386
2026-01-03 12:45:00,606.56,1498.92,905.91,28.32,2587.59,9882.22,1.611
2026-01-03 12:46:00,614.33,1494.04,910.38,28.96,2597.3,9928.95,1.666
2026-01-03 12:47:00,608.15,1487.67,902.52,28.59,2583.97,9887.59,1.74
2026-01-03 12:48:00,611.54,1493.7,908.42,28.7,2589.66,9912.97,1.65
2026-01-03 12:49:00,615.56,1490.22,906.34,28.15,2582.34,9867.86,1.585
2026-01-03 12:50:00,613.88,1492.26,901.21,28.69,2593.3,9903.39,1.634
2026-01-03 12:51:00,611.08,1496.65,906.01,28.28,2578.11,9867.01,1.855
2026-01-03 12:52:00,615.95,1492.07,912.34,29.03,2572.11,9914.73,1.697
2026-01-03 12:53:00,617.58,1488.04,904.88,28.72,2589.9,9891.29,1.613
2026-01-03 12:54:00,613.95,1480.24,901.07,28.42,2577.16,9908.26,1.735
2026-01-03 12:55:00,615.35,1494.95,903.84,28.89,2575.6,9888.61,1.54
2026-01-03 12:56:00,610.38,1486.44,902.38,28.28,2593.85,9867.45,1.557
2026-01-03 12:57:00,615.49,1497.77,912.45,28.67,2592.93,9905.07,1.602
2026-01-03 12:58:00,610.52,1481.66,910.77,27.92,2580.65,9858.61,1.465
2026-01-03 12:59:00,612.8,1489.13,905.26,28.82,2559.54,9871.89,1.706
2026-01-03 13:00:00,614.36,1488.58,902.19,29.12,2588.81,9888.17,1.569
2026-01-03 13:01:00,608.88,1493.7,901.9,28.79,2589.23,9872.42,1.634
2026-01-03 13:02:00,608.86,1487.38,906.72,28.35,2588.03,9871.64,1.575
2026-01-03 13:03:00,611.08,1484.95,907.37,28.82,2588.93,9904.09,1.675
2026-01-03 13:04:00,608.99,1497.08,907.58,28.68,2582.43,9871.17,1.785
2026-01-03 13:05:00,609.54,1483.68,899.3,27.9,2579.54,9844.16,1.573
2026-01-03 13:06:00,612.15,1484.12,909.21,28.54,2575.31,9878.38,1.587
2026-01-03 13:07:00,609.81,1484.3,902.32,28.36,2578.29,9870.85,1.515
2026-01-03 13:08:00,607.53,1482.57,898.2,28.29,2584.93,9831.96,1.571
2026-01-03 13:09:00,615.03,1489.96,898.23,28.8,2586.97,9881.02,1.468
2026-01-03 13:10:00,612.74,1490.66,903.54,28.36,2590.45,9877.62,1.752
2026-01-03 13:11:00,611.84,1490.23,903.53,28.64,2572.45,9866.7,1.564
2026-01-03 13:12:00,612.39,1492.93,901.91,28.17,2570.19,9860.39,1.534
2026-01-03 13:13:00,609.78,1482.52,900.89,27.73,2579.5,9836.75,1.583
2026-01-03 13:14:00,609.38,1484.64,898.66,27.53,2573.56,9815.56,1.639
2026-01-03 13:15:00,612.29,1487.17,905.15,29.0,2587.31,9921.13,1.639
2026-01-03 13:16:00,613.67,1475.67,898.54,27.75,2572.3,9842.92,1.698
2026-01-03 13:17:00,613.18,1485.65,900.61,28.42,2594.03,9889.47,1.598
2026-01-03 13:18:00,606.89,1482.73,900.23,27.5,2575.94,9836.06,1.531
2026-01-03 13:19:00,606.48,1483.49,901.93,27.83,2595.78,9849.55,1.602
2026-01-03 13:20:00,611.47,1479.65,901.19,28.09,2587.22,9849.21,1.593
2026-01-03 13:21:00,614.96,1489.11,905.63,28.52,2575.28,9867.06,1.699
2026-01-03 13:22:00,612.08,1482.91,908.07,28.17,2599.5,9842.02,1.672
2026-01-03 13:23:00,611.43,1474.46,905.16,28.47,2586.14,9874.76,1.585
2026-01-03 13:24:00,610.42,1476.17,896.04,27.25,2583.16,9818.61,1.451
2026-01-03 13:25:00,611.02,1484.08,906.24,27.78,2582.4,9846.44,1.656
2026-01-03 13:26:00,604.24,1479.73,903.49,27.62,2585.68,9821.42,1.483
2026-01-03 13:27:00,609.43,1490.53,906.05,28.7,2588.52,9882.46,1.623
2026-01-03 13:28:00,616.85,1496.89,907.19,28.33,2577.43,9883.18,1.675
2026-01-03 13:29:00,614.1,1482.16,910.07,28.4,2583.36,9901.84,1.803
2026-01-03 13:30:00,611.02,1493.48,901.52,28.46,2584.16,9854.7,1.8
2026-01-03 13:31:00,608.72,1483.67,905.58,27.88,2587.81,9852.3,1.646
2026-01-03 13:32:00,607.32,1477.54,901.34,27.03,2585.63,9792.96,1.399
2026-01-03 13:33:00,607.02,1480.02,901.02,28.06,2584.26,9847.03,1.51
2026-01-03 13:34:00,612.06,1485.92,899.79,28.42,2579.85,9880.79,1.617
2026-01-03 13:35:00,609.01,1483.55,901.16,27.5,2576.99,9817.81,1.556
2026-01-03 13:36:00,606.84,1473.74,903.19,27.72,2572.56,9825.34,1.601
2026-01-03 13:37:00,611.64,1488.8,901.94,27.72,2587.53,9843.26,1.615
2026-01-03 13:38:00,607.65,1480.66,899.51,27.56,2577.05,9822.33,1.487
2026-01-03 13:39:00,608.95,1480.62,898.21,27.67,2580.42,9821.55,1.64
2026-01-03 13:40:00,609.83,1485.62,900.27,27.43,2584.66,9842.44,1.525
2026-01-03 13:41:00,612.05,1478.44,899.65,27.65,2581.18,9800.88,1.589
2026-01-03 13:42:00,609.75,1485.73,903.79,27.3,2581.82,9819.31,1.743
2026-01-03 13:43:00,609.29,1477.49,897.93,27.57,2575.11,9831.81,1.511
2026-01-03 13:44:00,611.37,1481.26,904.02,28.2,2584.94,9843.21,1.617
2026-01-03 13:45:00,614.31,1482.87,893.05,28.11,2580.34,9844.51,1.571
2026-01-03 13:46:00,609.03,1476.84,899.6,27.87,2581.8,9835.45,1.513
2026-01-03 13:47:00,610.82,1482.9,904.95,27.61,2592.3,9849.59,1.619
2026-01-03 13:48:00,609.36,1483.3,904.14,27.92,2587.19,9852.3,1.545
2026-01-03 13:49:00,603.9,1484.54,897.42,27.4,2576.71,9804.32,1.645
2026-01-03 13:50:00,610.27,1484.2,903.19,27.84,2581.38,9837.51,1.655
2026-01-03 13:51:00,612.87,1481.41,905.04,28.58,2596.63,9870.15,1.767
2026-01-03 13:52:00,610.18,1480.47,898.42,28.65,2580.94,9858.83,1.682
2026-01-03 13:53:00,613.0,1479.89,896.26,28.46,2584.17,9870.41,1.68
2026-01-03 13:54:00,609.67,1478.73,895.26,27.46,2587.03,9815.46,1.418
2026-01-03 13:55:00,608.78,1476.25,894.28,27.95,2583.57,9818.96,1.665
2026-01-03 13:56:00,612.47,1480.9,904.71,28.06,2580.57,9862.75,1.684
2026-01-03 13:57:00,610.55,1479.04,902.11,27.53,2577.54,9861.12,1.556
2026-01-03 13:58:00,608.91,1476.02,900.47,27.68,2582.83,9846.23,1.757
2026-01-03 13:59:00,608.94,1486.92,898.64,27.45,2588.34,9850.53,1.688
2026-01-03 14:00:00,602.86,1484.47,904.03,27.78,2593.12,9837.2,1.619
2026-01-03 14:01:00,613.86,1479.06,901.46,28.03,2571.45,9853.03,1.675
2026-01-03 14:02:00,609.73,1487.34,903.51,27.47,2596.63,9836.45,1.64
2026-01-03 14:03:00,607.52,1484.72,899.71,27.75,2580.52,9844.01,1.622
2026-01-03 14:04:00,607.45,1475.4,896.61,27.25,2589.14,9816.11,1.57
2026-01-03 14:05:00,615.24,1481.94,906.39,27.89,2576.81,9841.13,1.707
2026-01-03 14:06:00,609.0,1481.01,900.99,27.26,2568.45,9805.68,1.461
2026-01-03 14:07:00,610.1,1486.03,902.08,28.07,2571.89,9833.1,1.615
2026-01-03 14:08:00,614.03,1483.99,901.71,27.78,2579.49,9826.4,1.716
2026-01-03 14:09:00,610.8,1479.23,903.56,28.19,2586.49,9830.4,1.606
2026-01-03 14:10:00,606.27,1479.35,901.87,27.45,2581.86,9812.88,1.65
2026-01-03 14:11:00,605.13,1482.26,898.12,28.46,2580.71,9841.17,1.604
2026-01-03 14:12:00,614.58,1488.01,905.35,28.49,2593.37,9885.26,1.553
2026-01-03 14:13:00,605.76,1482.39,895.89,27.24,2581.03,9797.42,1.649
2026-01-03 14:14:00,609.82,1480.81,900.44,28.44,2584.68,9834.32,1.72
2026-01-03 14:15:00,607.12,1480.09,897.54,27.03,2606.25,9806.54,1.534
2026-01-03 14:16:00,608.14,1473.4,897.61,27.26,2581.04,9799.88,1.621
2026-01-03 14:17:00,612.77,1483.35,902.29,27.64,2577.55,9851.69,1.635
2026-01-03 14:18:00,602.39,1480.13,897.19,26.81,2584.55,9789.6,1.538
2026-01-03 14:19:00,607.32,1476.38,905.97,26.84,2586.86,9796.73,1.669
2026-01-03 14:20:00,605.01,1472.29,890.09,27.16,2582.31,9768.86,1.536
2026-01-03 14:21:00,607.14,1471.97,897.2,26.97,2582.06,9792.24,1.486
2026-01-03 14:22:00,606.02,1473.29,891.02,27.12,2592.3,9782.9,1.534
2026-01-03 14:23:00,609.07,1477.03,901.09,28.07,2593.32,9834.67,1.586
2026-01-03 14:24:00,610.71,1490.98,901.06,28.84,2584.18,9903.13,1.594
2026-01-03 14:25:00,604.08,1473.35,898.09,27.78,2576.8,9821.45,1.545
2026-01-03 14:26:00,600.67,1471.44,893.17,27.71,2584.57,9800.76,1.482
2026-01-03 14:27:00,609.26,1488.26,904.18,28.32,2577.5,9840.74,1.578
2026-01-03 14:28:00,607.46,1477.07,892.85,27.1,2588.22,9800.8,1.59
2026-01-03 14:29:00,608.69,1481.86,897.65,27.95,2585.8,9833.32,1.524
2026-01-03 14:30:00,608.89,1480.54,894.74,27.52,2603.03,9814.42,1.497
2026-01-03 14:31:00,605.88,1472.77,898.47,27.15,2592.24,9783.14,1.481
2026-01-03 14:32:00,606.68,1473.32,898.91,26.78,2571.75,9781.17,1.551
2026-01-03 14:33:00,604.84,1479.32,899.39,27.88,2578.83,9847.94,1.566
2026-01-03 14:34:00,605.61,1481.28,899.97,27.07,2565.1,9782.02,1.43
2026-01-03 14:35:00,608.52,1479.97,890.6,27.76,2564.02,9800.24,1.472
2026-01-03 14:36:00,610.17,1474.8,897.26,26.95,2581.51,9786.96,1.558
2026-01-03 14:37:00,604.33,1471.46,895.52,26.69,2571.21,9790.67,1.537
2026-01-03 14:38:00,609.77,1480.58,899.72,27.81,2595.49,9832.14,1.588
2026-01-03 14:39:00,607.38,1480.15,894.53,26.68,2589.13,9768.09,1.679
2026-01-03 14:40:00,603.74,1474.53,897.98,27.5,2579.35,9810.44,1.602
2026-01-03 14:41:00,608.88,1485.5,901.16,27.82,2579.27,9820.11,1.438
2026-01-03 14:42:00,607.74,1479.14,904.6,27.91,2594.62,9841.94,1.552
2026-01-03 14:43:00,610.4,1482.54,901.48,27.62,2595.83,9825.89,1.619
2026-01-03 14:44:00,604.46,1480.57,893.32,27.17,2573.06,9784.84,1.51
2026-01-03 14:45:00,609.39,1481.85,903.02,27.97,2573.73,9828.41,1.514
2026-01-03 14:46:00,607.5,1479.97,899.46,27.35,2579.42,9818.58,1.659
2026-01-03 14:47:00,608.35,1477.36,897.09,27.65,2584.76,9805.01,1.544
2026-01-03 14:48:00,611.12,1481.29,895.46,27.08,2576.8,9794.85,1.501
2026-01-03 14:49:00,611.41,1483.91,898.48,27.81,2585.53,9820.65,1.519
2026-01-03 14:50:00,608.73,1479.77,897.29,26.57,2595.35,9764.9,1.686
2026-01-03 14:51:00,601.6,1475.79,896.9,26.6,2566.97,9725.49,1.435
2026-01-03 14:52:00,605.85,1475.73,895.17,27.37,2577.54,9799.95,1.558
2026-01-03 14:53:00,609.72,1475.71,897.45,27.38,2569.87,9796.19,1.56
2026-01-03 14:54:00,609.6,1476.66,898.36,27.73,2574.69,9807.08,1.634
2026-01-03 14:55:00,603.94,1472.72,893.62,26.24,2575.81,9724.22,1.461
2026-01-03 14:56:00,602.31,1475.88,890.78,26.86,2573.66,9758.12,1.48
2026-01-03 14:57:00,597.12,1475.02,895.11,27.48,2585.29,9800.48,1.639
2026-01-03 14:58:00,601.96,1474.42,896.17,27.08,2581.55,9780.24,1.76
2026-01-03 14:59:00,602.05,1470.74,894.92,26.97,2581.61,9751.43,1.497
2026-01-03 15:00:00,605.89,1475.41,897.26,27.74,2579.44,9820.19,1.537
2026-01-03 15:01:00,603.82,1467.32,889.41,26.66,2577.57,9753.0,1.743
2026-01-03 15:02:00,605.79,1475.94,894.16,27.49,2577.6,9781.85,1.534
2026-01-03 15:03:00,613.8,1480.24,896.22,28.02,2580.59,9837.64,1.574
2026-01-03 15:04:00,606.99,1478.94,903.17,27.4,2585.1,9816.5,1.603
2026-01-03 15:05:00,598.83,1470.53,898.69,26.74,2564.36,9764.83,1.587
2026-01-03 15:06:00,602.85,1475.18,896.38,27.27,2583.18,9793.87,1.593
2026-01-03 15:07:00,609.96,1484.79,898.89,27.27,2573.41,9780.77,1.641
2026-01-03 15:08:00,608.72,1487.35,898.5,27.06,2579.05,9816.61,1.477
2026-01-03 15:09:00,607.31,1485.31,896.27,26.96,2567.89,9781.29,1.547
2026-01-03 15:10:00,603.36,1468.24,895.38,26.64,2576.33,9750.93,1.632
2026-01-03 15:11:00,606.92,1485.7,902.87,27.1,2583.52,9804.89,1.397
2026-01-03 15:12:00,600.57,1478.93,893.81,26.7,2583.39,9764.5,1.449
2026-01-03 15:13:00,605.86,1476.96,897.71,27.52,2571.89,9807.03,1.639
2026-01-03 15:14:00,602.94,1466.78,889.75,26.65,2582.45,9750.23,1.552
2026-01-03 15:15:00,607.26,1476.2,897.8,27.21,2589.97,9793.22,1.521
2026-01-03 15:16:00,603.92,1466.15,890.64,26.14,2574.35,9727.65,1.556
2026-01-03 15:17:00,608.48,1465.11,892.87,26.6,2578.82,9740.8,1.575
2026-01-03 15:18:00,606.31,1471.16,895.26,27.13,2564.88,9808.23,1.512
2026-01-03 15:19:00,605.75,1467.39,895.36,27.34,2572.63,9766.51,1.549
2026-01-03 15:20:00,604.61,1473.2,897.43,27.36,2581.81,9762.45,1.459
2026-01-03 15:21:00,602.14,1473.19,895.36,26.44,2586.14,9732.81,1.627
2026-01-03 15:22:00,605.76,1468.55,899.24,26.83,2575.43,9777.17,1.438
2026-01-03 15:23:00,604.9,1476.33,894.54,27.71,2602.77,9807.93,1.573
2026-01-03 15:24:00,610.87,1478.79,897.98,27.36,2583.05,9785.21,1.631
2026-01-03 15:25:00,598.57,1464.46,893.43,26.97,2568.16,9728.86,1.692
2026-01-03 15:26:00,602.7,1472.55,891.06,27.37,2589.67,9755.17,1.533
2026-01-03 15:27:00,602.09,1474.32,899.62,26.3,2569.25,9752.85,1.767
2026-01-03 15:28:00,605.57,1477.77,899.99,27.17,2582.15,9759.2,1.46
2026-01-03 15:29:00,602.23,1476.75,893.17,26.96,2572.5,9769.82,1.605
2026-01-03 15:30:00,605.26,1468.66,903.45,27.23,2569.3,9775.66,1.506
2026-01-03 15:31:00,601.35,1478.78,894.01,27.25,2587.74,9772.46,1.691
2026-01-03 15:32:00,601.4,1466.67,889.24,27.43,2578.57,9788.07,1.563
2026-01-03 15:33:00,602.39,1471.41,891.59,26.96,2592.78,9745.13,1.46
2026-01-03 15:34:00,608.46,1486.91,897.43,27.16,2572.67,9792.29,1.672
2026-01-03 15:35:00,603.17,1471.4,892.49,26.41,2566.32,9740.49,1.505
2026-01-03 15:36:00,604.2,1468.65,892.79,27.07,2575.35,9750.48,1.442
2026-01-03 15:37:00,606.3,1474.14,891.93,26.88,2603.32,9776.36,1.537
2026-01-03 15:38:00,605.55,1480.09,894.42,27.96,2588.07,9807.51,1.664
2026-01-03 15:39:00,599.09,1471.58,899.46,26.39,2583.02,9735.14,1.525
2026-01-03 15:40:00,603.36,1473.5,898.3,27.21,2585.51,9792.37,1.542
2026-01-03 15:41:00,605.82,1471.36,900.8,27.1,2576.46,9780.09,1.565
2026-01-03 15:42:00,604.18,1466.8,892.09,26.59,2601.65,9766.78,1.364
2026-01-03 15:43:00,605.41,1467.72,893.35,26.78,2584.06,9781.65,1.795
2026-01-03 15:44:00,603.42,1475.51,891.19,27.2,2582.71,9766.25,1.552
2026-01-03 15:45:00,606.42,1465.63,892.86,26.51,2587.56,9763.26,1.631
2026-01-03 15:46:00,606.63,1475.33,899.96,27.76,2570.1,9778.85,1.684
2026-01-03 15:47:00,601.12,1477.83,894.05,27.03,2573.0,9772.36,1.474
2026-01-03 15:48:00,598.24,1474.77,895.02,26.88,2578.35,9779.46,1.462
2026-01-03 15:49:00,599.75,1472.61,890.28,26.81,2586.9,9744.87,1.67
2026-01-03 15:50:00,602.85,1465.07,894.92,26.03,2568.38,9739.75,1.474
2026-01-03 15:51:00,608.69,1481.75,897.71,27.56,2581.3,9818.72,1.559
2026-01-03 15:52:00,603.52,1474.91,898.07,26.59,2577.09,9739.56,1.478
2026-01-03 15:53:00,603.04,1471.71,891.87,26.25,2565.93,9733.52,1.296
2026-01-03 15:54:00,609.76,1479.87,905.12,27.34,2577.34,9807.65,1.565
2026-01-03 15:55:00,604.51,1467.11,898.88,27.55,2584.74,9781.65,1.56
2026-01-03 15:56:00,605.82,1475.6,895.74,27.16,2568.35,9777.11,1.649
2026-01-03 15:57:00,607.69,1472.09,894.49,27.25,2591.63,9780.27,1.529
2026-01-03 15:58:00,598.83,1468.76,897.97,26.71,2583.34,9760.95,1.504
2026-01-03 15:59:00,607.86,1467.43,895.12,26.48,2582.05,9752.98,1.591
2026-01-03 16:00:00,595.09,1466.96,893.24,26.19,2577.62,9708.65,1.592
2026-01-03 16:01:00,601.6,1466.08,900.59,26.52,2571.56,9779.19,1.471
2026-01-03 16:02:00,602.89,1469.71,895.68,26.85,2575.06,9777.96,1.405
2026-01-03 16:03:00,602.82,1481.08,892.14,27.47,2585.18,9830.28,1.777
2026-01-03 16:04:00,603.46,1474.68,895.04,26.8,2575.63,9793.05,1.698
2026-01-03 16:05:00,599.6,1463.14,892.68,26.09,2578.06,9682.75,1.452
2026-01-03 16:06:00,605.36,1467.85,895.0,26.56,2571.44,9736.16,1.51
2026-01-03 16:07:00,610.07,1475.97,896.78,26.99,2583.95,9780.08,1.561
2026-01-03 16:08:00,605.52,1470.14,895.84,27.46,2584.99,9791.45,1.503
2026-01-03 16:09:00,605.0,1471.9,896.82,26.32,2566.02,9746.88,1.496
2026-01-03 16:10:00,606.17,1472.83,891.17,26.71,2580.55,9771.75,1.549
2026-01-03 16:11:00,601.46,1466.51,887.29,26.67,2565.81,9719.51,1.413
2026-01-03 16:12:00,601.5,1465.2,888.56,26.98,2563.17,9721.5,1.715
2026-01-03 16:13:00,601.29,1471.05,896.69,26.93,2574.39,9749.36,1.409
2026-01-03 16:14:00,600.54,1465.82,888.05,27.12,2602.26,9768.51,1.388
2026-01-03 16:15:00,601.31,1460.41,890.2,26.17,2583.95,9713.36,1.595
2026-01-03 16:16:00,597.7,1467.65,892.88,26.46,2589.77,9736.21,1.505
2026-01-03 16:17:00,602.92,1470.39,893.92,26.85,2584.11,9751.85,1.58
2026-01-03 16:18:00,596.91,1472.23,888.52,27.25,2581.24,9761.02,1.552
2026-01-03 16:19:00,604.17,1473.8,895.09,27.15,2587.17,9771.69,1.528
2026-01-03 16:20:00,599.41,1461.49,887.85,26.45,2572.32,9705.42,1.51
2026-01-03 16:21:00,605.9,1458.54,895.77,27.04,2584.49,9790.0,1.603
2026-01-03 16:22:00,600.67,1465.42,888.45,26.82,2588.26,9741.64,1.631
2026-01-03 16:23:00,605.69,1471.13,898.31,27.2,2586.62,9797.73,1.516
2026-01-03 16:24:00,600.41,1464.48,889.75,26.35,2587.71,9714.01,1.561
2026-01-03 16:25:00,599.78,1471.16,887.45,26.91,2580.6,9749.29,1.508
2026-01-03 16:26:00,602.44,1466.34,896.19,26.46,2592.15,9735.81,1.507
2026-01-03 16:27:00,604.54,1477.77,896.8,27.25,2579.78,9808.51,1.513
2026-01-03 16:28:00,603.32,1473.46,895.2,26.86,2596.11,9750.04,1.522
2026-01-03 16:29:00,602.64,1472.26,895.35,27.1,2584.89,9779.23,1.466
2026-01-03 16:30:00,604.21,1470.05,896.54,26.82,2576.14,9751.19,1.455
2026-01-03 16:31:00,596.86,1456.4,892.93,26.38,2568.0,9705.36,1.446
2026-01-03 16:32:00,598.42,1466.98,893.57,26.83,2571.89,9729.11,1.352
2026-01-03 16:33:00,605.64,1463.88,885.03,26.74,2570.88,9734.24,1.46
2026-01-03 16:34:00,599.7,1467.8,889.25,26.45,2577.05,9713.84,1.483
2026-01-03 16:35:00,601.09,1473.78,886.32,26.62,2568.89,9747.7,1.573
2026-01-03 16:36:00,600.94,1462.04,886.35,26.19,2587.98,9710.69,1.41
2026-01-03 16:37:00,605.36,1461.95,897.14,27.06,2580.6,9764.07,1.551
2026-01-03 16:38:00,602.26,1456.94,888.66,26.57,2579.4,9741.48,1.57
2026-01-03 16:39:00,601.49,1474.98,896.96,26.52,2568.72,9721.16,1.506
2026-01-03 16:40:00,600.72,1466.02,889.41,26.89,2574.03,9776.15,1.577
2026-01-03 16:41:00,604.37,1467.74,895.5,27.66,2562.66,9782.39,1.583
2026-01-03 16:42:00,604.12,1464.04,893.95,26.97,2592.57,9761.76,1.523
2026-01-03 16:43:00,604.99,1473.68,900.13,27.03,2568.53,9768.12,1.503
2026-01-03 16:44:00,599.17,1465.59,894.09,26.35,2567.52,9726.53,1.544
2026-01-03 16:45:00,601.55,1474.82,891.36,27.23,2590.42,9748.68,1.457
2026-01-03 16:46:00,600.38,1463.82,889.07,25.89,2580.51,9704.88,1.337
2026-01-03 16:47:00,605.69,1467.82,892.35,26.24,2579.04,9721.88,1.469
2026-01-03 16:48:00,601.78,1466.68,899.26,27.05,2582.09,9755.1,1.502
2026-01-03 16:49:00,609.69,1468.28,891.31,26.24,2584.96,9702.65,1.527
2026-01-03 16:50:00,599.9,1470.14,887.52,26.26,2578.82,9720.54,1.534
2026-01-03 16:51:00,596.01,1466.07,887.21,26.05,2565.0,9703.36,1.464
2026-01-03 16:52:00,599.5,1466.6,886.93,25.73,2582.0,9672.02,1.504
2026-01-03 16:53:00,603.4,1465.77,891.24,26.75,2582.41,9746.56,1.614
2026-01-03 16:54:00,604.82,1463.64,891.25,27.07,2588.26,9742.82,1.525
2026-01-03 16:55:00,600.32,1458.14,891.9,26.13,2566.71,9686.52,1.432
2026-01-03 16:56:00,599.25,1465.58,887.58,26.47,2571.62,9705.95,1.485
2026-01-03 16:57:00,604.84,1473.32,900.37,26.95,2583.19,9772.81,1.615
2026-01-03 16:58:00,595.6,1465.01,891.89,26.6,2570.67,9725.94,1.414
2026-01-03 16:59:00,605.17,1465.36,892.2,26.39,2560.38,9750.92,1.597
2026-01-03 17:00:00,602.61,1475.59,885.45,26.94,2581.12,9759.59,1.505
2026-01-03 17:01:00,606.44,1475.97,892.86,26.85,2586.5,9754.47,1.633
2026-01-03 17:02:00,598.51,1460.57,889.15,26.52,2575.92,9693.14,1.531
2026-01-03 17:03:00,601.89,1465.51,892.11,27.08,2583.32,9744.09,1.588
2026-01-03 17:04:00,602.77,1466.14,890.66,26.07,2580.42,9699.26,1.585
2026-01-03 17:05:00,609.88,1480.68,896.66,27.08,2580.84,9790.84,1.656
2026-01-03 17:06:00,601.76,1454.54,890.72,26.24,2579.21,9723.27,1.594
2026-01-03 17:07:00,595.9,1465.83,887.38,26.22,2588.49,9712.18,1.445
2026-01-03 17:08:00,597.38,1465.12,893.12,26.85,2570.69,9730.35,1.591
2026-01-03 17:09:00,601.54,1462.1,892.14,26.51,2584.23,9721.22,1.418
2026-01-03 17:10:00,602.87,1468.69,896.35,27.41,2571.29,9790.32,1.474
2026-01-03 17:11:00,606.6,1472.82,900.02,27.69,2575.02,9806.86,1.573
2026-01-03 17:12:00,602.0,1452.74,890.43,26.23,2587.83,9726.74,1.629
2026-01-03 17:13:00,600.67,1459.25,888.93,26.03,2567.75,9705.33,1.507
2026-01-03 17:14:00,595.82,1450.49,886.72,26.03,2574.53,9680.45,1.438
2026-01-03 17:15:00,604.39,1463.75,895.7,25.94,2596.08,9699.25,1.562
2026-01-03 17:16:00,600.39,1467.23,892.23,26.27,2587.01,9740.63,1.501
2026-01-03 17:17:00,602.59,1459.65,888.59,26.19,2572.31,9725.3,1.565
2026-01-03 17:18:00,602.07,1472.98,892.61,27.09,2574.83,9754.8,1.557
2026-01-03 17:19:00,607.67,1476.09,891.73,26.61,2577.6,9744.66,1.464
2026-01-03 17:20:00,606.36,1468.93,893.52,26.88,2589.84,9754.5,1.638
2026-01-03 17:21:00,606.97,1467.91,891.07,25.99,2569.53,9708.36,1.387
2026-01-03 17:22:00,604.42,1456.0,885.77,26.15,2568.43,9692.48,1.438
2026-01-03 17:23:00,602.95,1469.91,890.49,26.27,2583.52,9715.14,1.574
2026-01-03 17:24:00,600.83,1461.07,891.14,26.69,2565.11,9734.44,1.764
2026-01-03 17:25:00,600.81,1463.09,898.31,26.6,2571.71,9745.74,1.4
2026-01-03 17:26:00,604.13,1464.54,888.45,26.79,2578.15,9741.28,1.529
2026-01-03 17:27:00,599.76,1460.53,890.27,26.1,2577.21,9706.63,1.33
2026-01-03 17:28:00,599.56,1460.91,893.86,26.06,2566.1,9694.79,1.5
2026-01-03 17:29:00,598.74,1463.34,893.56,26.03,2579.89,9695.84,1.46
2026-01-03 17:30:00,601.19,1457.85,889.92,26.75,2583.53,9748.16,1.547
2026-01-03 17:31:00,602.41,1469.8,893.29,26.87,2573.98,9752.78,1.659
2026-01-03 17:32:00,601.46,1465.01,894.99,26.36,2591.57,9727.28,1.6
2026-01-03 17:33:00,604.34,1471.15,899.23,26.76,2581.93,9751.31,1.518
2026-01-03 17:34:00,602.53,1467.0,895.31,26.71,2570.81,9741.78,1.596
2026-01-03 17:35:00,598.83,1460.0,893.29,26.73,2591.63,9737.13,1.543
2026-01-03 17:36:00,602.11,1468.27,898.53,27.17,2576.26,9782.97,1.484
2026-01-03 17:37:00,604.16,1470.34,893.82,26.48,2580.39,9744.62,1.538
2026-01-03 17:38:00,602.02,1470.0,892.67,26.97,2575.81,9763.9,1.592
2026-01-03 17:39:00,599.68,1467.07,897.4,27.1,2584.68,9763.38,1.852
2026-01-03 17:40:00,603.95,1463.7,890.57,26.35,2575.06,9743.41,1.648
2026-01-03 17:41:00,601.36,1463.36,900.53,26.34,2575.5,9742.18,1.599
2026-01-03 17:42:00,597.92,1467.8,890.85,26.38,2577.18,9731.89,1.393
2026-01-03 17:43:00,601.51,1470.86,893.2,26.98,2575.95,9770.53,1.575
2026-01-03 17:44:00,604.5,1465.85,897.46,26.34,2588.11,9759.51,1.668
2026-01-03 17:45:00,596.37,1468.05,895.38,26.69,2568.42,9732.53,1.581
2026-01-03 17:46:00,605.25,1476.3,893.02,26.45,2578.01,9727.95,1.627
2026-01-03 17:47:00,601.09,1459.56,882.73,25.35,2577.29,9683.46,1.549
2026-01-03 17:48:00,604.1,1462.92,891.07,26.47,2578.12,9748.66,1.63
2026-01-03 17:49:00,604.78,1469.47,892.95,26.64,2586.76,9746.05,1.409
2026-01-03 17:50:00,598.77,1464.16,888.35,25.89,2565.76,9714.75,1.659
2026-01-03 17:51:00,608.59,1474.33,897.34,27.85,2586.28,9816.14,1.657
2026-01-03 17:52:00,602.52,1469.52,891.64,26.52,2568.28,9726.04,1.629
2026-01-03 17:53:00,599.16,1464.62,886.36,26.47,2573.65,9712.81,1.537
2026-01-03 17:54:00,603.15,1466.59,894.2,26.22,2567.49,9726.89,1.578
2026-01-03 17:55:00,599.62,1461.97,890.45,25.86,2573.33,9668.35,1.56
2026-01-03 17:56:00,604.5,1461.26,891.08,26.28,2573.54,9724.31,1.52
2026-01-03 17:57:00,606.6,1465.29,895.48,26.86,2592.7,9761.1,1.493
2026-01-03 17:58:00,599.14,1465.07,888.81,26.57,2580.21,9727.2,1.447
2026-01-03 17:59:00,601.37,1469.21,889.97,26.21,2581.01,9707.01,1.513
2026-01-03 18:00:00,604.98,1462.06,897.05,27.14,2570.84,9763.65,1.489
2026-01-03 18:01:00,604.83,1474.17,891.0,26.59,2584.41,9732.56,1.481
2026-01-03 18:02:00,602.04,1468.25,890.22,26.67,2592.32,9751.1,1.668
2026-01-03 18:03:00,605.54,1462.28,886.87,26.65,2585.1,9723.6,1.663
2026-01-03 18:04:00,599.96,1462.64,896.67,26.54,2567.14,9710.77,1.498
2026-01-03 18:05:00,604.72,1466.68,889.55,26.32,2573.98,9712.15,1.631
2026-01-03 18:06:00,596.67,1465.08,894.27,26.54,2578.3,9705.27,1.508
2026-01-03 18:07:00,599.19,1458.02,889.63,26.51,2573.94,9734.41,1.51
2026-01-03 18:08:00,602.78,1464.99,896.18,26.14,2597.57,9702.26,1.551
2026-01-03 18:09:00,597.53,1467.68,893.58,26.31,2573.88,9713.16,1.468
2026-01-03 18:10:00,597.43,1462.95,886.66,25.85,2576.06,9679.14,1.481
2026-01-03 18:11:00,603.63,1460.3,892.98,26.44,2573.58,9729.94,1.645
2026-01-03 18:12:00,598.0,1469.62,889.67,26.5,2580.74,9742.84,1.572
2026-01-03 18:13:00,607.58,1467.63,897.89,26.78,2591.03,9770.73,1.594
2026-01-03 18:14:00,604.49,1464.48,893.93,26.38,2578.8,9716.97,1.512
2026-01-03 18:15:00,606.24,1464.31,898.46,27.01,2577.23,9745.23,1.522
2026-01-03 18:16:00,603.28,1468.97,897.0,26.76,2569.92,9733.26,1.549
2026-01-03 18:17:00,600.43,1462.53,892.92,26.75,2588.46,9740.36,1.606
2026-01-03 18:18:00,602.3,1464.84,894.88,27.04,2577.88,9746.51,1.576
2026-01-03 18:19:00,603.98,1470.4,893.16,26.78,2577.69,9750.41,1.599
2026-01-03 18:20:00,602.82,1467.89,898.39,26.48,2560.32,9746.59,1.404
2026-01-03 18:21:00,600.56,1468.5,889.05,26.44,2577.4,9730.63,1.458
2026-01-03 18:22:00,605.3,1462.72,888.31,26.56,2575.35,9734.49,1.492
2026-01-03 18:23:00,599.01,1454.93,885.91,26.08,2562.82,9705.39,1.558
2026-01-03 18:24:00,604.18,1465.86,893.67,26.56,2585.96,9721.22,1.562
2026-01-03 18:25:00,601.15,1469.65,893.75,26.55,2573.48,9713.77,1.58
2026-01-03 18:26:00,600.15,1459.61,891.1,25.6,2592.02,9690.64,1.487
2026-01-03 18:27:00,604.01,1469.86,894.15,26.39,2589.43,9722.86,1.543
2026-01-03 18:28:00,605.27,1469.53,891.33,25.89,2572.92,9737.44,1.685
2026-01-03 18:29:00,600.08,1470.55,891.07,26.6,2589.67,9738.51,1.546
2026-01-03 18:30:00,603.88,1465.24,896.59,26.21,2590.4,9707.55,1.376
2026-01-03 18:31:00,601.95,1462.2,886.75,26.93,2573.8,9727.11,1.575
2026-01-03 18:32:00,605.61,1457.07,887.95,26.69,2569.52,9714.47,1.624
2026-01-03 18:33:00,601.01,1470.01,891.71,26.82,2561.36,9735.42,1.633
2026-01-03 18:34:00,601.08,1466.47,895.93,26.1,2580.88,9715.69,1.504
2026-01-03 18:35:00,599.17,1468.94,893.27,26.07,2570.0,9714.56,1.508
2026-01-03 18:36:00,609.67,1467.55,898.18,26.88,2583.64,9780.57,1.631
2026-01-03 18:37:00,596.92,1465.16,892.27,27.02,2574.21,9739.38,1.556
2026-01-03 18:38:00,597.96,1460.79,885.94,26.09,2571.53,9714.04,1.573
2026-01-03 18:39:00,599.98,1457.88,891.15,25.75,2571.78,9675.57,1.461
2026-01-03 18:40:00,600.95,1466.21,896.49,26.18,2567.65,9721.15,1.563
2026-01-03 18:41:00,605.63,1469.32,892.48,26.8,2575.73,9777.34,1.525
2026-01-03 18:42:00,604.37,1466.06,892.58,26.68,2572.75,9736.48,1.526
2026-01-03 18:43:00,604.55,1468.95,890.8,27.29,2580.53,9787.92,1.489
2026-01-03 18:44:00,608.28,1473.08,894.72,26.51,2580.93,9773.96,1.501
2026-01-03 18:45:00,598.82,1457.51,896.55,25.93,2568.99,9708.59,1.411
2026-01-03 18:46:00,599.72,1464.0,890.41,26.63,2587.36,9734.13,1.416
2026-01-03 18:47:00,606.85,1462.04,890.32,26.64,2577.53,9740.76,1.47
2026-01-03 18:48:00,597.44,1467.0,896.51,26.3,2590.03,9720.22,1.567
2026-01-03 18:49:00,604.99,1476.0,896.9,26.99,2581.3,9755.39,1.574
2026-01-03 18:50:00,606.68,1470.36,894.72,26.05,2578.6,9721.3,1.6
2026-01-03 18:51:00,596.1,1465.73,893.55,26.45,2574.7,9736.11,1.506
2026-01-03 18:52:00,602.49,1466.36,892.02,27.06,2584.58,9762.61,1.438
2026-01-03 18:53:00,607.48,1472.27,895.54,27.03,2580.75,9783.93,1.601
2026-01-03 18:54:00,601.81,1467.18,897.92,26.74,2585.7,9741.4,1.544
2026-01-03 18:55:00,602.16,1468.26,890.27,26.45,2591.92,9747.75,1.539
2026-01-03 18:56:00,605.25,1474.13,900.01,26.82,2574.14,9770.32,1.477
2026-01-03 18:57:00,604.65,1462.34,895.79,26.47,2584.52,9761.39,1.529
2026-01-03 18:58:00,599.68,1468.25,892.98,25.91,2582.78,9722.6,1.589
2026-01-03 18:59:00,604.18,1468.45,887.65,26.68,2582.92,9752.15,1.456
2026-01-03 19:00:00,603.23,1464.53,894.37,26.84,2575.58,9746.92,1.403
2026-01-03 19:01:00,600.03,1464.44,893.28,26.59,2575.41,9738.37,1.556
2026-01-03 19:02:00,598.82,1462.04,884.87,26.23,2571.9,9683.33,1.447
2026-01-03 19:03:00,596.15,1461.84,889.45,26.27,2573.09,9717.97,1.591
2026-01-03 19:04:00,601.34,1459.2,889.51,25.69,2570.74,9706.15,1.498
2026-01-03 19:05:00,601.92,1463.62,891.43,26.44,2577.04,9716.73,1.447
2026-01-03 19:06:00,601.78,1465.38,888.8,26.61,2573.45,9758.84,1.569
2026-01-03 19:07:00,604.81,1472.99,891.15,27.01,2583.29,9766.46,1.559
2026-01-03 19:08:00,602.42,1466.05,892.73,26.32,2579.99,9759.53,1.555
2026-01-03 19:09:00,604.63,1459.82,892.08,26.53,2579.99,9736.26,1.457
2026-01-03 19:10:00,600.0,1463.58,889.15,26.65,2576.07,9726.52,1.634
2026-01-03 19:11:00,603.39,1458.74,888.2,26.66,2578.92,9729.37,1.491
2026-01-03 19:12:00,600.22,1466.13,894.02,26.83,2577.57,9759.85,1.673
2026-01-03 19:13:00,599.97,1464.21,896.15,27.2,2586.77,9785.08,1.437
2026-01-03 19:14:00,601.45,1466.57,892.17,26.26,2574.43,9719.15,1.602
2026-01-03 19:15:00,604.47,1463.67,892.21,26.63,2581.98,9745.11,1.589
2026-01-03 19:16:00,605.55,1479.82,892.9,27.31,2569.9,9780.4,1.547
2026-01-03 19:17:00,604.08,1462.77,890.42,26.64,2585.03,9754.32,1.421
2026-01-03 19:18:00,602.13,1456.8,889.27,26.19,2573.39,9716.61,1.536
2026-01-03 19:19:00,597.13,1465.49,895.19,26.41,2571.99,9753.06,1.406
2026-01-03 19:20:00,608.53,1462.62,895.69,26.55,2568.87,9719.6,1.497
2026-01-03 19:21:00,599.18,1472.32,893.71,26.65,2569.31,9746.99,1.613
2026-01-03 19:22:00,600.19,1464.81,892.02,26.23,2574.62,9732.23,1.525
2026-01-03 19:23:00,603.04,1466.84,893.89,26.59,2589.96,9719.21,1.517
2026-01-03 19:24:00,601.05,1462.85,892.95,26.37,2572.85,9719.85,1.644
2026-01-03 19:25:00,600.49,1468.63,886.65,26.34,2560.79,9731.8,1.551
2026-01-03 19:26:00,601.22,1465.09,897.61,26.78,2581.46,9733.91,1.679
2026-01-03 19:27:00,599.53,1475.21,891.52,26.26,2568.99,9717.6,1.506
2026-01-03 19:28:00,600.41,1462.64,895.71,26.39,2585.78,9752.54,1.635
2026-01-03 19:29:00,604.81,1455.99,894.85,26.75,2575.03,9730.23,1.528
2026-01-03 19:30:00,603.02,1472.43,891.42,26.7,2577.45,9762.11,1.587
2026-01-03 19:31:00,599.93,1463.61,891.74,27.48,2588.66,9747.85,1.484
2026-01-03 19:32:00,601.57,1470.45,888.49,27.01,2585.24,9779.11,1.59
2026-01-03 19:33:00,601.51,1465.77,889.9,26.03,2568.51,9732.48,1.566
2026-01-03 19:34:00,601.94,1468.27,895.13,27.27,2570.61,9756.0,1.566
2026-01-03 19:35:00,602.72,1468.04,894.5,26.86,2565.26,9759.32,1.419
2026-01-03 19:36:00,605.22,1473.21,893.39,26.65,2599.45,9736.18,1.626
2026-01-03 19:37:00,602.91,1469.6,894.34,26.8,2572.11,9745.94,1.574
2026-01-03 19:38:00,601.77,1469.99,895.18,26.49,2588.74,9755.6,1.591
2026-01-03 19:39:00,601.03,1466.03,895.38,26.02,2574.3,9734.35,1.664
2026-01-03 19:40:00,606.86,1475.93,892.28,26.99,2569.73,9729.58,1.534
2026-01-03 19:41:00,610.23,1477.81,895.53,26.82,2580.76,9786.42,1.63
2026-01-03 19:42:00,602.01,1460.22,888.48,27.0,2576.03,9736.59,1.606
2026-01-03 19:43:00,603.77,1466.25,888.67,26.71,2585.02,9735.68,1.521
2026-01-03 19:44:00,601.01,1466.11,897.53,26.71,2585.41,9742.93,1.549
2026-01-03 19:45:00,602.31,1465.33,899.27,26.77,2574.85,9760.46,1.496
2026-01-03 19:46:00,602.82,1452.88,892.6,27.18,2567.16,9737.57,1.349
2026-01-03 19:47:00,597.09,1467.23,892.69,26.51,2569.36,9744.2,1.489
2026-01-03 19:48:00,604.92,1467.53,892.24,26.65,2561.09,9754.71,1.445
2026-01-03 19:49:00,597.99,1465.91,892.68,26.12,2574.46,9685.53,1.394
2026-01-03 19:50:00,600.13,1472.34,881.78,26.55,2578.96,9747.17,1.494
2026-01-03 19:51:00,603.92,1470.41,900.44,26.69,2570.59,9764.68,1.751
2026-01-03 19:52:00,606.58,1471.45,893.88,26.95,2569.69,9766.3,1.47
2026-01-03 19:53:00,604.89,1477.99,889.51,27.63,2581.21,9805.91,1.63
2026-01-03 19:54:00,601.96,1466.55,898.77,26.94,2573.23,9727.47,1.389
2026-01-03 19:55:00,603.05,1471.69,885.07,27.07,2576.82,9733.4,1.566
2026-01-03 19:56:00,599.5,1454.26,881.61,25.48,2573.65,9683.65,1.567
2026-01-03 19:57:00,600.06,1465.6,890.42,26.58,2579.79,9714.79,1.442
2026-01-03 19:58:00,603.28,1465.39,892.85,26.19,2573.64,9724.13,1.485
2026-01-03 19:59:00,603.01,1465.34,896.71,26.39,2574.84,9739.41,1.472
2026-01-03 20:00:00,598.51,1473.17,895.67,26.99,2565.26,9779.5,1.612
2026-01-03 20:01:00,607.08,1479.44,893.78,27.2,2580.58,9796.75,1.606
2026-01-03 20:02:00,599.87,1473.56,893.58,26.83,2580.92,9776.88,1.634
2026-01-03 20:03:00,603.22,1473.18,892.62,26.01,2577.22,9736.48,1.532
2026-01-03 20:04:00,609.09,1473.43,900.98,27.66,2596.13,9792.95,1.458
2026-01-03 20:05:00,602.94,1469.3,897.57,26.97,2580.42,9748.81,1.463
2026-01-03 20:06:00,599.6,1469.12,890.87,26.72,2577.81,9747.43,1.443
2026-01-03 20:07:00,602.12,1465.16,889.71,26.24,2582.31,9728.12,1.471
2026-01-03 20:08:00,606.42,1470.12,888.01,27.26,2596.68,9765.65,1.516
2026-01-03 20:09:00,602.2,1482.26,898.15,26.98,2581.92,9768.73,1.527
2026-01-03 20:10:00,601.69,1481.21,899.49,27.6,2564.42,9828.26,1.592
2026-01-03 20:11:00,606.81,1467.29,895.97,26.12,2581.93,9732.19,1.392
2026-01-03 20:12:00,604.61,1464.59,894.92,27.02,2572.53,9760.29,1.624
2026-01-03 20:13:00,602.75,1469.21,896.81,26.43,2563.04,9730.81,1.564
2026-01-03 20:14:00,600.27,1475.6,894.83,27.11,2593.65,9773.22,1.537
2026-01-03 20:15:00,602.36,1467.66,891.11,26.02,2588.59,9687.53,1.471
2026-01-03 20:16:00,607.41,1474.75,900.78,27.14,2572.63,9768.24,1.523
2026-01-03 20:17:00,610.71,1469.61,896.18,27.46,2573.97,9801.24,1.557
2026-01-03 20:18:00,603.99,1478.5,895.63,26.88,2581.06,9765.78,1.598
2026-01-03 20:19:00,604.01,1475.31,902.42,27.12,2572.77,9767.56,1.551
2026-01-03 20:20:00,599.59,1471.46,896.13,27.33,2579.12,9776.64,1.592
2026-01-03 20:21:00,606.76,1473.05,900.65,27.56,2574.75,9783.03,1.581
2026-01-03 20:22:00,605.11,1468.73,891.72,26.45,2575.87,9747.62,1.504
2026-01-03 20:23:00,608.26,1476.62,897.86,27.59,2569.65,9794.3,1.453
2026-01-03 20:24:00,606.51,1465.11,888.4,26.44,2586.04,9756.71,1.667
2026-01-03 20:25:00,603.53,1476.47,898.77,27.74,2591.03,9807.38,1.64
2026-01-03 20:26:00,599.54,1456.05,892.11,26.17,2576.99,9714.61,1.635
2026-01-03 20:27:00,605.96,1473.82,898.39,27.53,2580.61,9794.53,1.542
2026-01-03 20:28:00,609.51,1483.89,899.97,28.21,2587.51,9835.18,1.637
2026-01-03 20:29:00,607.15,1473.26,898.09,27.25,2580.53,9784.65,1.527
2026-01-03 20:30:00,606.07,1475.21,892.23,27.3,2594.66,9792.66,1.634
2026-01-03 20:31:00,605.97,1472.57,896.93,27.19,2570.02,9785.62,1.702
2026-01-03 20:32:00,604.68,1462.99,899.1,26.82,2586.58,9763.45,1.684
2026-01-03 20:33:00,604.52,1475.53,895.93,27.59,2579.92,9792.96,1.585
2026-01-03 20:34:00,606.49,1470.72,889.71,26.33,2568.9,9716.7,1.593
2026-01-03 20:35:00,602.33,1472.74,897.57,26.36,2597.56,9760.63,1.602
2026-01-03 20:36:00,607.52,1474.72,898.63,27.55,2599.98,9794.43,1.594
2026-01-03 20:37:00,604.73,1474.15,897.82,27.43,2578.91,9786.16,1.612
2026-01-03 20:38:00,605.76,1471.71,893.02,26.79,2582.76,9750.86,1.493
2026-01-03 20:39:00,603.13,1464.36,896.99,26.33,2574.63,9730.28,1.419
2026-01-03 20:40:00,608.73,1473.05,892.82,26.22,2575.87,9729.15,1.576
2026-01-03 20:41:00,605.63,1474.52,901.89,27.31,2572.38,9808.48,1.505
2026-01-03 20:42:00,605.38,1469.81,894.04,26.89,2569.14,9755.62,1.49
2026-01-03 20:43:00,603.8,1483.07,899.85,26.25,2593.75,9745.54,1.517
2026-01-03 20:44:00,605.3,1474.36,900.41,27.29,2580.14,9782.95,1.696
2026-01-03 20:45:00,604.58,1472.91,892.38,27.23,2580.94,9785.26,1.572
2026-01-03 20:46:00,607.47,1476.75,899.82,27.65,2574.42,9794.71,1.513
2026-01-03 20:47:00,602.52,1463.78,894.74,27.4,2582.11,9786.54,1.479
2026-01-03 20:48:00,603.15,1474.55,897.76,27.05,2568.55,9786.28,1.564
2026-01-03 20:49:00,603.54,1459.89,893.98,26.13,2572.29,9732.37,1.527
2026-01-03 20:50:00,607.74,1479.98,892.95,27.18,2571.47,9798.95,1.493
2026-01-03 20:51:00,603.66,1467.48,897.09,27.14,2589.59,9752.08,1.567
2026-01-03 20:52:00,605.23,1471.62,890.53,27.03,2566.55,9765.27,1.433
2026-01-03 20:53:00,601.68,1472.89,896.77,26.98,2569.92,9754.7,1.472
2026-01-03 20:54:00,604.62,1464.07,899.92,26.5,2562.45,9741.39,1.659
2026-01-03 20:55:00,606.27,1470.72,899.47,26.95,2572.24,9755.04,1.465
2026-01-03 20:56:00,609.99,1474.45,900.9,27.24,2578.11,9817.23,1.588
2026-01-03 20:57:00,605.99,1469.29,895.61,27.64,2588.97,9800.82,1.618
2026-01-03 20:58:00,602.09,1469.01,894.34,26.66,2577.95,9764.34,1.709
2026-01-03 20:59:00,605.06,1479.87,900.63,26.91,2577.83,9799.97,1.709
2026-01-03 21:00:00,605.52,1476.27,894.16,27.64,2582.52,9774.41,1.622
2026-01-03 21:01:00,611.25,1485.01,905.75,28.39,2580.46,9874.4,1.553
2026-01-03 21:02:00,603.83,1474.52,895.03,27.27,2599.91,9787.61,1.502
2026-01-03 21:03:00,600.65,1470.52,895.32,26.53,2575.13,9767.78,1.528
2026-01-03 21:04:00,606.56,1474.92,898.76,28.15,2586.23,9846.62,1.814
2026-01-03 21:05:00,601.76,1463.12,894.3,26.43,2584.05,9705.48,1.568
2026-01-03 21:06:00,606.55,1475.83,899.01,26.84,2574.57,9759.34,1.556
2026-01-03 21:07:00,608.02,1479.22,908.06,28.12,2583.96,9839.33,1.629
2026-01-03 21:08:00,604.87,1473.93,896.55,27.43,2576.31,9779.51,1.683
2026-01-03 21:09:00,603.07,1463.99,894.47,26.57,2580.34,9723.68,1.49
2026-01-03 21:10:00,609.02,1476.4,900.02,26.38,2580.44,9762.07,1.569
2026-01-03 21:11:00,607.87,1482.95,900.54,27.23,2580.34,9809.0,1.575
2026-01-03 21:12:00,602.62,1482.65,898.59,27.96,2572.29,9810.93,1.537
2026-01-03 21:13:00,602.76,1477.31,897.51,27.26,2595.52,9787.13,1.559
2026-01-03 21:14:00,609.29,1468.86,894.04,27.39,2585.72,9797.8,1.614
2026-01-03 21:15:00,608.61,1469.63,897.0,26.6,2566.57,9752.95,1.58
2026-01-03 21:16:00,608.98,1478.09,896.05,26.97,2576.93,9778.95,1.685
2026-01-03 21:17:00,610.08,1476.98,899.73,27.72,2568.63,9801.95,1.539
2026-01-03 21:18:00,609.67,1480.49,906.55,28.24,2588.63,9836.53,1.631
2026-01-03 21:19:00,606.31,1475.97,898.42,27.72,2581.31,9809.72,1.498
2026-01-03 21:20:00,606.08,1474.28,895.64,27.06,2579.68,9762.34,1.557
2026-01-03 21:21:00,606.23,1474.51,887.1,27.12,2573.02,9765.26,1.442
2026-01-03 21:22:00,609.28,1476.68,900.51,27.46,2578.83,9806.22,1.63
2026-01-03 21:23:00,602.52,1463.49,901.03,26.41,2585.3,9745.75,1.698
2026-01-03 21:24:00,605.15,1479.23,895.08,27.02,2589.47,9797.73,1.669
2026-01-03 21:25:00,605.3,1474.89,902.1,27.74,2587.9,9800.55,1.557
2026-01-03 21:26:00,606.99,1471.81,893.87,26.78,2566.8,9751.33,1.634
2026-01-03 21:27:00,605.49,1471.9,891.07,27.28,2578.89,9781.26,1.457
2026-01-03 21:28:00,607.33,1477.62,896.83,27.32,2582.72,9789.18,1.616
2026-01-03 21:29:00,608.85,1475.97,897.46,27.64,2575.77,9813.93,1.8
2026-01-03 21:30:00,604.87,1476.21,901.14,27.77,2568.72,9822.63,1.637
2026-01-03 21:31:00,609.88,1479.67,898.94,27.93,2571.89,9827.58,1.585
2026-01-03 21:32:00,605.46,1480.4,895.74,27.28,2593.32,9805.31,1.565
2026-01-03 21:33:00,604.33,1473.59,898.58,27.31,2570.4,9769.69,1.59
2026-01-03 21:34:00,602.86,1472.42,899.85,26.97,2580.74,9780.59,1.571
2026-01-03 21:35:00,606.15,1470.43,899.57,27.4,2579.67,9795.14,1.546
2026-01-03 21:36:00,607.39,1480.82,900.24,27.36,2580.67,9820.2,1.589
2026-01-03 21:37:00,604.0,1480.95,899.37,27.7,2579.6,9826.93,1.472
2026-01-03 21:38:00,598.9,1468.96,896.05,26.53,2585.26,9744.29,1.61
2026-01-03 21:39:00,605.15,1470.62,895.59,27.35,2581.23,9795.71,1.671
2026-01-03 21:40:00,611.12,1482.52,904.21,27.69,2576.43,9808.21,1.648
2026-01-03 21:41:00,609.01,1478.67,895.42,27.49,2581.75,9805.9,1.563
2026-01-03 21:42:00,607.21,1472.26,890.8,27.49,2569.66,9768.3,1.595
2026-01-03 21:43:00,610.68,1482.59,906.23,28.69,2588.24,9885.31,1.68
2026-01-03 21:44:00,606.28,1478.91,895.98,27.4,2575.84,9804.65,1.566
2026-01-03 21:45:00,607.63,1480.23,897.91,27.72,2577.16,9826.66,1.698
2026-01-03 21:46:00,609.99,1481.4,897.15,27.39,2584.91,9792.12,1.649
2026-01-03 21:47:00,610.75,1476.37,900.43,27.52,2577.68,9795.49,1.665
2026-01-03 21:48:00,605.0,1480.75,895.51,26.84,2577.53,9780.07,1.601
2026-01-03 21:49:00,610.38,1486.63,908.4,28.83,2594.3,9898.92,1.537
2026-01-03 21:50:00,609.26,1488.0,904.14,27.42,2574.32,9825.59,1.427
2026-01-03 21:51:00,608.26,1482.75,902.29,27.96,2586.38,9832.98,1.571
2026-01-03 21:52:00,607.1,1476.4,905.81,28.04,2589.82,9828.53,1.539
2026-01-03 21:53:00,605.6,1478.43,894.8,27.04,2589.11,9765.53,1.56
2026-01-03 21:54:00,607.86,1482.41,903.07,27.29,2599.96,9836.87,1.52
2026-01-03 21:55:00,608.09,1474.12,891.21,26.96,2576.0,9800.59,1.496
2026-01-03 21:56:00,611.92,1484.48,899.03,27.84,2575.08,9823.49,1.44
2026-01-03 21:57:00,604.31,1468.04,892.49,26.06,2585.4,9742.21,1.44
2026-01-03 21:58:00,608.54,1464.65,898.35,27.04,2587.05,9759.23,1.525
2026-01-03 21:59:00,608.17,1479.91,904.66,28.16,2576.35,9840.33,1.568
2026-01-03 22:00:00,604.83,1477.79,897.64,27.78,2585.28,9807.44,1.676
2026-01-03 22:01:00,606.33,1475.65,902.78,27.2,2602.49,9789.23,1.555
2026-01-03 22:02:00,606.65,1482.5,899.02,27.73,2582.63,9817.55,1.471
2026-01-03 22:03:00,613.25,1479.07,901.53,28.61,2592.0,9890.13,1.628
2026-01-03 22:04:00,611.13,1481.48,901.92,27.71,2595.8,9853.38,1.662
2026-01-03 22:05:00,606.73,1474.19,901.13,28.09,2602.66,9839.07,1.425
2026-01-03 22:06:00,606.97,1472.8,903.47,28.03,2583.94,9822.3,1.7
2026-01-03 22:07:00,607.6,1483.09,905.01,27.74,2591.65,9813.3,1.631
2026-01-03 22:08:00,612.81,1486.83,902.19,28.08,2577.26,9863.05,1.744
2026-01-03 22:09:00,607.23,1483.19,903.41,27.7,2581.67,9809.16,1.632
2026-01-03 22:10:00,609.26,1482.85,899.38,27.98,2578.31,9819.91,1.567
2026-01-03 22:11:00,608.95,1479.74,910.32,27.83,2566.45,9810.84,1.59
2026-01-03 22:12:00,608.93,1487.41,905.43,28.47,2570.76,9863.72,1.594
2026-01-03 22:13:00,609.15,1479.67,894.72,27.2,2585.16,9815.77,1.665
2026-01-03 22:14:00,609.69,1480.96,899.39,28.12,2586.58,9848.21,1.559
2026-01-03 22:15:00,611.35,1483.88,901.95,28.26,2574.91,9854.8,1.653
2026-01-03 22:16:00,610.29,1485.01,910.27,28.22,2595.28,9843.95,1.71
2026-01-03 22:17:00,606.85,1481.64,899.56,28.31,2574.59,9860.77,1.649
2026-01-03 22:18:00,610.22,1482.64,898.4,28.69,2585.91,9870.37,1.644
2026-01-03 22:19:00,607.43,1482.75,903.64,27.21,2578.59,9820.68,1.636
2026-01-03 22:20:00,611.7,1488.67,896.45,28.2,2583.96,9851.32,1.569
2026-01-03 22:21:00,605.53,1487.17,901.72,28.01,2589.79,9838.45,1.441
2026-01-03 22:22:00,616.11,1491.71,911.27,29.14,2591.76,9917.92,1.594
2026-01-03 22:23:00,607.83,1480.42,897.94,27.6,2586.21,9785.58,1.517
2026-01-03 22:24:00,606.48,1473.33,904.55,27.3,2586.13,9809.75,1.623
2026-01-03 22:25:00,607.57,1486.14,903.97,28.27,2572.44,9838.83,1.543
2026-01-03 22:26:00,608.16,1486.7,900.07,28.2,2591.99,9846.31,1.559
2026-01-03 22:27:00,609.26,1485.89,906.94,28.71,2576.73,9905.48,1.725
2026-01-03 22:28:00,607.32,1484.6,905.83,27.39,2580.91,9816.65,1.632
2026-01-03 22:29:00,610.44,1492.49,904.86,28.08,2580.22,9849.26,1.72
2026-01-03 22:30:00,613.67,1485.09,906.34,28.86,2588.1,9907.7,1.658
2026-01-03 22:31:00,611.83,1491.52,905.21,28.12,2579.17,9849.73,1.501
2026-01-03 22:32:00,610.99,1472.67,898.06,27.42,2580.39,9814.1,1.77
2026-01-03 22:33:00,612.23,1488.09,900.51,28.44,2596.75,9869.15,1.687
2026-01-03 22:34:00,609.41,1477.6,906.33,28.15,2573.35,9866.8,1.589
2026-01-03 22:35:00,615.02,1489.51,908.22,28.44,2583.34,9857.71,1.699
2026-01-03 22:36:00,609.25,1478.29,904.84,28.62,2574.59,9861.59,1.648
2026-01-03 22:37:00,606.27,1476.77,899.14,27.9,2588.65,9855.07,1.726
2026-01-03 22:38:00,610.22,1484.59,903.84,28.16,2577.58,9858.57,1.649
2026-01-03 22:39:00,606.97,1490.56,907.05,28.62,2584.38,9876.06,1.61
2026-01-03 22:40:00,609.75,1482.56,906.53,28.1,2572.44,9849.62,1.646
2026-01-03 22:41:00,607.33,1481.47,902.94,27.47,2592.68,9831.74,1.689
2026-01-03 22:42:00,609.54,1487.36,901.48,28.11,2583.2,9838.65,1.553
2026-01-03 22:43:00,611.17,1477.71,899.52,27.42,2582.73,9813.19,1.603
2026-01-03 22:44:00,609.68,1481.47,903.09,28.62,2591.3,9891.44,1.558
2026-01-03 22:45:00,609.13,1488.86,906.16,27.68,2572.7,9841.02,1.657
2026-01-03 22:46:00,612.48,1486.47,901.23,28.24,2578.13,9849.99,1.629
2026-01-03 22:47:00,609.2,1492.46,901.81,27.87,2584.21,9844.65,1.672
2026-01-03 22:48:00,609.41,1477.4,904.19,27.86,2567.74,9818.75,1.684
2026-01-03 22:49:00,614.21,1483.54,907.85,28.66,2571.84,9902.06,1.61
2026-01-03 22:50:00,607.99,1478.47,907.36,28.31,2577.68,9880.63,1.662
2026-01-03 22:51:00,608.98,1486.5,905.41,27.95,2573.34,9834.82,1.633
2026-01-03 22:52:00,611.6,1492.08,903.1,28.04,2581.13,9871.25,1.589
2026-01-03 22:53:00,610.78,1482.86,904.37,28.03,2585.85,9814.43,1.521
2026-01-03 22:54:00,606.26,1484.9,903.01,28.11,2589.13,9851.97,1.749
2026-01-03 22:55:00,611.98,1494.56,908.18,28.72,2600.0,9913.5,1.638
2026-01-03 22:56:00,611.16,1476.86,899.1,27.79,2582.43,9838.52,1.583
2026-01-03 22:57:00,615.11,1482.35,908.05,28.45,2585.51,9881.39,1.627
2026-01-03 22:58:00,612.72,1485.46,905.89,28.97,2584.92,9903.08,1.704
2026-01-03 22:59:00,610.08,1479.04,897.01,27.95,2586.01,9860.18,1.594
2026-01-03 23:00:00,612.59,1479.75,910.36,28.17,2586.91,9867.07,1.575
2026-01-03 23:01:00,614.1,1485.32,904.21,28.3,2591.27,9871.53,1.653
2026-01-03 23:02:00,613.7,1481.15,901.71,28.28,2589.96,9838.67,1.674
2026-01-03 23:03:00,615.4,1492.5,904.52,28.94,2589.18,9900.64,1.699
2026-01-03 23:04:00,606.56,1485.5,908.54,28.64,2595.76,9866.0,1.587
2026-01-03 23:05:00,606.41,1491.18,905.04,28.04,2583.25,9849.51,1.538
2026-01-03 23:06:00,608.54,1479.1,904.85,28.39,2578.15,9849.56,1.548
2026-01-03 23:07:00,607.26,1490.04,908.43,28.89,2581.1,9891.76,1.682
2026-01-03 23:08:00,616.61,1497.0,909.67,28.45,2582.93,9868.55,1.681
2026-01-03 23:09:00,607.36,1484.71,905.18,28.31,2574.62,9855.96,1.591
2026-01-03 23:10:00,608.56,1480.95,902.76,28.12,2578.83,9867.58,1.594
2026-01-03 23:11:00,607.51,1489.11,907.17,28.46,2573.82,9847.07,1.527
2026-01-03 23:12:00,608.28,1487.87,902.37,28.13,2586.27,9861.85,1.629
2026-01-03 23:13:00,617.72,1500.7,906.61,29.03,2588.46,9916.09,1.729
2026-01-03 23:14:00,610.91,1483.64,908.08,28.8,2570.68,9895.6,1.605
2026-01-03 23:15:00,615.85,1493.12,905.48,27.36,2576.82,9824.09,1.692
2026-01-03 23:16:00,616.61,1496.24,906.06,28.59,2599.34,9893.36,1.573
2026-01-03 23:17:00,611.43,1483.66,912.09,28.24,2588.55,9861.75,1.571
2026-01-03 23:18:00,606.02,1485.83,901.16,27.88,2586.31,9840.13,1.606
2026-01-03 23:19:00,609.47,1480.02,903.65,28.07,2577.85,9852.82,1.64
2026-01-03 23:20:00,620.11,1492.18,909.62,29.15,2587.57,9907.11,1.648
2026-01-03 23:21:00,608.81,1472.93,898.94,27.38,2581.57,9814.81,1.623
2026-01-03 23:22:00,613.05,1484.91,905.57,28.25,2578.27,9890.79,1.673
2026-01-03 23:23:00,609.85,1482.32,903.94,27.91,2579.15,9851.17,1.722
2026-01-03 23:24:00,613.74,1491.82,909.82,28.18,2579.16,9846.71,1.629
2026-01-03 23:25:00,616.07,1488.39,908.6,29.02,2573.46,9909.4,1.643
2026-01-03 23:26:00,611.82,1492.27,905.69,28.52,2573.46,9875.65,1.677
2026-01-03 23:27:00,614.06,1490.69,902.84,28.5,2582.15,9867.83,1.497
2026-01-03 23:28:00,614.92,1494.51,908.07,28.45,2577.33,9877.25,1.536
2026-01-03 23:29:00,614.28,1492.79,910.44,28.25,2581.68,9876.52,1.717
2026-01-03 23:30:00,607.82,1494.87,904.82,28.02,2570.86,9866.73,1.595
2026-01-03 23:31:00,607.46,1478.34,905.03,27.81,2589.74,9856.99,1.567
2026-01-03 23:32:00,609.64,1492.39,904.21,28.26,2600.53,9871.26,1.676
2026-01-03 23:33:00,614.79,1507.4,909.47,29.0,2593.56,9908.82,1.659
2026-01-03 23:34:00,616.63,1489.67,908.11,28.08,2592.05,9848.62,1.701
2026-01-03 23:35:00,618.71,1492.07,908.6,28.53,2589.52,9887.46,1.62
2026-01-03 23:36:00,613.4,1486.0,906.87,28.08,2586.11,9874.01,1.745
2026-01-03 23:37:00,613.17,1488.59,900.93,28.8,2584.09,9858.85,1.605
2026-01-03 23:38:00,612.05,1498.07,906.85,28.78,2578.58,9923.12,1.755
2026-01-03 23:39:00,611.65,1480.9,901.34,28.68,2590.43,9897.55,1.668
2026-01-03 23:40:00,610.95,1491.96,901.83,28.67,2589.24,9879.38,1.582
2026-01-03 23:41:00,613.41,1499.94,910.88,29.12,2582.56,9932.5,1.682
2026-01-03 23:42:00,613.41,1485.13,904.51,27.86,2587.35,9852.15,1.637
2026-01-03 23:43:00,611.11,1487.59,904.02,28.55,2578.44,9874.03,1.636
2026-01-03 23:44:00,608.58,1495.07,912.73,27.89,2578.59,9864.81,1.575
2026-01-03 23:45:00,615.46,1488.1,910.98,28.96,2590.74,9888.02,1.769
2026-01-03 23:46:00,616.86,1495.88,903.24,28.57,2587.89,9885.73,1.672
2026-01-03 23:47:00,617.74,1501.18,909.51,29.48,2585.69,9965.37,1.538
2026-01-03 23:48:00,613.67,1502.77,905.48,28.47,2582.64,9910.93,1.688
2026-01-03 23:49:00,607.28,1482.69,902.61,27.82,2584.67,9855.63,1.671
2026-01-03 23:50:00,612.09,1491.51,904.57,28.67,2570.3,9899.64,1.503
2026-01-03 23:51:00,616.42,1493.68,905.84,28.96,2578.34,9884.64,1.595
2026-01-03 23:52:00,611.94,1493.27,909.22,28.55,2574.3,9885.06,1.726
2026-01-03 23:53:00,619.24,1500.25,908.08,28.91,2585.5,9910.44,1.684
2026-01-03 23:54:00,616.17,1499.13,904.02,29.14,2594.79,9927.79,1.697
2026-01-03 23:55:00,614.66,1489.93,908.28,29.37,2589.09,9907.02,1.573
2026-01-03 23:56:00,621.78,1494.7,909.9,28.73,2581.37,9911.96,1.604
2026-01-03 23:57:00,616.28,1488.43,907.68,28.92,2578.87,9887.79,1.546
2026-01-03 23:58:00,611.37,1486.28,901.99,28.34,2578.24,9881.19,1.498
2026-01-03 23:59:00,616.7,1492.01,917.97,29.93,2605.2,10008.14,1.545
2026-01-04 00:00:00,611.89,1497.66,905.38,28.76,2585.83,9907.27,1.836
2026-01-04 00:01:00,614.14,1491.45,905.28,28.83,2587.1,9913.01,1.615
2026-01-04 00:02:00,609.84,1486.39,905.51,28.48,2567.07,9873.23,1.666
2026-01-04 00:03:00,611.72,1505.49,910.9,28.31,2576.16,9915.53,1.765
2026-01-04 00:04:00,613.39,1488.0,908.47,28.64,2584.41,9894.04,1.671
2026-01-04 00:05:00,615.91,1491.81,911.69,28.44,2580.74,9892.97,1.651
2026-01-04 00:06:00,620.92,1499.4,909.27,28.8,2586.96,9922.98,1.71
2026-01-04 00:07:00,615.55,1497.63,905.13,28.86,2587.44,9938.14,1.857
2026-01-04 00:08:00,617.08,1494.3,909.29,28.93,2590.82,9926.07,1.688
2026-01-04 00:09:00,607.02,1492.47,896.71,28.36,2569.45,9884.59,1.536
2026-01-04 00:10:00,619.98,1502.51,910.7,29.66,2579.36,9982.41,1.641
2026-01-04 00:11:00,610.22,1490.86,905.61,28.19,2583.95,9893.6,1.583
2026-01-04 00:12:00,618.19,1498.24,911.19,29.46,2582.05,9957.23,1.692
2026-01-04 00:13:00,616.51,1498.62,913.15,29.65,2585.96,9988.46,1.637
2026-01-04 00:14:00,615.31,1501.42,910.66,28.71,2587.18,9933.67,1.642
2026-01-04 00:15:00,609.82,1496.09,908.98,28.3,2578.29,9880.6,1.636
2026-01-04 00:16:00,613.41,1494.43,910.77,28.72,2587.22,9917.66,1.756
2026-01-04 00:17:00,611.91,1490.83,904.17,29.1,2590.56,9930.98,1.615
2026-01-04 00:18:00,613.71,1499.43,911.6,28.56,2585.56,9901.06,1.712
2026-01-04 00:19:00,617.74,1496.18,907.64,28.36,2590.89,9903.26,1.685
2026-01-04 00:20:00,610.91,1491.8,906.04,28.32,2567.19,9888.98,1.71
2026-01-04 00:21:00,615.54,1496.57,913.8,28.84,2582.06,9944.92,1.507
2026-01-04 00:22:00,616.85,1495.93,907.46,29.22,2592.89,9919.24,1.535
2026-01-04 00:23:00,615.41,1498.13,906.95,29.37,2579.18,9928.07,1.562
2026-01-04 00:24:00,619.6,1491.58,909.03,29.04,2577.01,9900.17,1.771
2026-01-04 00:25:00,618.67,1505.58,909.58,28.69,2584.45,9911.71,1.61
2026-01-04 00:26:00,609.09,1499.92,913.5,28.8,2584.22,9883.62,1.557
2026-01-04 00:27:00,613.82,1487.51,905.45,28.54,2579.99,9881.27,1.64
2026-01-04 00:28:00,618.1,1497.8,907.86,29.02,2601.35,9941.09,1.86
2026-01-04 00:29:00,620.78,1500.42,917.92,28.92,2588.47,9930.27,1.632
2026-01-04 00:30:00,614.97,1497.19,911.21,28.73,2578.04,9906.79,1.615
2026-01-04 00:31:00,616.64,1497.89,908.03,28.69,2573.41,9898.11,1.739
2026-01-04 00:32:00,615.17,1494.36,915.48,29.42,2590.16,9949.37,1.721
2026-01-04 00:33:00,614.2,1488.57,908.51,28.47,2576.95,9883.56,1.651
2026-01-04 00:34:00,611.63,1494.93,908.37,28.56,2602.12,9897.41,1.624
2026-01-04 00:35:00,611.36,1497.01,904.5,28.98,2588.3,9896.89,1.685
2026-01-04 00:36:00,619.73,1501.09,906.0,29.29,2591.36,9948.27,1.485
2026-01-04 00:37:00,615.57,1500.34,913.95,29.04,2588.18,9930.66,1.709
2026-01-04 00:38:00,612.27,1502.04,911.07,29.36,2596.15,9956.03,1.606
2026-01-04 00:39:00,621.65,1508.83,914.93,29.78,2569.18,9985.99,1.848
2026-01-04 00:40:00,610.1,1501.31,911.65,28.92,2577.09,9944.22,1.781
2026-01-04 00:41:00,614.95,1499.04,913.04,29.2,2595.54,9958.4,1.77
2026-01-04 00:42:00,611.67,1497.67,912.53,29.81,2598.55,9939.65,1.853
2026-01-04 00:43:00,618.49,1491.09,907.87,28.48,2575.73,9915.86,1.888
2026-01-04 00:44:00,611.75,1485.9,907.35,29.03,2571.29,9921.65,1.68
2026-01-04 00:45:00,618.45,1507.83,915.37,29.6,2588.8,9963.23,1.716
2026-01-04 00:46:00,618.18,1507.96,911.21,29.66,2591.04,9955.41,1.764
2026-01-04 00:47:00,618.43,1493.2,904.73,29.37,2587.96,9945.83,1.748
2026-01-04 00:48:00,618.27,1501.15,909.25,29.74,2586.25,9944.51,1.507
2026-01-04 00:49:00,620.08,1496.31,909.65,29.84,2573.45,9983.91,1.707
2026-01-04 00:50:00,613.57,1500.37,912.14,29.0,2581.92,9897.95,1.59
2026-01-04 00:51:00,618.06,1497.52,907.89,29.5,2584.84,9942.46,1.729
2026-01-04 00:52:00,613.41,1505.7,906.66,29.34,2581.42,9920.82,1.715
2026-01-04 00:53:00,619.04,1504.28,914.17,30.05,2573.68,10003.62,1.747
2026-01-04 00:54:00,614.73,1501.48,916.72,29.63,2592.2,9964.91,1.658
2026-01-04 00:55:00,617.59,1493.48,910.15,28.46,2591.53,9889.74,1.612
2026-01-04 00:56:00,612.14,1498.26,906.68,29.03,2579.55,9923.26,1.828
2026-01-04 00:57:00,620.55,1503.28,910.85,29.41,2585.52,9951.55,1.51
2026-01-04 00:58:00,617.84,1502.71,911.0,28.51,2582.05,9926.46,1.927
2026-01-04 00:59:00,615.6,1494.82,913.89,29.16,2582.63,9939.25,1.843
2026-01-04 01:00:00,621.63,1512.27,910.83,30.34,2593.19,10009.26,1.737
2026-01-04 01:01:00,615.33,1511.07,909.2,29.11,2591.42,9958.72,1.761
2026-01-04 01:02:00,622.33,1506.12,921.18,29.19,2595.83,9957.45,1.699
2026-01-04 01:03:00,615.48,1495.35,914.92,29.53,2595.09,9942.67,1.683
2026-01-04 01:04:00,621.37,1505.85,910.1,30.09,2586.81,9981.8,1.692
2026-01-04 01:05:00,615.66,1492.17,921.62,28.82,2608.6,9922.26,1.627
2026-01-04 01:06:00,613.66,1503.33,914.41,29.45,2599.53,9954.87,1.763
2026-01-04 01:07:00,623.77,1497.38,914.87,29.73,2582.89,9981.23,1.658
2026-01-04 01:08:00,613.55,1498.48,914.11,28.76,2585.36,9883.13,1.657
2026-01-04 01:09:00,621.75,1507.87,914.22,29.86,2572.98,9999.52,1.711
2026-01-04 01:10:00,610.67,1506.78,912.34,29.56,2588.09,9973.78,1.878
2026-01-04 01:11:00,619.98,1507.28,916.51,30.32,2602.25,9999.17,1.83
2026-01-04 01:12:00,617.71,1503.84,912.68,29.04,2609.07,9946.68,1.641
2026-01-04 01:13:00,616.87,1501.17,912.58,29.0,2585.36,9934.11,1.795
2026-01-04 01:14:00,615.92,1502.49,911.73,28.96,2588.4,9918.43,1.71
2026-01-04 01:15:00,618.09,1502.06,913.1,29.61,2591.46,9941.65,1.786
2026-01-04 01:16:00,620.53,1501.26,915.01,29.45,2604.0,9981.34,1.804
2026-01-04 01:17:00,614.27,1495.53,913.66,29.34,2579.61,9963.5,1.599
2026-01-04 01:18:00,616.03,1494.59,911.68,29.59,2608.5,9958.02,1.755
2026-01-04 01:19:00,619.83,1498.66,910.43,29.19,2583.41,9924.28,1.679
2026-01-04 01:20:00,614.66,1503.31,912.41,29.75,2578.64,9977.17,1.881
2026-01-04 01:21:00,617.44,1503.15,908.73,29.09,2583.77,9933.28,1.616
2026-01-04 01:22:00,614.62,1498.07,916.97,29.22,2580.01,9938.22,1.752
2026-01-04 01:23:00,621.98,1510.13,919.93,29.72,2592.53,10007.46,1.653
2026-01-04 01:24:00,618.59,1508.76,917.18,29.72,2574.78,9977.13,1.899
2026-01-04 01:25:00,618.5,1510.41,913.73,30.71,2591.02,10025.54,1.812
2026-01-04 01:26:00,617.9,1502.01,911.81,29.06,2592.42,9954.2,1.665
2026-01-04 01:27:00,619.38,1506.08,914.87,29.33,2599.36,9964.2,1.831
2026-01-04 01:28:00,617.23,1508.89,915.56,29.33,2592.66,9956.94,1.851
2026-01-04 01:29:00,614.97,1498.46,908.64,28.88,2597.21,9921.68,1.715
2026-01-04 01:30:00,619.76,1507.78,923.09,31.0,2585.64,10041.05,1.764
2026-01-04 01:31:00,613.07,1501.92,917.15,29.53,2591.35,9982.27,1.637
2026-01-04 01:32:00,622.64,1505.26,917.06,29.84,2571.42,10009.47,1.672
2026-01-04 01:33:00,620.81,1499.56,914.2,29.58,2586.19,9953.94,1.604
2026-01-04 01:34:00,614.5,1507.33,913.99,29.47,2590.91,9972.3,1.813
2026-01-04 01:35:00,620.75,1508.44,911.13,29.75,2591.41,9966.67,1.812
2026-01-04 01:36:00,622.36,1508.11,910.63,29.94,2576.29,9999.77,1.656
2026-01-04 01:37:00,617.08,1502.73,918.52,29.87,2585.05,9981.5,1.828
2026-01-04 01:38:00,619.45,1501.55,916.26,29.31,2586.02,9977.79,1.701
2026-01-04 01:39:00,619.95,1517.46,921.88,30.19,2585.68,10005.68,1.702
2026-01-04 01:40:00,623.73,1513.76,919.69,30.17,2595.04,10008.98,1.789
2026-01-04 01:41:00,618.51,1505.78,917.07,29.76,2586.66,9987.24,1.727
2026-01-04 01:42:00,622.44,1500.83,912.68,29.06,2587.82,9952.06,1.559
2026-01-04 01:43:00,621.31,1508.78,911.86,29.66,2583.81,9970.16,1.69
2026-01-04 01:44:00,614.88,1501.85,909.87,29.6,2595.72,9956.49,1.597
2026-01-04 01:45:00,625.03,1512.25,914.36,29.72,2597.58,9989.02,1.594
2026-01-04 01:46:00,621.86,1506.17,913.29,29.74,2586.05,9990.33,1.685
2026-01-04 01:47:00,617.05,1499.77,912.22,29.46,2609.53,9944.4,1.691
2026-01-04 01:48:00,621.21,1495.07,917.86,30.19,2582.06,9982.2,1.62
2026-01-04 01:49:00,619.66,1499.17,914.75,29.8,2595.68,9967.33,1.722
2026-01-04 01:50:00,617.95,1504.22,911.38,29.62,2580.01,9967.33,1.724
2026-01-04 01:51:00,619.26,1502.47,915.05,29.68,2594.33,9980.96,1.785
2026-01-04 01:52:00,619.85,1509.81,917.77,30.0,2594.46,10000.37,1.729
2026-01-04 01:53:00,622.76,1509.13,919.17,29.73,2580.98,10004.69,1.806
2026-01-04 01:54:00,623.04,1518.09,922.04,30.29,2588.8,10024.62,1.83
2026-01-04 01:55:00,619.1,1501.03,913.21,30.65,2604.93,10028.28,1.644
2026-01-04 01:56:00,621.09,1505.41,916.09,29.73,2581.57,9979.43,1.868
2026-01-04 01:57:00,620.72,1505.76,922.71,29.92,2592.33,10005.86,1.849
2026-01-04 01:58:00,618.33,1497.09,909.92,29.17,2589.65,9950.63,1.681
2026-01-04 01:59:00,619.76,1502.71,911.73,29.54,2587.24,9966.35,1.64
2026-01-04 02:00:00,624.66,1509.0,911.45,29.8,2575.37,10008.42,1.821
2026-01-04 02:01:00,615.71,1501.52,910.64,29.05,2593.4,9945.61,1.645
2026-01-04 02:02:00,618.33,1509.49,912.31,30.3,2588.75,9993.99,1.655
2026-01-04 02:03:00,622.94,1500.75,912.04,29.22,2596.2,9960.98,1.685
2026-01-04 02:04:00,620.79,1507.66,917.89,29.63,2590.26,9987.69,1.832
2026-01-04 02:05:00,617.46,1509.81,917.07,29.6,2588.03,9964.68,1.834
2026-01-04 02:06:00,622.33,1516.36,912.16,30.09,2592.46,10015.2,1.908
2026-01-04 02:07:00,619.92,1507.24,915.78,30.14,2581.35,10009.17,1.734
2026-01-04 02:08:00,622.5,1514.23,919.56,30.81,2603.1,10044.99,1.771
2026-01-04 02:09:00,627.28,1505.02,916.86,29.61,2585.89,10000.22,1.734
2026-01-04 02:10:00,617.11,1509.89,918.0,30.03,2585.52,9988.03,1.685
2026-01-04 02:11:00,616.92,1517.11,919.22,29.76,2598.95,9992.92,1.686
2026-01-04 02:12:00,621.76,1501.61,917.12,29.18,2588.68,9943.62,1.666
2026-01-04 02:13:00,620.76,1515.28,919.1,30.6,2587.35,10009.17,1.904
2026-01-04 02:14:00,622.87,1514.29,918.08,29.8,2592.66,10011.83,1.688
2026-01-04 02:15:00,626.91,1517.96,921.5,30.78,2595.75,10047.62,1.805
2026-01-04 02:16:00,615.73,1504.16,918.1,30.03,2587.21,9981.15,1.779
2026-01-04 02:17:00,623.6,1518.3,914.6,29.84,2596.3,10000.82,1.917
2026-01-04 02:18:00,618.87,1510.36,914.0,29.5,2577.75,9975.04,1.75
2026-01-04 02:19:00,626.4,1514.25,919.8,29.92,2591.02,10000.92,1.725
2026-01-04 02:20:00,620.0,1510.33,920.98,30.35,2596.83,10039.5,1.702
2026-01-04 02:21:00,625.21,1509.84,917.84,29.78,2593.18,9982.43,1.661
2026-01-04 02:22:00,627.64,1509.2,922.31,30.64,2572.19,10031.7,1.773
2026-01-04 02:23:00,619.2,1510.69,915.91,29.6,2586.97,9976.7,1.703
2026-01-04 02:24:00,622.72,1512.38,919.85,30.52,2580.03,10022.02,1.761
2026-01-04 02:25:00,621.69,1508.18,920.47,30.62,2599.96,10020.21,1.81
2026-01-04 02:26:00,625.38,1506.84,915.87,30.05,2585.6,9995.77,1.691
2026-01-04 02:27:00,621.56,1518.86,919.77,30.29,2598.77,10012.54,1.788
2026-01-04 02:28:00,627.15,1518.58,922.97,31.06,2582.68,10090.61,1.909
2026-01-04 02:29:00,619.99,1508.94,916.09,29.42,2592.24,10005.73,1.606
2026-01-04 02:30:00,623.46,1507.08,919.4,30.62,2590.35,10035.84,1.792
2026-01-04 02:31:00,621.89,1507.18,919.38,29.87,2610.04,9975.23,1.842
2026-01-04 02:32:00,623.41,1512.23,915.9,30.77,2600.4,10053.75,1.827
2026-01-04 02:33:00,627.84,1515.88,916.8,30.8,2599.49,10043.44,1.734
2026-01-04 02:34:00,620.29,1504.86,920.29,30.03,2605.6,10012.54,1.807
2026-01-04 02:35:00,625.44,1516.36,921.35,30.86,2593.3,10054.95,1.752
2026-01-04 02:36:00,619.32,1505.13,918.06,30.89,2589.62,10039.17,1.851
2026-01-04 02:37:00,622.91,1506.89,917.94,30.41,2587.9,10018.59,1.801
2026-01-04 02:38:00,626.07,1519.11,922.39,31.35,2594.46,10075.84,1.966
2026-01-04 02:39:00,623.49,1519.2,924.5,30.73,2567.88,10029.52,1.764
2026-01-04 02:40:00,625.26,1512.48,918.25,29.96,2589.69,10020.16,1.8
2026-01-04 02:41:00,620.4,1510.05,922.95,30.46,2591.54,10021.56,1.738
2026-01-04 02:42:00,624.2,1513.94,921.8,30.07,2588.31,10017.11,1.77
2026-01-04 02:43:00,618.91,1521.0,916.94,30.09,2577.71,10027.6,1.703
2026-01-04 02:44:00,622.84,1511.16,917.56,29.89,2587.58,9997.17,1.851
2026-01-04 02:45:00,619.34,1509.7,921.53,30.42,2576.58,9998.91,1.766
2026-01-04 02:46:00,625.16,1514.45,927.34,30.68,2605.48,10061.73,1.803
2026-01-04 02:47:00,624.15,1505.57,916.96,29.72,2587.31,10012.42,1.831
2026-01-04 02:48:00,627.6,1515.78,923.72,30.31,2574.37,10050.89,1.914
2026-01-04 02:49:00,618.82,1514.83,919.89,30.15,2587.33,10002.39,1.931
2026-01-04 02:50:00,628.72,1520.51,923.25,31.13,2599.88,10098.47,1.766
2026-01-04 02:51:00,624.61,1512.51,918.21,29.57,2590.54,10006.21,1.809
2026-01-04 02:52:00,622.25,1505.93,913.89,29.81,2582.05,10012.18,1.835
2026-01-04 02:53:00,624.48,1504.73,916.79,29.76,2582.66,9979.25,1.724
2026-01-04 02:54:00,622.28,1517.35,918.93,30.53,2587.6,10025.81,1.719
2026-01-04 02:55:00,619.19,1505.88,919.83,30.03,2585.79,10010.7,1.851
2026-01-04 02:56:00,620.76,1506.59,919.59,30.42,2579.57,10019.52,1.691
2026-01-04 02:57:00,621.01,1505.81,914.5,29.95,2587.53,9978.97,1.764
2026-01-04 02:58:00,623.09,1514.54,923.87,30.32,2579.73,10038.73,1.725
2026-01-04 02:59:00,620.33,1510.69,914.42,29.92,2596.34,9996.45,1.749
2026-01-04 03:00:00,618.8,1514.12,913.97,29.76,2597.2,9993.48,1.619
2026-01-04 03:01:00,624.89,1525.2,926.33,31.18,2583.91,10078.37,1.733
2026-01-04 03:02:00,618.73,1512.48,919.25,30.07,2583.8,10016.64,1.617
2026-01-04 03:03:00,626.14,1518.46,917.26,30.35,2587.43,10049.51,2.004
2026-01-04 03:04:00,624.95,1516.66,919.42,30.53,2590.17,10039.43,1.667
2026-01-04 03:05:00,628.35,1520.63,920.08,30.98,2593.0,10052.88,1.864
2026-01-04 03:06:00,631.78,1516.05,920.77,30.62,2594.04,10037.27,1.719
2026-01-04 03:07:00,622.58,1507.9,919.61,30.76,2593.89,10038.15,1.59
2026-01-04 03:08:00,625.99,1507.52,918.38,30.51,2602.16,10021.57,1.787
2026-01-04 03:09:00,624.83,1520.24,921.68,30.62,2591.15,10045.63,1.994
2026-01-04 03:10:00,622.24,1507.28,917.55,30.23,2579.59,10028.83,1.71
2026-01-04 03:11:00,623.43,1511.34,923.74,30.05,2576.81,10020.31,1.913
2026-01-04 03:12:00,626.03,1517.89,924.99,30.56,2604.76,10071.67,1.968
2026-01-04 03:13:00,621.91,1506.08,916.68,30.59,2593.84,10022.49,1.681
2026-01-04 03:14:00,620.97,1513.41,921.36,30.45,2592.12,10040.5,1.645
2026-01-04 03:15:00,622.74,1518.69,922.01,30.16,2594.19,10044.03,1.723
2026-01-04 03:16:00,627.81,1522.0,921.03,31.14,2592.6,10062.41,1.889
2026-01-04 03:17:00,625.45,1512.23,921.02,30.39,2593.43,10027.75,1.611
2026-01-04 03:18:00,627.62,1514.25,925.36,30.48,2586.62,10018.3,1.803
2026-01-04 03:19:00,619.77,1502.42,914.6,30.17,2598.02,10017.79,1.771
2026-01-04 03:20:00,620.73,1506.22,920.44,30.44,2586.56,10048.21,1.737
2026-01-04 03:21:00,621.44,1508.81,924.39,31.15,2584.71,10078.28,1.777
2026-01-04 03:22:00,626.21,1518.66,922.33,30.77,2577.25,10048.44,1.775
2026-01-04 03:23:00,621.74,1514.31,924.12,30.46,2588.55,10040.29,1.79
2026-01-04 03:24:00,625.57,1520.28,923.34,31.22,2601.63,10066.85,1.938
2026-01-04 03:25:00,622.68,1513.07,920.17,30.51,2586.05,10021.03,1.733
2026-01-04 03:26:00,619.63,1517.9,921.2,30.56,2579.1,10031.95,1.768
2026-01-04 03:27:00,626.24,1524.38,917.96,30.64,2593.84,10068.71,1.857
2026-01-04 03:28:00,625.34,1512.83,916.77,29.65,2583.58,9997.44,1.667
2026-01-04 03:29:00,627.17,1518.42,927.8,31.3,2604.2,10075.26,1.942
2026-01-04 03:30:00,625.41,1522.11,922.15,30.51,2600.58,10079.63,1.751
2026-01-04 03:31:00,624.52,1526.49,921.24,30.51,2580.3,10040.56,1.821
2026-01-04 03:32:00,630.69,1520.7,927.86,31.19,2590.85,10086.2,1.803
2026-01-04 03:33:00,621.76,1507.19,917.99,30.14,2583.63,10020.13,1.766
2026-01-04 03:34:00,624.15,1505.93,923.82,30.93,2582.34,10070.24,1.969
2026-01-04 03:35:00,623.15,1509.35,922.23,30.6,2589.9,10037.49,1.802
2026-01-04 03:36:00,615.72,1518.47,916.69,29.93,2595.67,10006.09,1.698
2026-01-04 03:37:00,627.56,1516.83,925.54,30.78,2589.87,10042.04,1.71
2026-01-04 03:38:00,622.45,1507.66,916.97,30.14,2584.75,9999.83,1.85
2026-01-04 03:39:00,623.35,1519.15,927.22,30.54,2572.97,10044.48,1.823
2026-01-04 03:40:00,631.47,1531.01,926.0,30.61,2585.94,10061.14,1.761
2026-01-04 03:41:00,625.99,1517.72,921.03,30.99,2596.25,10075.81,1.903
2026-01-04 03:42:00,620.8,1517.34,919.75,30.55,2578.23,10002.06,1.685
2026-01-04 03:43:00,625.39,1509.35,918.56,30.19,2600.27,10028.91,1.703
2026-01-04 03:44:00,626.4,1524.87,921.07,31.06,2586.21,10051.29,1.781
2026-01-04 03:45:00,625.46,1514.75,922.84,30.39,2592.87,10062.51,1.779
2026-01-04 03:46:00,618.48,1503.65,918.61,30.0,2586.33,10016.4,1.622
2026-01-04 03:47:00,628.47,1518.03,925.81,30.79,2582.19,10069.86,1.768
2026-01-04 03:48:00,627.22,1516.39,920.37,31.34,2595.64,10082.91,1.866
2026-01-04 03:49:00,621.77,1517.98,916.47,30.54,2585.66,10039.98,1.752
2026-01-04 03:50:00,621.65,1519.15,924.02,31.38,2585.29,10078.72,1.814
2026-01-04 03:51:00,625.95,1519.02,917.62,30.51,2571.62,10044.74,1.705
2026-01-04 03:52:00,625.16,1511.9,920.62,30.58,2601.05,10044.74,1.81
2026-01-04 03:53:00,627.5,1518.51,923.16,31.15,2592.53,10092.26,1.869
2026-01-04 03:54:00,627.96,1522.22,928.57,31.93,2601.89,10106.76,1.955
2026-01-04 03:55:00,630.01,1531.02,928.06,31.11,2597.88,10103.69,1.815
2026-01-04 03:56:00,623.85,1521.08,926.33,30.66,2600.05,10059.31,1.78
2026-01-04 03:57:00,625.22,1520.61,923.59,30.84,2587.53,10081.08,1.871
2026-01-04 03:58:00,623.65,1519.67,923.2,30.97,2580.34,10062.42,1.791
2026-01-04 03:59:00,625.71,1510.69,921.25,30.11,2596.14,10029.63,1.825
2026-01-04 04:00:00,625.96,1516.38,925.42,32.03,2594.49,10117.26,1.912
2026-01-04 04:01:00,624.34,1520.42,922.29,30.07,2585.3,10003.75,1.667
2026-01-04 04:02:00,626.66,1512.78,929.24,31.04,2597.57,10070.45,1.721
2026-01-04 04:03:00,624.08,1515.76,924.34,30.89,2593.62,10058.3,1.753
2026-01-04 04:04:00,628.0,1523.57,927.53,30.91,2596.67,10068.66,1.671
2026-01-04 04:05:00,629.46,1511.94,919.92,30.83,2583.05,10060.19,1.95
2026-01-04 04:06:00,622.36,1507.24,913.26,29.86,2596.26,9988.41,1.638
2026-01-04 04:07:00,621.16,1515.51,921.05,30.95,2591.25,10061.66,1.895
2026-01-04 04:08:00,626.56,1520.91,924.47,30.86,2600.69,10080.25,1.737
2026-01-04 04:09:00,626.36,1519.43,923.6,30.62,2599.17,10065.25,1.892
2026-01-04 04:10:00,628.17,1509.1,923.65,31.41,2597.88,10090.09,1.923
2026-01-04 04:11:00,626.68,1527.35,931.69,31.31,2591.82,10098.2,1.697
2026-01-04 04:12:00,623.22,1515.8,923.57,30.55,2597.64,10078.93,1.809
2026-01-04 04:13:00,628.15,1518.1,925.6,30.73,2600.25,10063.73,1.942
2026-01-04 04:14:00,627.07,1522.91,925.74,31.75,2597.74,10102.67,1.848
2026-01-04 04:15:00,624.42,1521.64,927.29,31.08,2593.76,10083.64,1.895
2026-01-04 04:16:00,623.21,1517.16,923.22,30.52,2596.49,10049.01,1.813
2026-01-04 04:17:00,617.74,1512.69,917.8,29.5,2584.32,9990.68,1.814
2026-01-04 04:18:00,625.05,1507.2,925.18,30.42,2602.64,10042.2,1.887
2026-01-04 04:19:00,625.99,1523.8,926.88,31.16,2579.67,10108.82,1.831
2026-01-04 04:20:00,626.21,1517.71,925.22,30.71,2590.94,10045.66,1.79
2026-01-04 04:21:00,626.35,1519.91,925.33,31.28,2589.33,10094.75,1.808
2026-01-04 04:22:00,625.87,1520.72,925.79,30.65,2585.92,10055.62,1.699
2026-01-04 04:23:00,626.6,1527.76,925.65,31.32,2595.71,10112.57,1.906
2026-01-04 04:24:00,624.43,1514.59,919.82,31.04,2581.81,10049.46,1.799
2026-01-04 04:25:00,623.56,1526.63,923.21,30.67,2608.59,10063.93,1.906
2026-01-04 04:26:00,629.05,1525.81,926.53,30.74,2580.75,10068.91,1.966
2026-01-04 04:27:00,628.08,1526.56,928.52,31.21,2584.99,10095.49,1.791
2026-01-04 04:28:00,617.78,1508.0,917.83,30.41,2581.81,10033.17,1.746
2026-01-04 04:29:00,620.93,1526.33,926.79,30.9,2592.75,10058.39,1.751
2026-01-04 04:30:00,629.73,1523.87,922.58,31.2,2599.83,10072.58,1.929
2026-01-04 04:31:00,628.24,1526.05,927.62,31.63,2597.2,10105.61,1.733
2026-01-04 04:32:00,626.09,1520.98,923.04,31.38,2602.92,10057.83,1.828
2026-01-04 04:33:00,625.25,1520.71,923.72,30.54,2585.08,10072.13,1.694
2026-01-04 04:34:00,628.28,1526.29,921.72,31.4,2598.06,10100.35,1.956
2026-01-04 04:35:00,631.1,1522.93,920.74,31.08,2589.98,10090.54,1.888
2026-01-04 04:36:00,626.32,1513.45,921.24,31.38,2593.27,10065.77,1.757
2026-01-04 04:37:00,627.16,1525.23,926.65,31.44,2601.83,10104.81,1.987
2026-01-04 04:38:00,626.43,1521.07,927.07,30.79,2579.12,10096.83,1.772
2026-01-04 04:39:00,625.23,1523.08,924.03,31.48,2608.8,10102.33,1.85
2026-01-04 04:40:00,628.34,1522.52,928.5,31.37,2591.53,10097.9,1.66
2026-01-04 04:41:00,627.37,1518.32,924.75,30.93,2578.2,10055.71,1.849
2026-01-04 04:42:00,628.58,1521.32,926.15,30.72,2585.97,10067.44,1.781
2026-01-04 04:43:00,631.17,1524.46,924.25,31.1,2592.68,10076.54,1.799
2026-01-04 04:44:00,622.86,1517.76,918.43,30.72,2585.64,10059.09,1.725
2026-01-04 04:45:00,624.77,1521.33,928.96,30.81,2575.36,10073.44,1.726
2026-01-04 04:46:00,625.87,1514.21,921.26,30.9,2592.04,10060.99,1.76
2026-01-04 04:47:00,628.22,1528.24,929.95,31.66,2587.81,10120.83,1.961
2026-01-04 04:48:00,627.7,1517.88,920.49,31.06,2596.43,10059.88,1.835
2026-01-04 04:49:00,624.83,1521.51,923.5,30.91,2583.0,10068.26,1.74
2026-01-04 04:50:00,631.23,1519.56,919.53,31.11,2609.79,10072.29,1.636
2026-01-04 04:51:00,629.6,1528.95,926.11,30.85,2596.36,10086.45,1.983
2026-01-04 04:52:00,629.44,1520.84,927.76,31.28,2593.17,10069.63,1.613
2026-01-04 04:53:00,618.96,1520.85,925.41,30.13,2594.82,10024.3,1.862
2026-01-04 04:54:00,626.4,1521.0,926.62,30.66,2575.59,10032.62,1.818
2026-01-04 04:55:00,629.02,1526.33,929.41,31.57,2589.28,10112.29,1.834
2026-01-04 04:56:00,616.14,1505.2,918.89,30.18,2603.6,10011.58,1.715
2026-01-04 04:57:00,624.43,1518.74,925.0,30.78,2588.06,10044.48,1.85
2026-01-04 04:58:00,627.73,1532.81,933.12,31.67,2594.77,10164.1,1.987
2026-01-04 04:59:00,625.9,1518.48,926.59,31.15,2588.92,10096.83,1.924
2026-01-04 05:00:00,625.09,1519.83,922.25,30.79,2602.38,10045.63,1.879
2026-01-04 05:01:00,625.85,1521.19,927.2,31.76,2590.66,10095.89,1.714
2026-01-04 05:02:00,627.24,1520.47,921.48,31.35,2582.82,10101.39,1.786
2026-01-04 05:03:00,628.08,1524.8,925.42,30.79,2613.58,10104.47,1.792
2026-01-04 05:04:00,635.28,1531.5,924.34,31.38,2582.13,10109.18,1.852
2026-01-04 05:05:00,627.58,1528.51,922.49,31.02,2591.14,10077.91,1.842
2026-01-04 05:06:00,625.65,1518.55,923.95,30.84,2583.8,10042.36,1.873
2026-01-04 05:07:00,628.69,1522.94,928.58,31.29,2586.99,10095.44,1.833
2026-01-04 05:08:00,625.06,1520.62,928.48,30.28,2582.15,10044.85,1.853
2026-01-04 05:09:00,620.61,1511.61,921.95,30.87,2586.43,10047.78,1.764
2026-01-04 05:10:00,625.07,1517.68,919.49,30.66,2598.29,10039.35,1.95
2026-01-04 05:11:00,626.91,1509.54,920.93,29.96,2574.08,10010.52,1.71
2026-01-04 05:12:00,628.72,1512.06,923.36,30.68,2600.43,10037.53,1.731
2026-01-04 05:13:00,626.09,1522.72,927.44,30.42,2599.24,10042.28,1.809
2026-01-04 05:14:00,626.24,1513.89,925.35,31.06,2596.27,10085.03,1.919
2026-01-04 05:15:00,625.01,1521.7,918.73,30.43,2591.54,10042.25,1.726
2026-01-04 05:16:00,625.52,1515.31,918.91,29.91,2591.07,9999.08,1.728
2026-01-04 05:17:00,624.08,1518.48,922.64,30.8,2601.95,10043.08,1.76
2026-01-04 05:18:00,622.63,1521.71,923.54,30.16,2576.7,10045.79,1.709
2026-01-04 05:19:00,630.92,1512.54,922.57,31.03,2596.9,10056.44,1.757
2026-01-04 05:20:00,626.48,1524.99,934.28,31.55,2587.29,10112.39,1.796
2026-01-04 05:21:00,621.47,1520.27,921.87,30.7,2597.82,10059.87,1.91
2026-01-04 05:22:00,628.75,1525.88,922.08,31.37,2587.95,10102.19,1.855
2026-01-04 05:23:00,627.45,1522.92,922.92,30.91,2597.86,10085.31,1.786
2026-01-04 05:24:00,627.55,1522.38,923.21,30.78,2579.95,10088.81,1.979
2026-01-04 05:25:00,627.26,1518.14,919.15,30.45,2577.3,10050.16,1.941
2026-01-04 05:26:00,625.98,1516.12,924.1,30.25,2590.11,10054.78,1.937
2026-01-04 05:27:00,624.83,1519.78,927.96,30.74,2603.51,10080.64,1.787
2026-01-04 05:28:00,625.36,1517.39,921.38,30.79,2596.67,10089.89,1.914
2026-01-04 05:29:00,626.45,1518.97,920.15,31.11,2595.46,10060.14,1.976
2026-01-04 05:30:00,626.26,1523.29,924.99,30.5,2598.17,10061.72,1.774
2026-01-04 05:31:00,630.48,1518.89,926.42,31.6,2590.39,10120.14,1.842
2026-01-04 05:32:00,625.01,1522.53,924.65,31.84,2598.31,10116.59,1.821
2026-01-04 05:33:00,622.66,1523.16,927.12,31.19,2587.11,10073.5,1.834
2026-01-04 05:34:00,629.0,1524.51,923.53,31.26,2590.26,10099.96,1.986
2026-01-04 05:35:00,625.08,1522.29,920.0,30.73,2589.72,10060.49,1.81
2026-01-04 05:36:00,622.61,1515.4,925.38,30.83,2586.83,10059.36,1.759
2026-01-04 05:37:00,622.05,1526.97,924.87,31.56,2591.37,10077.46,1.812
2026-01-04 05:38:00,629.02,1514.18,923.19,31.05,2589.62,10071.1,1.909
2026-01-04 05:39:00,625.65,1520.64,916.98,31.27,2586.43,10082.42,1.598
2026-01-04 05:40:00,625.18,1515.91,918.34,31.17,2589.54,10045.79,1.823
2026-01-04 05:41:00,627.06,1516.95,923.54,30.84,2592.4,10058.38,1.785
2026-01-04 05:42:00,628.07,1522.09,922.98,31.3,2583.04,10075.76,1.766
2026-01-04 05:43:00,625.34,1526.1,926.27,31.31,2595.7,10089.17,1.69
2026-01-04 05:44:00,630.69,1526.48,930.29,32.12,2590.75,10149.41,1.936
2026-01-04 05:45:00,625.65,1517.83,926.17,31.22,2594.72,10109.22,1.825
2026-01-04 05:46:00,624.4,1523.92,930.74,31.15,2587.74,10107.44,1.884
2026-01-04 05:47:00,633.56,1526.2,924.96,31.27,2601.35,10104.43,1.754
2026-01-04 05:48:00,629.84,1534.29,930.19,31.71,2600.86,10111.02,1.698
2026-01-04 05:49:00,624.17,1518.64,923.24,31.12,2583.15,10068.31,1.714
2026-01-04 05:50:00,620.24,1505.25,921.85,30.36,2593.18,10002.34,1.737
2026-01-04 05:51:00,628.47,1520.21,925.3,30.87,2603.0,10065.35,1.664
2026-01-04 05:52:00,627.91,1527.09,928.08,31.27,2584.62,10085.22,1.839
2026-01-04 05:53:00,624.7,1523.37,923.78,30.61,2583.35,10036.26,1.917
2026-01-04 05:54:00,626.32,1524.56,923.91,31.08,2597.99,10082.9,1.625
2026-01-04 05:55:00,629.63,1519.08,927.62,31.25,2582.31,10099.72,1.783
2026-01-04 05:56:00,626.29,1517.61,927.69,30.8,2586.07,10087.52,1.815
2026-01-04 05:57:00,630.0,1524.06,927.89,31.31,2584.69,10100.71,1.826
2026-01-04 05:58:00,630.32,1522.51,925.26,31.11,2598.19,10085.48,1.932
2026-01-04 05:59:00,623.69,1514.22,920.06,31.08,2585.67,10059.79,1.77
2026-01-04 06:00:00,628.64,1528.54,924.55,31.99,2591.48,10125.25,1.841
2026-01-04 06:01:00,624.7,1522.6,923.78,31.26,2586.45,10091.35,1.803
2026-01-04 06:02:00,625.16,1515.02,921.67,31.58,2601.17,10079.6,1.861
2026-01-04 06:03:00,620.65,1516.23,920.8,31.02,2584.87,10073.36,1.948
2026-01-04 06:04:00,628.25,1518.97,922.93,31.19,2580.35,10070.09,1.814
2026-01-04 06:05:00,622.06,1517.37,919.6,30.97,2580.23,10075.07,1.941
2026-01-04 06:06:00,622.4,1519.87,920.5,29.9,2594.99,10014.2,1.773
2026-01-04 06:07:00,624.26,1514.13,918.79,30.92,2598.0,10076.69,1.719
2026-01-04 06:08:00,629.71,1524.35,921.05,31.71,2602.79,10100.49,1.93
2026-01-04 06:09:00,623.45,1517.8,919.99,30.87,2581.54,10070.32,1.812
2026-01-04 06:10:00,628.0,1525.8,924.47,31.04,2590.41,10086.63,1.943
2026-01-04 06:11:00,627.82,1525.83,927.17,31.42,2612.44,10106.4,1.913
2026-01-04 06:12:00,625.35,1522.06,924.71,30.93,2589.47,10077.12,1.895
2026-01-04 06:13:00,625.01,1516.96,923.67,31.25,2587.15,10071.28,1.754
2026-01-04 06:14:00,622.39,1520.74,924.08,31.25,2591.01,10058.91,1.727
2026-01-04 06:15:00,625.87,1526.44,927.66,31.65,2597.91,10123.06,1.859
2026-01-04 06:16:00,630.86,1525.5,928.04,31.15,2595.97,10076.49,1.711
2026-01-04 06:17:00,628.44,1512.52,926.34,31.3,2587.07,10079.65,1.736
2026-01-04 06:18:00,627.28,1522.64,926.76,31.02,2587.12,10074.87,1.758
2026-01-04 06:19:00,624.03,1518.58,924.85,30.85,2589.64,10080.31,1.725
2026-01-04 06:20:00,627.36,1526.76,923.14,31.14,2586.68,10093.31,1.826
2026-01-04 06:21:00,622.05,1511.88,921.74,31.25,2582.35,10085.88,1.83
2026-01-04 06:22:00,622.96,1515.59,923.14,30.5,2604.54,10030.62,1.738
2026-01-04 06:23:00,625.96,1524.93,923.85,30.94,2589.68,10103.93,1.745
2026-01-04 06:24:00,626.64,1526.65,925.74,30.99,2589.29,10082.37,1.759
2026-01-04 06:25:00,627.14,1523.19,927.96,31.01,2589.83,10089.81,1.85
2026-01-04 06:26:00,628.57,1516.48,926.53,31.37,2591.6,10086.34,1.809
2026-01-04 06:27:00,623.31,1518.95,924.13,30.88,2595.44,10079.11,1.831
2026-01-04 06:28:00,627.52,1524.11,922.36,30.76,2587.74,10066.1,1.739
2026-01-04 06:29:00,630.24,1521.0,928.5,31.26,2602.04,10103.91,1.878
2026-01-04 06:30:00,632.7,1531.62,923.8,31.45,2597.33,10093.96,1.898
2026-01-04 06:31:00,626.26,1522.36,924.56,31.26,2590.32,10076.07,1.715
2026-01-04 06:32:00,632.03,1524.88,926.43,31.36,2587.16,10092.66,1.798
2026-01-04 06:33:00,627.4,1518.76,924.49,31.13,2600.06,10064.02,1.677
2026-01-04 06:34:00,625.93,1520.49,925.4,31.5,2591.07,10089.38,1.898
2026-01-04 06:35:00,626.18,1525.06,928.73,30.79,2582.57,10093.21,2.013
2026-01-04 06:36:00,630.14,1522.82,929.85,31.58,2601.23,10107.18,1.92
2026-01-04 06:37:00,626.41,1527.74,926.06,30.98,2586.21,10080.43,1.812
2026-01-04 06:38:00,631.37,1528.16,924.53,31.12,2600.02,10107.55,1.861
2026-01-04 06:39:00,628.51,1520.16,925.74,31.16,2572.4,10093.2,1.881
2026-01-04 06:40:00,624.36,1507.48,919.47,30.37,2586.49,10014.07,1.665
2026-01-04 06:41:00,623.39,1511.23,925.58,31.2,2600.62,10063.01,1.813
2026-01-04 06:42:00,626.89,1529.42,920.23,30.54,2591.49,10065.91,1.809
2026-01-04 06:43:00,620.94,1523.73,927.14,31.0,2596.15,10063.63,1.791
2026-01-04 06:44:00,628.15,1526.9,920.57,31.34,2584.15,10063.75,1.775
2026-01-04 06:45:00,631.3,1523.11,928.49,32.16,2596.61,10127.11,1.874
2026-01-04 06:46:00,629.26,1517.21,925.27,30.16,2591.9,10076.57,1.74
2026-01-04 06:47:00,623.63,1513.18,921.73,31.05,2592.32,10038.24,1.727
2026-01-04 06:48:00,622.32,1509.47,927.11,31.43,2608.67,10089.06,1.854
2026-01-04 06:49:00,624.39,1516.07,920.35,30.58,2602.69,10086.58,1.826
2026-01-04 06:50:00,625.82,1521.49,921.89,30.98,2598.65,10088.0,1.832
2026-01-04 06:51:00,626.79,1520.66,920.79,31.05,2597.49,10055.75,1.88
2026-01-04 06:52:00,624.99,1526.81,927.54,31.2,2584.85,10083.29,1.819
2026-01-04 06:53:00,622.17,1514.78,922.74,30.23,2586.23,10028.46,1.762
2026-01-04 06:54:00,622.97,1516.5,927.38,30.73,2578.71,10053.49,1.853
2026-01-04 06:55:00,629.82,1523.72,924.25,31.27,2582.04,10085.17,1.97
2026-01-04 06:56:00,619.03,1520.66,923.35,30.8,2584.57,10071.23,1.779
2026-01-04 06:57:00,630.24,1527.31,932.21,31.49,2593.08,10113.83,1.891
2026-01-04 06:58:00,627.15,1523.99,925.03,31.84,2583.79,10121.02,1.841
2026-01-04 06:59:00,620.96,1517.08,922.34,31.06,2592.17,10092.52,1.76
2026-01-04 07:00:00,629.87,1514.69,926.59,30.92,2591.34,10094.66,1.835
2026-01-04 07:01:00,629.31,1511.36,922.61,31.08,2583.42,10092.7,1.884
2026-01-04 07:02:00,629.06,1523.06,921.28,31.03,2604.75,10093.96,1.77
2026-01-04 07:03:00,626.19,1513.34,926.83,30.8,2581.08,10071.77,1.906
2026-01-04 07:04:00,624.08,1519.06,928.03,30.23,2599.78,10050.19,1.766
2026-01-04 07:05:00,626.65,1522.18,923.44,31.63,2575.41,10117.11,1.823
2026-01-04 07:06:00,628.69,1518.89,925.9,31.45,2591.35,10092.61,1.896
2026-01-04 07:07:00,622.58,1515.06,924.28,30.62,2581.73,10062.27,1.83
2026-01-04 07:08:00,622.08,1517.46,919.72,30.36,2585.2,10039.66,1.73
2026-01-04 07:09:00,624.26,1512.41,923.25,30.55,2605.13,10045.38,1.689
2026-01-04 07:10:00,627.94,1525.25,930.51,30.53,2588.32,10056.77,1.941
2026-01-04 07:11:00,628.7,1519.28,921.09,31.21,2582.86,10072.25,1.832
2026-01-04 07:12:00,630.61,1520.86,921.31,30.88,2596.01,10082.8,1.977
2026-01-04 07:13:00,625.64,1511.0,916.21,30.46,2587.77,10044.53,1.754
2026-01-04 07:14:00,626.06,1526.25,926.55,31.56,2595.17,10130.57,1.898
2026-01-04 07:15:00,624.82,1517.64,919.04,30.79,2583.14,10040.37,1.691
2026-01-04 07:16:00,627.13,1516.84,927.76,31.08,2585.28,10085.07,1.749
2026-01-04 07:17:00,629.33,1524.86,923.1,31.97,2586.86,10109.77,1.817
2026-01-04 07:18:00,626.3,1506.21,920.7,31.18,2598.47,10082.1,1.96
2026-01-04 07:19:00,624.74,1522.03,923.94,31.19,2589.71,10067.82,1.832
2026-01-04 07:20:00,624.87,1514.73,921.96,30.82,2583.13,10067.46,1.901
2026-01-04 07:21:00,633.16,1534.72,930.32,31.36,2594.82,10119.28,2.023
2026-01-04 07:22:00,627.21,1523.28,926.59,31.38,2593.58,10104.16,1.923
2026-01-04 07:23:00,629.17,1529.77,936.79,31.42,2598.1,10118.83,1.933
2026-01-04 07:24:00,626.0,1519.61,927.73,30.8,2588.83,10097.54,1.851
2026-01-04 07:25:00,631.57,1520.08,919.98,30.96,2590.34,10053.18,1.917
2026-01-04 07:26:00,624.62,1516.84,923.78,30.41,2593.45,10030.64,1.811
2026-01-04 07:27:00,627.24,1525.16,927.11,31.2,2584.82,10102.96,1.937
2026-01-04 07:28:00,623.71,1517.01,922.04,30.58,2597.42,10037.11,1.762
2026-01-04 07:29:00,628.0,1528.0,927.04,31.03,2592.0,10076.68,1.878
2026-01-04 07:30:00,622.71,1521.95,926.86,31.44,2583.25,10081.44,1.861
2026-01-04 07:31:00,621.81,1511.05,917.17,29.84,2579.23,9979.71,1.713
2026-01-04 07:32:00,621.34,1520.61,923.9,31.01,2591.15,10078.66,1.711
2026-01-04 07:33:00,626.89,1521.7,925.75,31.31,2587.79,10085.03,1.856
2026-01-04 07:34:00,621.11,1522.73,923.47,30.7,2597.0,10053.25,1.838
2026-01-04 07:35:00,621.31,1521.44,924.24,31.35,2590.39,10097.59,1.761
2026-01-04 07:36:00,625.54,1508.97,925.1,30.97,2593.26,10050.15,1.811
2026-01-04 07:37:00,620.45,1518.9,924.85,30.42,2584.18,10053.45,1.826
2026-01-04 07:38:00,626.37,1520.44,929.2,30.64,2591.2,10064.08,1.9
2026-01-04 07:39:00,625.86,1518.32,923.99,30.79,2602.02,10067.1,1.839
2026-01-04 07:40:00,625.14,1517.87,923.42,30.61,2589.7,10051.28,1.856
2026-01-04 07:41:00,625.86,1529.42,927.04,31.58,2588.24,10096.98,1.829
2026-01-04 07:42:00,623.54,1515.79,919.21,30.56,2584.63,10068.3,1.79
2026-01-04 07:43:00,624.18,1525.85,926.76,30.83,2591.18,10062.87,1.799
2026-01-04 07:44:00,627.74,1520.67,922.74,30.85,2603.04,10073.9,1.784
2026-01-04 07:45:00,621.38,1511.09,921.71,30.58,2578.43,10011.63,1.747
2026-01-04 07:46:00,622.35,1508.13,916.97,30.21,2588.46,9999.18,1.797
2026-01-04 07:47:00,627.07,1518.77,925.02,30.92,2577.7,10064.88,1.856
2026-01-04 07:48:00,626.98,1531.13,931.48,31.77,2590.05,10114.22,1.893
2026-01-04 07:49:00,621.64,1518.16,922.57,30.64,2593.83,10073.01,1.844
2026-01-04 07:50:00,619.52,1513.08,918.12,30.46,2576.11,9996.53,1.859
2026-01-04 07:51:00,622.44,1512.39,914.96,29.65,2584.94,9989.93,1.853
2026-01-04 07:52:00,626.51,1513.79,923.39,31.4,2594.37,10081.23,1.839
2026-01-04 07:53:00,625.6,1519.23,926.98,30.72,2591.63,10043.63,1.918
2026-01-04 07:54:00,627.68,1524.51,926.02,30.94,2594.17,10065.98,1.927
2026-01-04 07:55:00,627.95,1515.96,918.31,30.75,2582.4,10033.59,1.797
2026-01-04 07:56:00,620.36,1512.36,921.43,31.27,2594.18,10076.32,1.774
2026-01-04 07:57:00,626.04,1517.96,918.8,31.15,2587.37,10084.29,1.801
2026-01-04 07:58:00,624.21,1507.64,919.76,30.34,2595.9,10033.39,1.792
2026-01-04 07:59:00,624.09,1510.74,918.31,30.68,2572.3,10048.78,1.774
2026-01-04 08:00:00,626.88,1521.05,919.4,30.91,2589.31,10070.47,1.739
2026-01-04 08:01:00,627.8,1518.26,922.87,30.77,2591.69,10051.59,1.718
2026-01-04 08:02:00,624.22,1520.68,919.62,31.0,2601.88,10056.36,1.771
2026-01-04 08:03:00,622.19,1524.18,924.52,31.44,2593.43,10098.82,1.797
2026-01-04 08:04:00,630.21,1511.05,922.88,30.37,2591.36,10024.73,1.626
2026-01-04 08:05:00,622.42,1512.86,920.75,30.37,2593.45,10039.98,1.858
2026-01-04 08:06:00,628.25,1518.41,927.73,31.77,2603.81,10125.85,1.951
2026-01-04 08:07:00,626.76,1515.89,913.75,30.05,2587.23,10035.85,1.835
2026-01-04 08:08:00,622.66,1516.57,919.89,30.26,2579.01,10034.49,1.618
2026-01-04 08:09:00,627.69,1515.84,926.21,31.04,2578.73,10066.77,1.799
2026-01-04 08:10:00,623.89,1510.46,929.04,30.9,2596.2,10051.25,1.837
2026-01-04 08:11:00,628.43,1509.4,924.02,30.09,2590.96,10007.42,1.863
2026-01-04 08:12:00,625.59,1526.89,922.55,30.71,2588.77,10049.67,1.973
2026-01-04 08:13:00,622.7,1519.06,919.78,30.85,2586.43,10057.23,1.807
2026-01-04 08:14:00,630.17,1516.21,926.47,31.05,2592.9,10065.99,1.826
2026-01-04 08:15:00,621.89,1511.41,916.64,29.69,2589.81,9980.46,1.78
2026-01-04 08:16:00,626.04,1529.55,925.65,30.97,2596.26,10090.9,1.789
2026-01-04 08:17:00,620.56,1520.73,925.34,30.9,2582.37,10060.48,1.748
2026-01-04 08:18:00,627.03,1517.83,914.2,31.31,2577.18,10061.95,1.881
2026-01-04 08:19:00,625.38,1509.67,918.89,29.67,2581.29,9992.46,1.805
2026-01-04 08:20:00,624.4,1517.61,916.63,30.7,2580.23,10055.27,1.789
2026-01-04 08:21:00,623.88,1512.63,922.23,30.28,2578.76,10028.21,1.656
2026-01-04 08:22:00,630.56,1526.52,930.1,31.92,2605.29,10098.74,1.673
2026-01-04 08:23:00,624.64,1514.18,922.16,29.91,2571.21,10011.64,1.761
2026-01-04 08:24:00,623.75,1521.99,929.51,30.79,2595.08,10062.55,1.808
2026-01-04 08:25:00,621.43,1517.53,921.08,30.41,2597.61,10037.73,1.77
2026-01-04 08:26:00,624.66,1508.83,925.18,30.12,2598.07,10033.06,1.857
2026-01-04 08:27:00,624.84,1515.32,916.49,29.95,2591.93,10021.12,1.793
2026-01-04 08:28:00,628.87,1525.1,925.22,30.66,2600.98,10039.29,1.633
2026-01-04 08:29:00,621.64,1505.13,913.59,30.46,2603.98,10021.29,1.935
2026-01-04 08:30:00,623.36,1508.25,919.93,30.06,2587.07,10015.46,1.57
2026-01-04 08:31:00,621.43,1512.8,916.39,30.53,2593.0,10013.6,1.725
2026-01-04 08:32:00,624.39,1517.26,918.6,29.84,2600.27,10030.18,1.703
2026-01-04 08:33:00,624.28,1498.05,919.12,30.1,2583.21,10031.33,1.823
2026-01-04 08:34:00,620.37,1513.78,921.1,29.76,2586.84,9997.8,1.653
2026-01-04 08:35:00,622.01,1502.99,920.42,30.4,2585.07,10030.6,1.836
2026-01-04 08:36:00,621.08,1507.07,917.54,30.06,2593.1,10013.51,1.744
2026-01-04 08:37:00,622.21,1505.49,919.18,30.17,2574.35,10016.68,1.83
2026-01-04 08:38:00,628.95,1517.26,926.12,31.41,2604.14,10096.7,1.651
2026-01-04 08:39:00,624.8,1516.73,921.51,30.71,2594.17,10026.06,1.764
2026-01-04 08:40:00,620.31,1517.51,918.33,30.45,2594.34,10018.75,1.83
2026-01-04 08:41:00,618.85,1516.5,921.86,30.39,2571.09,10028.6,1.691
2026-01-04 08:42:00,620.27,1503.27,916.44,29.82,2580.11,9988.18,1.773
2026-01-04 08:43:00,623.31,1514.75,919.43,30.81,2602.37,10040.12,1.814
2026-01-04 08:44:00,621.52,1513.12,923.24,31.21,2589.62,10055.32,1.825
2026-01-04 08:45:00,626.47,1516.58,919.7,31.23,2578.22,10080.42,1.799
2026-01-04 08:46:00,622.95,1524.44,920.49,30.81,2593.39,10070.17,1.877
2026-01-04 08:47:00,624.76,1519.87,918.0,30.54,2595.72,10036.03,1.816
2026-01-04 08:48:00,623.04,1504.47,918.19,30.03,2592.81,9991.6,1.774
2026-01-04 08:49:00,620.4,1513.72,924.04,30.61,2589.89,10056.68,1.76
2026-01-04 08:50:00,623.62,1509.63,919.99,30.25,2598.09,10002.92,1.682
2026-01-04 08:51:00,626.84,1511.28,924.52,30.75,2585.28,10051.54,1.84
2026-01-04 08:52:00,626.07,1520.95,926.13,31.51,2596.75,10090.99,1.781
2026-01-04 08:53:00,620.26,1508.71,915.04,29.6,2589.51,9988.08,1.864
2026-01-04 08:54:00,623.26,1507.57,918.01,29.99,2589.07,10031.97,1.948
2026-01-04 08:55:00,625.27,1517.16,927.94,30.79,2588.44,10066.49,1.759
2026-01-04 08:56:00,620.52,1506.16,919.59,29.89,2585.82,9991.66,1.686
2026-01-04 08:57:00,621.68,1512.32,918.47,30.02,2590.52,10035.26,1.824
2026-01-04 08:58:00,618.05,1510.93,919.62,30.34,2587.98,10036.94,1.814
2026-01-04 08:59:00,623.58,1515.99,918.5,30.65,2595.73,10025.19,1.777
2026-01-04 09:00:00,617.39,1507.93,909.19,29.87,2583.84,9980.35,1.788
2026-01-04 09:01:00,624.71,1517.59,921.8,30.84,2603.81,10060.97,1.867
2026-01-04 09:02:00,625.6,1516.24,917.91,29.89,2584.72,10012.19,1.707
2026-01-04 09:03:00,624.55,1510.07,920.16,30.91,2597.99,10044.83,1.728
2026-01-04 09:04:00,618.94,1507.8,914.38,30.1,2597.2,10015.6,1.622
2026-01-04 09:05:00,623.53,1510.18,919.66,30.21,2590.78,10014.48,1.636
2026-01-04 09:06:00,620.49,1512.06,915.01,30.33,2590.17,10017.28,1.697
2026-01-04 09:07:00,620.47,1514.49,919.39,30.24,2583.65,10015.3,1.745
2026-01-04 09:08:00,631.29,1520.16,926.69,31.26,2587.34,10066.6,1.88
2026-01-04 09:09:00,620.35,1513.13,920.97,30.66,2592.17,10039.27,1.841
2026-01-04 09:10:00,621.61,1501.22,912.73,29.78,2587.64,9977.16,1.777
2026-01-04 09:11:00,626.47,1511.12,915.12,30.49,2599.86,10038.72,1.776
2026-01-04 09:12:00,620.96,1496.71,912.84,29.56,2583.64,9958.59,1.904
2026-01-04 09:13:00,618.69,1510.45,920.05,29.89,2585.57,9995.69,1.66
2026-01-04 09:14:00,619.07,1516.64,923.83,29.98,2575.39,9995.26,1.735
2026-01-04 09:15:00,617.93,1507.77,916.51,29.91,2594.05,10000.24,1.786
2026-01-04 09:16:00,623.96,1516.0,918.44,30.49,2595.13,10046.74,1.712
2026-01-04 09:17:00,623.4,1515.28,924.83,30.17,2597.89,10030.49,1.761
2026-01-04 09:18:00,622.31,1508.78,919.24,30.54,2598.93,10045.58,1.682
2026-01-04 09:19:00,623.7,1506.51,916.63,29.89,2595.15,9998.63,1.731
2026-01-04 09:20:00,620.95,1510.96,918.53,30.58,2595.92,10009.8,1.885
2026-01-04 09:21:00,618.51,1512.76,917.73,30.59,2594.79,10026.3,1.795
2026-01-04 09:22:00,624.6,1508.77,915.42,29.87,2594.71,9992.62,1.907
2026-01-04 09:23:00,618.49,1508.58,918.22,29.93,2574.27,10002.97,1.875
2026-01-04 09:24:00,623.91,1509.17,918.75,30.52,2581.17,10027.88,1.665
2026-01-04 09:25:00,622.85,1512.04,912.85,30.51,2578.86,10001.98,1.669
2026-01-04 09:26:00,622.0,1518.47,916.71,30.65,2600.39,10034.43,1.903
2026-01-04 09:27:00,626.81,1508.48,921.94,30.25,2584.62,10051.34,1.795
2026-01-04 09:28:00,621.62,1501.09,916.75,30.38,2584.4,10012.6,1.652
2026-01-04 09:29:00,622.79,1509.89,922.82,30.49,2589.63,10017.73,1.851
2026-01-04 09:30:00,617.38,1510.55,917.58,31.04,2580.39,10037.41,1.914
2026-01-04 09:31:00,614.77,1503.39,920.83,29.48,2590.58,9965.28,1.85
2026-01-04 09:32:00,626.56,1506.24,916.3,29.59,2570.54,9966.49,1.772
2026-01-04 09:33:00,621.93,1506.98,916.9,30.28,2579.96,10012.64,1.865
2026-01-04 09:34:00,623.15,1505.93,915.03,29.77,2590.37,9997.26,1.799
2026-01-04 09:35:00,627.55,1514.39,917.4,30.04,2579.7,10019.17,1.698
2026-01-04 09:36:00,621.52,1508.2,914.02,30.46,2600.36,10027.61,1.872
2026-01-04 09:37:00,623.12,1517.84,921.05,30.07,2590.59,10034.13,1.771
2026-01-04 09:38:00,617.69,1518.44,924.81,29.77,2598.26,10007.96,1.914
2026-01-04 09:39:00,619.76,1501.67,919.88,30.27,2591.95,10005.11,1.736
2026-01-04 09:40:00,616.87,1493.41,908.64,29.73,2587.65,9970.49,1.717
2026-01-04 09:41:00,620.3,1510.06,919.08,30.36,2581.05,10003.5,1.676
2026-01-04 09:42:00,623.78,1511.64,919.39,30.56,2597.64,10033.88,1.847
2026-01-04 09:43:00,623.16,1509.67,922.89,30.04,2592.53,10002.95,1.914
2026-01-04 09:44:00,626.9,1508.26,920.15,30.73,2606.75,10030.51,1.85
2026-01-04 09:45:00,620.03,1506.58,927.4,29.95,2595.68,10004.17,1.77
2026-01-04 09:46:00,622.33,1509.46,919.82,29.82,2585.44,9993.08,1.718
2026-01-04 09:47:00,620.1,1506.4,913.1,29.58,2590.02,9969.6,1.683
2026-01-04 09:48:00,624.63,1504.93,911.62,29.88,2591.58,9982.45,1.844
2026-01-04 09:49:00,620.91,1508.7,917.02,30.05,2598.41,10005.54,1.714
2026-01-04 09:50:00,619.01,1505.86,916.44,29.33,2598.6,9977.87,1.575
2026-01-04 09:51:00,624.26,1513.63,915.14,30.21,2588.41,10020.91,2.018
2026-01-04 09:52:00,620.6,1504.6,920.06,30.05,2579.35,10004.82,1.788
2026-01-04 09:53:00,619.92,1503.97,916.53,29.62,2572.85,9968.99,1.705
2026-01-04 09:54:00,623.68,1517.98,919.94,30.07,2580.33,10014.3,1.719
2026-01-04 09:55:00,619.37,1504.81,914.87,30.35,2584.83,10017.36,1.819
2026-01-04 09:56:00,615.78,1498.31,913.41,28.65,2598.14,9928.42,1.611
2026-01-04 09:57:00,620.12,1507.5,922.51,30.04,2600.87,9995.5,1.707
2026-01-04 09:58:00,619.63,1504.1,914.88,30.39,2596.4,9995.55,1.791
2026-01-04 09:59:00,618.09,1506.18,913.84,30.19,2599.74,10025.92,1.712
2026-01-04 10:00:00,621.37,1504.34,915.06,29.77,2582.52,9981.76,1.652
2026-01-04 10:01:00,622.92,1509.09,916.25,30.06,2577.14,10009.48,1.726
2026-01-04 10:02:00,618.5,1510.52,911.64,29.8,2580.42,9989.29,1.729
2026-01-04 10:03:00,615.66,1498.09,915.06,29.44,2571.73,9977.45,1.723
2026-01-04 10:04:00,618.76,1501.33,909.6,29.88,2578.17,9953.49,1.701
2026-01-04 10:05:00,626.18,1515.72,914.81,30.67,2586.52,10043.22,1.82
2026-01-04 10:06:00,624.43,1515.62,921.64,30.08,2590.95,10018.83,1.721
2026-01-04 10:07:00,623.35,1507.04,921.4,29.71,2589.72,9993.42,1.779
2026-01-04 10:08:00,621.53,1512.61,927.47,30.26,2584.09,10018.37,1.73
2026-01-04 10:09:00,622.53,1506.42,914.01,29.69,2594.13,10017.78,1.766
2026-01-04 10:10:00,620.48,1509.69,918.98,30.14,2583.17,9990.84,1.702
2026-01-04 10:11:00,616.23,1508.45,910.02,29.38,2587.53,9962.87,1.585
2026-01-04 10:12:00,622.98,1517.51,920.19,30.41,2580.92,10023.53,1.805
2026-01-04 10:13:00,618.24,1507.55,916.82,30.09,2597.56,9998.9,1.845
2026-01-04 10:14:00,616.93,1505.4,908.77,29.93,2588.14,9976.44,1.762
2026-01-04 10:15:00,617.15,1499.88,916.09,29.72,2593.14,9969.73,1.637
2026-01-04 10:16:00,618.94,1502.52,916.48,30.01,2578.64,9986.62,1.644
2026-01-04 10:17:00,616.38,1497.33,913.99,29.75,2588.8,9961.75,1.797
2026-01-04 10:18:00,615.27,1508.78,913.55,29.92,2593.5,10000.74,1.795
2026-01-04 10:19:00,615.25,1504.21,919.97,30.44,2572.27,9993.11,1.768
2026-01-04 10:20:00,623.7,1505.9,917.27,29.9,2597.68,9985.83,1.817
2026-01-04 10:21:00,618.19,1504.46,915.45,29.69,2578.01,9977.34,1.796
2026-01-04 10:22:00,620.0,1493.34,919.09,29.23,2588.92,9957.52,1.736
2026-01-04 10:23:00,618.75,1502.26,913.76,29.64,2602.29,9976.89,1.854
2026-01-04 10:24:00,618.4,1501.24,912.36,29.55,2594.93,9958.89,1.865
2026-01-04 10:25:00,619.9,1506.44,922.76,30.35,2577.93,10024.78,1.884
2026-01-04 10:26:00,619.82,1511.23,917.87,30.47,2587.51,10001.15,1.823
2026-01-04 10:27:00,624.29,1511.14,918.88,29.72,2598.23,9986.44,1.759
2026-01-04 10:28:00,617.36,1503.74,914.74,29.72,2581.04,9966.3,1.737
2026-01-04 10:29:00,624.43,1510.48,923.45,29.43,2585.16,9978.13,1.803
2026-01-04 10:30:00,619.52,1506.32,917.33,30.44,2585.48,9992.02,1.71
2026-01-04 10:31:00,616.38,1508.58,911.2,29.32,2592.34,9971.46,1.733
2026-01-04 10:32:00,618.59,1496.85,915.68,30.15,2575.53,9972.67,1.691
2026-01-04 10:33:00,614.94,1495.93,909.35,28.7,2590.15,9903.73,1.679
2026-01-04 10:34:00,617.99,1510.46,914.57,29.56,2584.27,10009.44,1.703
2026-01-04 10:35:00,621.85,1510.83,923.22,30.36,2588.86,10001.51,1.745
2026-01-04 10:36:00,614.78,1508.77,910.92,29.72,2586.22,9977.66,1.711
2026-01-04 10:37:00,615.57,1486.43,912.92,28.85,2590.62,9921.15,1.784
2026-01-04 10:38:00,619.82,1504.61,920.58,29.98,2588.21,9986.97,1.843
2026-01-04 10:39:00,618.45,1498.18,911.35,29.75,2599.19,9968.48,1.781
2026-01-04 10:40:00,615.75,1499.51,913.65,29.22,2594.21,9933.29,1.589
2026-01-04 10:41:00,620.97,1498.45,913.11,30.08,2581.95,9985.1,1.797
2026-01-04 10:42:00,619.52,1502.07,918.16,29.86,2599.23,9985.16,1.819
2026-01-04 10:43:00,617.45,1498.92,909.15,29.34,2589.03,9938.05,1.685
2026-01-04 10:44:00,621.74,1500.49,915.59,28.97,2587.6,9931.89,1.768
2026-01-04 10:45:00,619.24,1506.77,914.25,29.62,2593.99,9956.64,1.801
2026-01-04 10:46:00,615.94,1500.66,910.44,29.24,2578.7,9952.22,1.593
2026-01-04 10:47:00,619.7,1499.07,909.28,28.52,2574.3,9908.65,1.766
2026-01-04 10:48:00,618.4,1505.3,914.48,29.36,2587.38,9955.97,1.709
2026-01-04 10:49:00,622.67,1507.45,910.85,29.16,2581.78,9941.96,1.605
2026-01-04 10:50:00,612.65,1491.11,914.86,29.82,2604.29,9969.31,1.749
2026-01-04 10:51:00,614.38,1498.96,910.94,28.68,2579.94,9927.22,1.672
2026-01-04 10:52:00,618.42,1508.03,914.46,30.34,2589.41,10005.12,1.834
2026-01-04 10:53:00,608.05,1489.44,908.84,28.48,2586.39,9896.23,1.729
2026-01-04 10:54:00,617.03,1497.25,909.95,28.54,2596.25,9935.89,1.754
2026-01-04 10:55:00,615.34,1493.79,911.07,28.69,2577.96,9923.55,1.638
2026-01-04 10:56:00,612.52,1493.38,912.36,29.35,2574.31,9956.8,1.695
2026-01-04 10:57:00,616.25,1506.01,910.55,29.61,2598.56,9961.93,1.706
2026-01-04 10:58:00,622.54,1507.71,914.53,29.87,2589.26,9992.98,1.808
2026-01-04 10:59:00,618.17,1497.08,906.72,28.6,2592.11,9916.36,1.805
2026-01-04 11:00:00,616.27,1505.19,912.54,29.68,2595.39,9991.02,1.798
2026-01-04 11:01:00,615.48,1504.82,908.1,29.3,2595.95,9969.69,1.671
2026-01-04 11:02:00,616.19,1486.14,905.95,28.76,2582.02,9900.98,1.649
2026-01-04 11:03:00,615.21,1508.0,914.13,30.2,2584.36,10016.93,1.809
2026-01-04 11:04:00,615.88,1493.15,910.73,28.8,2568.93,9897.3,1.774
2026-01-04 11:05:00,612.92,1502.8,910.62,28.97,2579.22,9955.97,1.718
2026-01-04 11:06:00,621.5,1501.58,909.61,28.97,2586.75,9932.27,1.762
2026-01-04 11:07:00,618.79,1503.42,911.9,30.18,2582.33,9975.6,1.618
2026-01-04 11:08:00,611.17,1490.9,916.98,28.9,2576.03,9903.94,1.642
2026-01-04 11:09:00,617.02,1507.4,909.14,29.11,2586.88,9938.0,1.77
2026-01-04 11:10:00,614.65,1490.82,910.9,28.33,2595.43,9892.02,1.485
2026-01-04 11:11:00,611.38,1498.0,913.08,29.7,2586.75,9956.47,1.814
2026-01-04 11:12:00,615.34,1489.48,917.13,29.57,2577.42,9938.24,1.743
2026-01-04 11:13:00,616.4,1495.5,911.43,28.69,2596.04,9922.26,1.707
2026-01-04 11:14:00,611.85,1499.95,913.04,29.22,2581.2,9961.48,1.568
2026-01-04 11:15:00,619.94,1502.07,914.39,29.53,2599.14,9959.27,1.805
2026-01-04 11:16:00,615.29,1493.9,910.97,29.2,2584.16,9932.47,1.865
2026-01-04 11:17:00,619.75,1496.15,915.59,29.81,2588.82,9977.11,1.724
2026-01-04 11:18:00,615.57,1500.68,910.2,29.54,2598.67,9930.32,1.667
2026-01-04 11:19:00,611.86,1487.41,918.77,28.43,2574.15,9899.13,1.659
2026-01-04 11:20:00,612.64,1499.9,913.57,29.11,2577.85,9932.14,1.768
2026-01-04 11:21:00,614.62,1503.18,910.26,29.31,2583.73,9934.42,1.791
2026-01-04 11:22:00,614.2,1503.63,909.14,29.05,2584.45,9914.66,1.741
2026-01-04 11:23:00,619.19,1494.59,912.24,29.23,2608.25,9954.28,1.705
2026-01-04 11:24:00,615.45,1500.41,911.66,28.93,2579.09,9930.79,1.795
2026-01-04 11:25:00,609.09,1488.72,909.64,28.45,2574.22,9891.13,1.586
2026-01-04 11:26:00,611.68,1495.54,908.4,29.01,2577.23,9892.6,1.772
2026-01-04 11:27:00,612.49,1499.98,916.4,28.97,2588.43,9940.34,1.82
2026-01-04 11:28:00,615.01,1492.4,906.34,28.99,2590.09,9929.7,1.675
2026-01-04 11:29:00,617.43,1494.07,911.51,29.36,2580.79,9937.08,1.853
2026-01-04 11:30:00,618.62,1497.91,909.68,28.9,2586.63,9937.69,1.793
2026-01-04 11:31:00,612.44,1488.76,906.59,28.75,2600.57,9900.14,1.684
2026-01-04 11:32:00,611.16,1490.68,906.09,28.25,2585.41,9903.2,1.659
2026-01-04 11:33:00,616.82,1502.56,916.71,29.69,2590.41,9972.97,1.803
2026-01-04 11:34:00,615.56,1495.06,909.47,29.21,2601.65,9939.6,1.663
2026-01-04 11:35:00,613.15,1491.61,913.82,28.56,2578.91,9887.07,1.79
2026-01-04 11:36:00,617.52,1494.59,912.78,27.94,2577.3,9859.02,1.609
2026-01-04 11:37:00,613.24,1496.42,911.44,29.07,2582.21,9924.92,1.9
2026-01-04 11:38:00,612.69,1487.64,904.3,28.61,2580.59,9895.27,1.704
2026-01-04 11:39:00,614.54,1498.47,916.53,29.5,2571.88,9937.35,1.607
2026-01-04 11:40:00,611.72,1488.77,907.21,28.94,2586.39,9907.47,1.794
2026-01-04 11:41:00,613.48,1509.66,911.54,29.24,2589.46,9970.06,1.708
2026-01-04 11:42:00,611.5,1489.64,910.73,28.81,2584.51,9925.71,1.554
2026-01-04 11:43:00,617.6,1491.84,905.12,28.57,2587.09,9902.74,1.838
2026-01-04 11:44:00,615.27,1494.83,912.73,28.59,2586.64,9889.03,1.895
2026-01-04 11:45:00,609.28,1481.87,906.48,27.84,2572.04,9837.44,1.681
2026-01-04 11:46:00,612.68,1490.5,918.43,28.28,2586.23,9872.3,1.716
2026-01-04 11:47:00,617.27,1492.58,910.24,29.59,2590.08,9915.63,1.733
2026-01-04 11:48:00,613.73,1493.87,911.06,29.15,2574.01,9945.85,1.769
2026-01-04 11:49:00,606.9,1487.64,911.44,28.79,2595.97,9881.22,1.646
2026-01-04 11:50:00,617.47,1494.97,906.47,29.25,2576.9,9945.87,1.719
2026-01-04 11:51:00,613.33,1497.5,911.93,28.46,2576.84,9924.45,1.688
2026-01-04 11:52:00,613.11,1490.2,911.71,29.1,2587.7,9927.87,1.706
2026-01-04 11:53:00,611.32,1490.14,912.87,28.86,2588.96,9891.85,1.582
2026-01-04 11:54:00,616.84,1495.63,920.78,29.19,2592.26,9926.59,1.782
2026-01-04 11:55:00,611.27,1491.69,903.89,28.15,2587.7,9853.95,1.659
2026-01-04 11:56:00,612.72,1488.53,914.12,29.3,2582.65,9946.59,1.778
2026-01-04 11:57:00,613.78,1494.16,911.49,28.1,2584.48,9864.31,1.699
2026-01-04 11:58:00,608.99,1489.28,909.25,28.38,2580.87,9858.98,1.473
2026-01-04 11:59:00,607.81,1481.35,907.13,27.86,2584.25,9844.76,1.681
2026-01-04 12:00:00,610.49,1494.85,910.96,28.58,2585.73,9904.58,1.755
2026-01-04 12:01:00,612.35,1485.7,904.06,28.52,2580.16,9879.4,1.602
2026-01-04 12:02:00,612.32,1496.15,914.81,28.64,2582.3,9902.1,1.687
2026-01-04 12:03:00,610.77,1487.94,901.37,28.23,2567.86,9840.25,1.615
2026-01-04 12:04:00,612.69,1487.25,900.93,28.1,2589.54,9845.85,1.678
2026-01-04 12:05:00,614.23,1495.0,910.62,28.76,2588.19,9920.84,1.689
2026-01-04 12:06:00,621.62,1498.1,908.65,28.59,2567.13,9914.93,1.558
2026-01-04 12:07:00,612.27,1493.98,907.3,28.52,2591.29,9898.68,1.606
2026-01-04 12:08:00,612.86,1490.54,907.28,29.22,2584.43,9896.23,1.732
2026-01-04 12:09:00,611.65,1494.8,907.8,28.96,2578.49,9925.4,1.74
2026-01-04 12:10:00,613.04,1495.88,905.65,28.81,2576.61,9895.24,1.873
2026-01-04 12:11:00,612.77,1480.47,911.91,28.14,2578.84,9883.16,1.675
2026-01-04 12:12:00,616.84,1491.43,911.95,28.63,2578.19,9916.52,1.561
2026-01-04 12:13:00,610.3,1492.32,902.37,28.77,2579.0,9909.82,1.809
2026-01-04 12:14:00,614.11,1491.69,909.79,28.92,2598.04,9885.45,1.758
2026-01-04 12:15:00,612.99,1489.87,906.74,28.27,2587.71,9893.22,1.619
2026-01-04 12:16:00,614.83,1485.87,902.34,28.12,2600.06,9868.47,1.73
2026-01-04 12:17:00,614.78,1489.17,903.02,28.08,2584.32,9835.98,1.665
2026-01-04 12:18:00,613.71,1488.61,910.74,28.77,2588.69,9875.78,1.599
2026-01-04 12:19:00,614.67,1483.49,911.59,29.08,2578.8,9921.64,1.727
2026-01-04 12:20:00,613.67,1491.42,907.19,28.44,2582.41,9868.09,1.617
2026-01-04 12:21:00,615.29,1490.35,906.88,28.82,2585.41,9927.39,1.592
2026-01-04 12:22:00,611.56,1485.11,906.64,27.76,2588.18,9854.1,1.64
2026-01-04 12:23:00,613.13,1481.82,908.17,27.64,2582.32,9841.38,1.697
2026-01-04 12:24:00,615.94,1486.41,898.96,27.92,2586.16,9857.47,1.652
2026-01-04 12:25:00,613.25,1494.97,909.57,28.68,2587.33,9894.96,1.632
2026-01-04 12:26:00,610.53,1485.07,902.88,27.51,2579.95,9832.34,1.682
2026-01-04 12:27:00,612.08,1492.83,915.89,28.75,2581.76,9900.08,1.67
2026-01-04 12:28:00,614.8,1484.11,911.3,28.01,2577.85,9853.87,1.582
2026-01-04 12:29:00,615.34,1493.83,909.2,28.81,2594.46,9920.67,1.722
2026-01-04 12:30:00,610.41,1489.16,906.97,28.36,2580.93,9857.52,1.638
2026-01-04 12:31:00,611.77,1482.64,906.88,28.18,2586.82,9879.18,1.819
2026-01-04 12:32:00,614.68,1497.03,909.35,29.35,2584.67,9923.82,1.777
2026-01-04 12:33:00,611.46,1490.59,901.78,28.4,2592.02,9862.0,1.724
2026-01-04 12:34:00,614.5,1492.92,907.13,28.31,2568.7,9889.92,1.539
2026-01-04 12:35:00,611.39,1488.42,905.06,28.56,2586.15,9867.16,1.722
2026-01-04 12:36:00,608.49,1486.89,910.76,28.54,2575.35,9909.93,1.767
2026-01-04 12:37:00,616.26,1489.57,906.99,28.87,2587.72,9889.45,1.549
2026-01-04 12:38:00,613.75,1497.65,906.3,28.85,2584.06,9905.96,1.624
2026-01-04 12:39:00,611.1,1490.82,902.34,27.53,2570.89,9841.29,1.583
2026-01-04 12:40:00,609.74,1481.63,905.14,27.38,2584.73,9823.58,1.717
2026-01-04 12:41:00,612.67,1483.67,903.57,28.18,2585.59,9869.11,1.761
2026-01-04 12:42:00,611.72,1493.33,902.91,28.68,2582.5,9883.18,1.614
2026-01-04 12:43:00,610.22,1488.89,902.5,28.17,2582.73,9863.21,1.567
2026-01-04 12:44:00,611.91,1492.23,912.56,28.34,2585.4,9877.17,1.498
2026-01-04 12:45:00,616.61,1484.84,908.13,28.36,2593.42,9874.26,1.536
2026-01-04 12:46:00,610.06,1486.9,906.73,27.59,2580.69,9853.73,1.595
2026-01-04 12:47:00,609.82,1482.96,898.59,28.42,2591.69,9863.55,1.608
2026-01-04 12:48:00,607.57,1482.2,905.82,27.96,2581.51,9817.95,1.627
2026-01-04 12:49:00,613.7,1491.54,912.17,28.87,2595.33,9899.13,1.733
2026-01-04 12:50:00,614.21,1494.26,908.64,28.41,2582.61,9887.0,1.695
2026-01-04 12:51:00,609.46,1484.29,901.49,27.97,2578.2,9862.19,1.605
2026-01-04 12:52:00,610.28,1488.95,902.3,27.82,2574.43,9854.06,1.644
2026-01-04 12:53:00,612.59,1486.23,902.63,27.85,2583.06,9857.11,1.589
2026-01-04 12:54:00,612.18,1487.31,902.63,28.79,2577.27,9864.44,1.624
2026-01-04 12:55:00,609.82,1481.39,898.75,28.04,2594.36,9851.86,1.631
2026-01-04 12:56:00,608.79,1487.79,904.02,28.61,2577.12,9876.51,1.729
2026-01-04 12:57:00,616.2,1493.68,906.45,29.26,2580.57,9928.11,1.781
2026-01-04 12:58:00,604.96,1482.46,905.02,28.02,2587.53,9845.53,1.58
2026-01-04 12:59:00,609.19,1483.66,900.61,27.75,2592.39,9846.0,1.648
2026-01-04 13:00:00,609.09,1481.11,902.21,27.98,2588.33,9835.16,1.696
2026-01-04 13:01:00,615.05,1493.43,911.68,28.21,2592.86,9884.4,1.664
2026-01-04 13:02:00,609.88,1493.76,906.98,28.54,2583.46,9876.82,1.641
2026-01-04 13:03:00,607.7,1488.62,901.96,27.67,2582.2,9841.55,1.724
2026-01-04 13:04:00,611.64,1487.46,905.03,28.23,2600.06,9873.31,1.718
2026-01-04 13:05:00,608.37,1483.57,900.12,27.87,2596.39,9845.12,1.643
2026-01-04 13:06:00,606.6,1483.74,900.89,28.63,2589.5,9868.92,1.59
2026-01-04 13:07:00,609.42,1483.79,904.42,27.11,2590.94,9825.16,1.506
2026-01-04 13:08:00,614.1,1479.04,905.44,28.81,2590.48,9864.3,1.675
2026-01-04 13:09:00,612.38,1490.59,904.76,28.01,2573.93,9863.34,1.708
2026-01-04 13:10:00,606.64,1484.52,903.13,27.87,2582.33,9839.47,1.558
2026-01-04 13:11:00,610.64,1487.61,902.08,28.31,2595.53,9862.79,1.738
2026-01-04 13:12:00,612.29,1488.59,908.46,27.95,2588.31,9837.04,1.614
2026-01-04 13:13:00,606.8,1488.54,906.38,28.35,2582.86,9858.0,1.517
2026-01-04 13:14:00,611.79,1487.2,906.9,28.57,2596.25,9879.0,1.71
2026-01-04 13:15:00,613.9,1476.77,907.79,28.38,2585.49,9836.51,1.633
2026-01-04 13:16:00,607.16,1488.63,908.47,28.42,2589.7,9865.48,1.65
2026-01-04 13:17:00,608.51,1481.82,904.36,27.68,2585.06,9824.49,1.7
2026-01-04 13:18:00,607.76,1483.63,904.74,27.45,2586.0,9814.44,1.746
2026-01-04 13:19:00,609.52,1488.3,906.44,27.82,2587.74,9844.38,1.693
2026-01-04 13:20:00,613.13,1485.97,903.79,28.15,2592.82,9833.81,1.606
2026-01-04 13:21:00,609.98,1478.37,903.05,27.73,2592.2,9791.05,1.472
2026-01-04 13:22:00,607.98,1474.8,899.61,28.07,2578.78,9832.88,1.688
2026-01-04 13:23:00,606.55,1487.26,900.02,27.02,2585.2,9831.98,1.642
2026-01-04 13:24:00,611.5,1475.44,903.37,27.14,2592.21,9824.05,1.57
2026-01-04 13:25:00,613.59,1485.41,904.16,28.76,2584.17,9905.71,1.65
2026-01-04 13:26:00,609.86,1482.72,906.39,27.91,2572.32,9843.3,1.766
2026-01-04 13:27:00,613.0,1487.41,906.58,28.37,2576.77,9875.42,1.745
2026-01-04 13:28:00,611.05,1481.73,909.53,28.35,2576.33,9849.76,1.741
2026-01-04 13:29:00,606.88,1479.97,899.89,28.12,2578.73,9832.95,1.723
2026-01-04 13:30:00,605.8,1481.39,903.34,27.61,2575.64,9812.84,1.646
2026-01-04 13:31:00,608.86,1476.33,901.08,27.42,2590.55,9831.09,1.555
2026-01-04 13:32:00,603.96,1479.9,903.39,27.52,2580.18,9833.12,1.647
2026-01-04 13:33:00,605.54,1467.8,901.59,27.26,2590.71,9787.44,1.661
2026-01-04 13:34:00,605.78,1475.11,902.35,27.61,2572.38,9807.97,1.613
2026-01-04 13:35:00,608.5,1473.68,903.09,27.35,2579.07,9820.11,1.651
2026-01-04 13:36:00,606.46,1485.57,904.39,27.66,2582.23,9807.24,1.666
2026-01-04 13:37:00,610.38,1483.45,902.45,27.73,2589.92,9859.69,1.735
2026-01-04 13:38:00,608.04,1475.37,903.39,27.3,2591.97,9843.93,1.722
2026-01-04 13:39:00,608.96,1469.71,905.79,27.67,2578.3,9838.56,1.614
2026-01-04 13:40:00,609.23,1473.83,900.57,28.12,2590.21,9829.66,1.531
2026-01-04 13:41:00,604.92,1465.18,893.24,27.41,2566.52,9770.68,1.72
2026-01-04 13:42:00,606.85,1477.06,901.6,26.89,2587.74,9791.13,1.637
2026-01-04 13:43:00,610.14,1487.41,904.78,27.81,2572.78,9861.74,1.636
2026-01-04 13:44:00,603.61,1467.99,893.2,27.27,2583.69,9774.46,1.451
2026-01-04 13:45:00,606.59,1475.09,902.59,28.03,2592.38,9857.58,1.714
2026-01-04 13:46:00,614.72,1479.3,902.67,28.45,2590.35,9855.04,1.694
2026-01-04 13:47:00,606.22,1476.95,894.1,27.77,2568.56,9814.48,1.604
2026-01-04 13:48:00,607.95,1471.06,902.64,27.83,2578.15,9815.79,1.658
2026-01-04 13:49:00,605.51,1467.58,894.9,27.44,2587.6,9819.38,1.743
2026-01-04 13:50:00,611.57,1487.59,908.78,28.13,2588.5,9848.39,1.549
2026-01-04 13:51:00,606.32,1485.2,903.44,28.31,2584.56,9831.81,1.729
2026-01-04 13:52:00,606.73,1479.71,902.05,27.77,2564.52,9826.16,1.56
2026-01-04 13:53:00,612.37,1483.08,908.3,28.07,2592.78,9853.52,1.559
2026-01-04 13:54:00,605.08,1490.29,905.43,27.72,2593.43,9833.57,1.618
2026-01-04 13:55:00,606.61,1473.49,896.42,26.78,2581.74,9782.56,1.715
2026-01-04 13:56:00,604.43,1474.26,902.58,26.6,2581.33,9758.57,1.528
2026-01-04 13:57:00,603.35,1478.47,899.94,27.69,2586.7,9840.2,1.634
2026-01-04 13:58:00,606.22,1482.22,902.22,26.85,2592.38,9789.21,1.492
2026-01-04 13:59:00,600.95,1472.58,894.86,26.73,2582.24,9777.58,1.644
2026-01-04 14:00:00,603.96,1480.29,896.82,26.97,2580.13,9814.17,1.558
2026-01-04 14:01:00,611.31,1473.96,898.68,27.1,2583.85,9791.97,1.575
2026-01-04 14:02:00,611.39,1482.54,902.71,28.33,2583.34,9859.64,1.731
2026-01-04 14:03:00,608.96,1477.44,904.16,27.01,2580.16,9775.42,1.547
2026-01-04 14:04:00,605.52,1470.66,902.4,27.26,2566.79,9794.97,1.648
2026-01-04 14:05:00,602.98,1473.62,893.69,27.4,2584.71,9784.88,1.632
2026-01-04 14:06:00,603.48,1471.72,896.2,27.55,2589.64,9778.26,1.622
2026-01-04 14:07:00,604.3,1472.71,899.83,27.82,2588.81,9787.95,1.528
2026-01-04 14:08:00,603.92,1484.67,902.85,27.92,2590.21,9838.24,1.658
2026-01-04 14:09:00,615.23,1487.0,905.52,28.02,2582.77,9853.62,1.64
2026-01-04 14:10:00,607.92,1480.86,902.52,27.39,2582.56,9807.23,1.601
2026-01-04 14:11:00,604.63,1473.42,895.05,27.47,2590.41,9794.12,1.671
2026-01-04 14:12:00,606.39,1470.56,903.84,26.92,2586.68,9764.8,1.494
2026-01-04 14:13:00,601.7,1468.87,899.82,26.98,2591.82,9769.7,1.545
2026-01-04 14:14:00,607.88,1489.12,902.46,27.74,2576.83,9828.33,1.636
2026-01-04 14:15:00,610.2,1469.17,897.16,26.84,2574.67,9774.11,1.722
2026-01-04 14:16:00,608.93,1485.52,907.02,27.48,2580.48,9852.08,1.509
2026-01-04 14:17:00,608.91,1482.69,903.56,27.75,2575.14,9840.37,1.661
2026-01-04 14:18:00,603.84,1467.15,896.91,27.21,2568.83,9756.01,1.575
2026-01-04 14:19:00,604.93,1473.74,899.79,27.43,2583.86,9774.16,1.661
2026-01-04 14:20:00,603.97,1474.44,898.74,27.21,2583.02,9766.72,1.539
2026-01-04 14:21:00,611.94,1471.27,893.66,27.15,2582.68,9789.67,1.594
2026-01-04 14:22:00,604.41,1472.7,898.06,26.97,2583.24,9781.93,1.534
2026-01-04 14:23:00,609.18,1486.92,907.63,28.65,2571.97,9866.04,1.63
2026-01-04 14:24:00,605.67,1471.35,898.87,26.45,2575.16,9745.76,1.633
2026-01-04 14:25:00,603.41,1471.0,898.33,27.54,2579.15,9809.82,1.657
2026-01-04 14:26:00,609.78,1478.08,900.44,27.82,2581.48,9799.47,1.596
2026-01-04 14:27:00,605.63,1475.77,902.62,27.41,2569.36,9798.16,1.688
2026-01-04 14:28:00,606.6,1479.59,903.54,27.43,2574.0,9807.88,1.818
2026-01-04 14:29:00,605.01,1471.02,897.72,27.33,2576.5,9771.15,1.536
2026-01-04 14:30:00,605.34,1473.77,901.87,27.48,2589.78,9805.23,1.664
2026-01-04 14:31:00,609.12,1479.88,901.1,27.09,2582.09,9771.34,1.603
2026-01-04 14:32:00,608.1,1480.49,901.69,27.65,2588.89,9789.92,1.698
2026-01-04 14:33:00,608.14,1471.29,900.03,27.01,2580.87,9819.07,1.587
2026-01-04 14:34:00,604.45,1477.88,900.05,27.87,2582.28,9829.76,1.719
2026-01-04 14:35:00,606.51,1469.6,906.3,27.69,2586.57,9837.83,1.636
2026-01-04 14:36:00,605.59,1470.81,904.19,27.53,2580.25,9814.28,1.609
2026-01-04 14:37:00,608.06,1475.75,896.09,26.96,2574.67,9762.77,1.607
2026-01-04 14:38:00,601.11,1467.58,898.4,26.82,2567.93,9767.62,1.61
2026-01-04 14:39:00,603.65,1475.09,898.51,27.02,2574.99,9765.55,1.524
2026-01-04 14:40:00,608.71,1476.58,899.14,27.29,2587.16,9783.52,1.61
2026-01-04 14:41:00,602.37,1469.72,897.61,27.03,2589.89,9766.4,1.704
2026-01-04 14:42:00,602.26,1468.39,899.78,26.82,2573.06,9752.05,1.494
2026-01-04 14:43:00,607.61,1474.72,892.44,26.62,2564.93,9740.52,1.618
2026-01-04 14:44:00,603.51,1471.07,892.75,26.73,2586.53,9748.62,1.667
2026-01-04 14:45:00,607.11,1481.57,900.44,27.44,2581.72,9801.45,1.617
2026-01-04 14:46:00,604.63,1457.58,895.43,26.66,2568.77,9759.78,1.574
2026-01-04 14:47:00,603.87,1471.65,899.74,27.11,2554.34,9751.62,1.588
2026-01-04 14:48:00,604.8,1462.19,897.47,27.2,2572.85,9785.64,1.535
2026-01-04 14:49:00,605.15,1467.87,896.2,26.7,2575.56,9752.44,1.571
2026-01-04 14:50:00,603.69,1473.59,898.24,27.34,2571.4,9787.23,1.747
2026-01-04 14:51:00,610.71,1471.17,903.65,27.3,2586.43,9794.37,1.605
2026-01-04 14:52:00,602.81,1468.33,899.32,27.22,2573.11,9761.4,1.595
2026-01-04 14:53:00,606.85,1469.9,893.52,27.32,2580.29,9776.29,1.528
2026-01-04 14:54:00,607.18,1476.45,900.87,27.31,2599.77,9791.44,1.645
2026-01-04 14:55:00,602.38,1465.26,899.3,26.98,2580.02,9747.82,1.501
2026-01-04 14:56:00,604.8,1466.53,895.89,26.76,2578.04,9744.88,1.568
2026-01-04 14:57:00,607.23,1479.01,902.39,27.21,2580.68,9808.07,1.407
2026-01-04 14:58:00,601.93,1478.56,903.47,27.65,2586.54,9801.86,1.622
2026-01-04 14:59:00,605.61,1484.99,898.6,26.71,2584.83,9783.39,1.621
2026-01-04 15:00:00,603.21,1476.26,900.59,26.25,2572.24,9778.33,1.545
2026-01-04 15:01:00,602.63,1467.04,891.69,26.87,2575.64,9743.86,1.54
2026-01-04 15:02:00,606.63,1476.22,902.02,27.77,2576.55,9820.07,1.578
2026-01-04 15:03:00,607.5,1478.94,895.42,26.88,2576.95,9751.05,1.641
2026-01-04 15:04:00,604.58,1471.92,901.56,27.94,2596.32,9815.27,1.586
2026-01-04 15:05:00,601.99,1472.89,902.76,27.1,2585.14,9776.53,1.714
2026-01-04 15:06:00,601.92,1472.78,894.71,26.97,2579.46,9773.86,1.716
2026-01-04 15:07:00,609.07,1472.43,900.61,27.34,2590.28,9779.77,1.61
2026-01-04 15:08:00,612.65,1476.58,897.92,27.25,2582.71,9802.37,1.744
2026-01-04 15:09:00,608.89,1469.34,894.56,27.03,2567.07,9775.8,1.719
2026-01-04 15:10:00,602.0,1478.14,898.41,27.36,2594.12,9792.15,1.646
2026-01-04 15:11:00,598.2,1459.45,893.69,26.33,2576.3,9708.48,1.491
2026-01-04 15:12:00,600.72,1470.01,894.67,26.35,2560.08,9723.27,1.6
2026-01-04 15:13:00,609.68,1471.26,904.92,27.64,2569.42,9828.39,1.657
2026-01-04 15:14:00,608.44,1467.63,894.76,26.75,2588.99,9770.73,1.557
2026-01-04 15:15:00,606.05,1479.92,897.34,26.54,2566.39,9747.16,1.746
2026-01-04 15:16:00,603.13,1468.48,901.28,27.09,2589.55,9739.37,1.632
2026-01-04 15:17:00,602.38,1470.04,897.05,26.88,2580.35,9763.79,1.501
2026-01-04 15:18:00,602.12,1469.85,893.7,26.66,2584.38,9737.15,1.612
2026-01-04 15:19:00,603.96,1469.61,895.18,26.71,2578.07,9774.75,1.607
2026-01-04 15:20:00,607.67,1469.21,901.9,27.87,2584.76,9786.23,1.646
2026-01-04 15:21:00,601.55,1460.3,894.81,26.45,2581.38,9741.87,1.569
2026-01-04 15:22:00,606.29,1473.25,899.11,27.37,2581.6,9820.37,1.533
2026-01-04 15:23:00,606.0,1472.55,896.24,26.87,2571.01,9759.31,1.678
2026-01-04 15:24:00,605.92,1473.13,897.92,27.1,2583.75,9794.14,1.76
2026-01-04 15:25:00,603.09,1473.95,899.64,26.83,2564.54,9747.75,1.553
2026-01-04 15:26:00,609.62,1487.88,899.14,27.47,2589.93,9835.05,1.633
2026-01-04 15:27:00,605.33,1476.91,893.33,27.52,2582.17,9786.68,1.701
2026-01-04 15:28:00,602.34,1469.81,895.5,27.37,2584.01,9779.13,1.568
2026-01-04 15:29:00,604.43,1467.01,893.12,26.53,2557.58,9733.24,1.646
2026-01-04 15:30:00,607.44,1473.8,895.18,26.35,2570.16,9749.88,1.582
2026-01-04 15:31:00,606.49,1478.66,898.57,27.04,2576.57,9787.28,1.547
2026-01-04 15:32:00,606.4,1478.46,899.9,27.18,2585.78,9781.6,1.561
2026-01-04 15:33:00,607.98,1473.27,898.08,27.11,2573.62,9801.27,1.617
2026-01-04 15:34:00,605.34,1476.9,901.83,26.87,2600.67,9778.9,1.609
2026-01-04 15:35:00,604.22,1470.3,895.68,26.8,2576.35,9731.77,1.485
2026-01-04 15:36:00,604.57,1474.76,896.65,27.0,2571.64,9765.57,1.613
2026-01-04 15:37:00,602.8,1476.58,895.89,26.45,2576.57,9721.78,1.394
2026-01-04 15:38:00,605.21,1466.81,884.82,26.72,2571.01,9735.95,1.633
2026-01-04 15:39:00,606.95,1474.91,897.35,27.04,2570.65,9774.63,1.665
2026-01-04 15:40:00,603.84,1473.91,899.5,27.22,2588.69,9786.89,1.55
2026-01-04 15:41:00,607.55,1472.2,896.03,27.26,2584.44,9779.94,1.611
2026-01-04 15:42:00,601.46,1466.41,898.38,27.41,2584.64,9784.45,1.575
2026-01-04 15:43:00,603.65,1468.08,894.93,27.0,2589.7,9758.31,1.561
2026-01-04 15:44:00,603.63,1462.28,894.46,26.82,2582.08,9724.71,1.552
2026-01-04 15:45:00,606.84,1463.76,891.43,26.98,2571.26,9766.33,1.587
2026-01-04 15:46:00,598.72,1462.01,894.93,26.14,2583.94,9726.98,1.532
2026-01-04 15:47:00,599.66,1461.23,891.1,26.39,2568.12,9697.63,1.577
2026-01-04 15:48:00,604.37,1476.36,897.79,26.73,2575.41,9751.73,1.71
2026-01-04 15:49:00,601.56,1461.01,893.55,26.3,2577.95,9728.09,1.612
2026-01-04 15:50:00,601.48,1475.55,900.56,27.07,2578.36,9759.47,1.579
2026-01-04 15:51:00,606.15,1473.9,898.55,27.5,2566.82,9800.86,1.719
2026-01-04 15:52:00,598.74,1467.65,896.78,26.38,2571.21,9744.51,1.677
2026-01-04 15:53:00,606.8,1470.32,894.95,26.94,2579.0,9750.25,1.659
2026-01-04 15:54:00,605.17,1474.25,895.48,26.81,2572.94,9715.62,1.601
2026-01-04 15:55:00,598.16,1458.13,895.87,26.11,2585.87,9690.78,1.587
2026-01-04 15:56:00,599.9,1466.49,900.29,26.59,2589.19,9740.93,1.636
2026-01-04 15:57:00,601.96,1466.85,886.42,26.13,2569.51,9732.16,1.671
2026-01-04 15:58:00,600.76,1468.07,894.62,27.3,2579.71,9751.72,1.535
2026-01-04 15:59:00,605.62,1476.49,894.98,26.99,2592.92,9778.08,1.595
2026-01-04 16:00:00,600.39,1461.99,890.51,26.32,2577.8,9742.51,1.656
2026-01-04 16:01:00,601.05,1471.51,894.19,26.66,2575.5,9739.44,1.591
2026-01-04 16:02:00,605.16,1466.5,894.58,26.38,2584.07,9699.01,1.565
2026-01-04 16:03:00,602.62,1471.17,896.51,27.59,2578.56,9790.76,1.685
2026-01-04 16:04:00,605.49,1476.26,893.33,26.86,2590.12,9770.24,1.526
2026-01-04 16:05:00,601.04,1470.92,897.28,26.74,2574.38,9749.26,1.664
2026-01-04 16:06:00,601.14,1462.95,889.63,26.46,2574.42,9725.56,1.501
2026-01-04 16:07:00,602.39,1469.66,890.79,26.76,2584.71,9729.87,1.547
2026-01-04 16:08:00,604.46,1462.96,895.65,27.12,2580.6,9766.09,1.473
2026-01-04 16:09:00,604.89,1469.72,898.02,27.02,2580.6,9764.48,1.561
2026-01-04 16:10:00,602.08,1468.42,896.28,26.56,2562.55,9715.36,1.613
2026-01-04 16:11:00,599.92,1459.2,893.25,25.89,2574.65,9706.5,1.578
2026-01-04 16:12:00,601.33,1471.83,893.51,27.2,2587.08,9775.73,1.586
2026-01-04 16:13:00,607.38,1479.61,900.65,27.79,2575.86,9826.1,1.674
2026-01-04 16:14:00,607.15,1474.11,895.02,26.61,2584.31,9738.19,1.618
2026-01-04 16:15:00,605.75,1470.4,897.76,26.83,2581.7,9760.03,1.509
2026-01-04 16:16:00,602.58,1466.54,888.25,26.49,2576.61,9725.38,1.661
2026-01-04 16:17:00,604.95,1471.99,895.71,26.55,2589.8,9744.22,1.632
2026-01-04 16:18:00,602.22,1470.03,897.51,27.6,2576.92,9762.19,1.481
2026-01-04 16:19:00,598.44,1472.38,897.48,26.6,2575.43,9709.61,1.694
2026-01-04 16:20:00,600.95,1463.59,893.07,27.25,2578.12,9766.62,1.577
2026-01-04 16:21:00,602.99,1469.0,895.69,26.45,2579.22,9734.89,1.495
2026-01-04 16:22:00,608.91,1467.49,897.86,26.63,2585.6,9757.76,1.492
2026-01-04 16:23:00,601.76,1465.05,895.59,26.77,2567.56,9754.51,1.467
2026-01-04 16:24:00,607.48,1470.94,897.32,27.27,2587.57,9787.47,1.575
2026-01-04 16:25:00,605.86,1473.14,896.4,26.87,2581.14,9786.79,1.553
2026-01-04 16:26:00,601.37,1468.84,891.45,26.77,2583.22,9740.37,1.494
2026-01-04 16:27:00,598.95,1467.16,895.5,26.85,2597.71,9734.85,1.554
2026-01-04 16:28:00,602.91,1468.76,896.27,26.41,2575.69,9765.88,1.721
2026-01-04 16:29:00,604.7,1465.15,897.68,26.64,2569.68,9757.99,1.538
2026-01-04 16:30:00,603.42,1469.16,897.44,26.72,2579.62,9721.87,1.546
2026-01-04 16:31:00,593.44,1461.85,894.84,26.42,2580.61,9714.6,1.613
2026-01-04 16:32:00,604.11,1466.26,892.15,26.55,2586.14,9750.14,1.734
2026-01-04 16:33:00,600.23,1466.87,891.85,26.96,2574.87,9750.32,1.604
2026-01-04 16:34:00,600.7,1462.2,895.56,26.11,2570.92,9708.81,1.601
2026-01-04 16:35:00,604.79,1467.38,897.49,26.67,2566.78,9746.89,1.655
2026-01-04 16:36:00,608.0,1472.16,899.5,26.5,2568.28,9751.46,1.629
2026-01-04 16:37:00,602.36,1467.08,895.66,26.82,2575.98,9753.54,1.459
2026-01-04 16:38:00,598.35,1453.35,885.77,26.15,2575.51,9680.0,1.486
2026-01-04 16:39:00,598.34,1465.53,891.56,26.74,2595.98,9757.43,1.651
2026-01-04 16:40:00,604.11,1469.63,898.86,26.88,2565.48,9746.2,1.544
2026-01-04 16:41:00,597.49,1465.56,890.86,25.73,2578.64,9667.43,1.437
2026-01-04 16:42:00,604.62,1464.73,894.78,26.53,2571.77,9709.18,1.543
2026-01-04 16:43:00,601.25,1464.67,890.83,26.17,2579.46,9711.7,1.61
2026-01-04 16:44:00,601.09,1461.79,891.53,26.93,2574.04,9731.86,1.619
2026-01-04 16:45:00,603.82,1472.71,899.21,27.29,2588.53,9777.91,1.611
2026-01-04 16:46:00,606.08,1468.95,894.1,27.28,2588.8,9785.91,1.465
2026-01-04 16:47:00,602.05,1466.22,893.29,26.32,2576.64,9708.39,1.581
2026-01-04 16:48:00,599.67,1468.07,899.62,26.33,2589.69,9724.52,1.471
2026-01-04 16:49:00,602.25,1467.5,888.02,26.47,2584.72,9736.33,1.626
2026-01-04 16:50:00,602.31,1469.05,891.59,26.58,2589.5,9729.27,1.607
2026-01-04 16:51:00,602.85,1465.06,894.34,26.27,2578.21,9734.38,1.536
2026-01-04 16:52:00,605.41,1464.7,892.78,26.57,2586.65,9746.51,1.48
2026-01-04 16:53:00,600.92,1468.07,896.82,26.85,2574.0,9775.2,1.697
2026-01-04 16:54:00,605.86,1476.75,902.53,27.13,2572.88,9767.24,1.624
2026-01-04 16:55:00,600.69,1460.42,889.16,26.25,2594.54,9697.0,1.483
2026-01-04 16:56:00,601.67,1467.14,894.55,27.33,2571.25,9769.71,1.721
2026-01-04 16:57:00,605.08,1471.49,892.41,26.8,2576.04,9759.29,1.599
2026-01-04 16:58:00,601.11,1466.51,889.87,26.4,2563.47,9736.82,1.53
2026-01-04 16:59:00,598.92,1460.26,897.18,26.57,2572.93,9763.58,1.683
2026-01-04 17:00:00,593.24,1474.02,888.9,26.48,2570.11,9721.56,1.637
2026-01-04 17:01:00,598.79,1464.02,889.86,26.5,2571.87,9700.16,1.607
2026-01-04 17:02:00,600.33,1462.25,893.7,26.38,2580.42,9720.6,1.592
2026-01-04 17:03:00,598.47,1456.78,890.61,26.02,2581.14,9689.38,1.464
2026-01-04 17:04:00,602.81,1462.72,890.49,26.46,2570.17,9725.69,1.49
2026-01-04 17:05:00,599.66,1460.53,889.57,26.31,2571.22,9708.15,1.533
2026-01-04 17:06:00,595.89,1460.98,885.73,26.21,2585.3,9684.87,1.393
2026-01-04 17:07:00,602.9,1463.04,897.91,27.01,2592.07,9730.97,1.601
2026-01-04 17:08:00,601.72,1469.86,894.42,27.01,2589.57,9759.19,1.59
2026-01-04 17:09:00,605.69,1468.66,893.16,26.56,2564.9,9721.71,1.577
2026-01-04 17:10:00,601.81,1456.01,888.0,26.15,2586.95,9705.39,1.689
2026-01-04 17:11:00,597.73,1467.84,896.25,26.39,2592.92,9722.26,1.482
2026-01-04 17:12:00,602.26,1465.24,893.83,26.96,2566.29,9767.68,1.613
2026-01-04 17:13:00,601.68,1459.95,893.99,26.28,2586.59,9718.28,1.48
2026-01-04 17:14:00,601.38,1466.21,891.15,26.3,2579.42,9710.13,1.668
2026-01-04 17:15:00,598.74,1471.6,896.01,27.09,2577.05,9762.91,1.516
2026-01-04 17:16:00,600.07,1458.72,886.58,25.86,2577.13,9675.83,1.698
2026-01-04 17:17:00,602.12,1458.97,895.85,26.25,2581.3,9713.79,1.491
2026-01-04 17:18:00,600.17,1463.35,888.51,26.29,2586.85,9709.48,1.591
2026-01-04 17:19:00,599.04,1466.14,893.68,26.02,2586.42,9709.09,1.607
2026-01-04 17:20:00,602.96,1459.69,888.29,26.25,2564.86,9692.07,1.625
2026-01-04 17:21:00,596.97,1461.82,892.07,26.52,2573.54,9738.74,1.498
2026-01-04 17:22:00,600.64,1471.69,899.19,26.69,2580.56,9766.53,1.506
2026-01-04 17:23:00,598.86,1465.7,888.89,26.57,2590.77,9725.04,1.538
2026-01-04 17:24:00,602.49,1463.47,895.07,26.71,2556.75,9734.74,1.637
2026-01-04 17:25:00,601.22,1473.16,899.67,26.92,2575.42,9779.42,1.61
2026-01-04 17:26:00,598.93,1457.43,885.79,26.05,2564.19,9679.32,1.635
2026-01-04 17:27:00,603.45,1472.57,898.41,26.97,2568.35,9753.66,1.527
2026-01-04 17:28:00,602.08,1457.31,896.37,27.03,2586.34,9731.67,1.559
2026-01-04 17:29:00,603.54,1472.55,894.65,26.67,2574.78,9746.54,1.583
2026-01-04 17:30:00,601.79,1470.91,892.04,26.71,2560.36,9746.41,1.578
2026-01-04 17:31:00,599.95,1464.98,888.76,26.11,2576.31,9709.22,1.613
2026-01-04 17:32:00,603.8,1466.47,889.93,26.53,2594.34,9721.29,1.673
2026-01-04 17:33:00,601.77,1463.09,894.63,26.54,2564.0,9731.71,1.533
2026-01-04 17:34:00,602.86,1459.26,891.86,26.84,2582.88,9735.89,1.545
2026-01-04 17:35:00,600.75,1463.12,896.41,26.24,2590.39,9716.15,1.594
2026-01-04 17:36:00,599.86,1462.95,891.03,26.7,2578.18,9734.71,1.609
2026-01-04 17:37:00,601.81,1462.64,891.89,26.61,2594.28,9741.96,1.673
2026-01-04 17:38:00,599.26,1460.33,896.11,26.41,2574.2,9758.09,1.604
2026-01-04 17:39:00,600.52,1463.32,899.14,26.96,2590.85,9753.04,1.577
2026-01-04 17:40:00,603.95,1457.61,896.07,26.09,2588.11,9730.96,1.72
2026-01-04 17:41:00,596.74,1468.53,890.82,26.26,2577.45,9712.48,1.595
2026-01-04 17:42:00,599.48,1468.66,889.06,26.48,2566.48,9729.81,1.636
2026-01-04 17:43:00,604.01,1462.43,896.14,26.49,2570.3,9728.16,1.452
2026-01-04 17:44:00,604.09,1464.43,895.9,27.08,2561.35,9774.12,1.596
2026-01-04 17:45:00,600.46,1474.54,899.3,26.61,2583.4,9736.68,1.674
2026-01-04 17:46:00,600.18,1451.1,885.09,26.2,2580.91,9697.27,1.569
2026-01-04 17:47:00,599.17,1467.42,891.01,25.85,2577.0,9678.01,1.543
2026-01-04 17:48:00,601.65,1463.35,890.4,26.61,2575.66,9685.06,1.402
2026-01-04 17:49:00,601.93,1461.9,893.83,26.25,2588.67,9715.11,1.56
2026-01-04 17:50:00,602.97,1476.0,892.54,26.52,2581.73,9754.65,1.695
2026-01-04 17:51:00,596.82,1456.22,889.35,25.4,2571.54,9667.92,1.544
2026-01-04 17:52:00,596.23,1461.51,892.24,26.0,2577.44,9675.2,1.586
2026-01-04 17:53:00,606.17,1460.14,892.0,25.83,2593.86,9706.59,1.54
2026-01-04 17:54:00,595.87,1460.52,894.52,26.18,2583.25,9727.12,1.551
2026-01-04 17:55:00,597.76,1474.83,891.81,26.27,2575.55,9737.32,1.589
2026-01-04 17:56:00,604.61,1463.16,893.19,26.8,2578.54,9742.98,1.628
2026-01-04 17:57:00,605.32,1467.09,892.4,27.03,2582.66,9744.56,1.651
2026-01-04 17:58:00,599.01,1460.84,892.04,25.9,2573.84,9699.57,1.619
2026-01-04 17:59:00,598.15,1473.8,896.77,26.69,2574.51,9735.18,1.557
2026-01-04 18:00:00,601.92,1457.83,892.59,26.02,2578.8,9742.93,1.605
2026-01-04 18:01:00,599.9,1472.87,895.03,26.66,2591.54,9755.77,1.494
2026-01-04 18:02:00,598.61,1459.24,893.62,26.1,2582.94,9684.43,1.574
2026-01-04 18:03:00,602.14,1463.98,898.96,26.28,2574.62,9717.32,1.412
2026-01-04 18:04:00,602.78,1464.56,893.67,26.77,2585.35,9730.34,1.459
2026-01-04 18:05:00,601.45,1468.64,895.69,26.32,2579.56,9758.31,1.614
2026-01-04 18:06:00,601.63,1452.04,890.61,25.96,2579.98,9699.99,1.605
2026-01-04 18:07:00,603.2,1466.07,897.34,26.29,2579.34,9702.28,1.467
2026-01-04 18:08:00,596.87,1461.02,892.85,26.28,2560.43,9702.2,1.608
2026-01-04 18:09:00,600.78,1464.79,895.23,26.3,2552.92,9702.1,1.55
2026-01-04 18:10:00,600.55,1468.14,896.95,26.67,2580.5,9737.75,1.675
2026-01-04 18:11:00,603.16,1468.45,897.01,26.79,2573.3,9774.51,1.724
2026-01-04 18:12:00,601.79,1462.0,887.57,25.8,2563.63,9687.75,1.376
2026-01-04 18:13:00,598.08,1469.59,898.19,26.98,2571.43,9720.17,1.728
2026-01-04 18:14:00,598.49,1468.66,893.55,26.55,2586.87,9757.93,1.671
2026-01-04 18:15:00,596.27,1455.01,889.08,25.83,2580.22,9703.39,1.613
2026-01-04 18:16:00,605.57,1469.78,891.99,26.83,2585.02,9741.66,1.561
2026-01-04 18:17:00,603.38,1463.74,894.29,26.09,2581.49,9716.58,1.614
2026-01-04 18:18:00,604.66,1467.65,893.13,26.48,2569.51,9690.76,1.587
2026-01-04 18:19:00,598.71,1458.47,894.4,26.76,2583.23,9694.69,1.628
2026-01-04 18:20:00,600.67,1471.53,893.8,26.42,2582.97,9727.3,1.608
2026-01-04 18:21:00,594.94,1465.64,894.75,26.17,2576.12,9695.7,1.605
2026-01-04 18:22:00,598.8,1463.53,887.81,25.95,2578.52,9721.18,1.635
2026-01-04 18:23:00,599.57,1467.83,889.24,26.58,2584.12,9714.3,1.417
2026-01-04 18:24:00,596.34,1469.74,892.06,26.42,2573.84,9767.09,1.582
2026-01-04 18:25:00,598.03,1462.84,893.95,26.02,2586.57,9716.61,1.574
2026-01-04 18:26:00,597.92,1464.34,888.75,26.48,2582.7,9724.63,1.548
2026-01-04 18:27:00,601.43,1463.82,889.53,26.77,2578.76,9739.17,1.677
2026-01-04 18:28:00,602.82,1474.95,900.67,26.34,2591.22,9744.99,1.72
2026-01-04 18:29:00,605.91,1473.63,897.71,26.95,2569.79,9775.18,1.621
2026-01-04 18:30:00,594.61,1455.9,894.24,25.52,2572.87,9682.66,1.565
2026-01-04 18:31:00,598.94,1464.08,896.89,26.58,2573.37,9741.2,1.598
2026-01-04 18:32:00,601.72,1464.02,893.14,25.79,2579.61,9687.7,1.431
2026-01-04 18:33:00,602.34,1464.86,899.14,26.91,2589.56,9773.98,1.539
2026-01-04 18:34:00,601.79,1468.66,890.27,26.18,2568.97,9690.06,1.489
2026-01-04 18:35:00,599.78,1467.34,888.2,26.35,2604.09,9710.93,1.635
2026-01-04 18:36:00,600.75,1457.54,893.42,26.37,2572.17,9706.46,1.536
2026-01-04 18:37:00,602.49,1467.53,891.96,26.31,2580.71,9715.58,1.567
2026-01-04 18:38:00,600.46,1462.15,895.71,27.13,2579.76,9764.65,1.59
2026-01-04 18:39:00,600.47,1463.28,896.98,26.5,2578.74,9729.47,1.56
2026-01-04 18:40:00,599.62,1462.89,890.79,26.27,2571.66,9719.88,1.743
2026-01-04 18:41:00,598.88,1456.78,888.54,26.08,2585.1,9682.86,1.562
2026-01-04 18:42:00,604.02,1470.52,894.59,26.58,2572.06,9742.97,1.702
2026-01-04 18:43:00,600.25,1465.68,896.96,26.34,2563.94,9722.25,1.52
2026-01-04 18:44:00,606.23,1471.02,893.48,26.86,2569.66,9736.29,1.496
2026-01-04 18:45:00,604.55,1462.24,897.24,26.41,2588.86,9702.01,1.636
2026-01-04 18:46:00,596.47,1456.73,884.86,26.02,2587.08,9696.22,1.574
2026-01-04 18:47:00,604.32,1462.78,898.11,26.87,2562.73,9740.28,1.638
2026-01-04 18:48:00,603.57,1474.35,896.92,26.54,2585.96,9757.33,1.743
2026-01-04 18:49:00,602.65,1464.25,895.32,26.46,2562.56,9730.79,1.597
2026-01-04 18:50:00,600.77,1469.87,894.67,26.16,2577.63,9716.01,1.604
2026-01-04 18:51:00,603.02,1459.22,884.54,26.12,2567.48,9697.97,1.536
2026-01-04 18:52:00,605.32,1472.01,896.44,27.02,2586.49,9754.97,1.608
2026-01-04 18:53:00,598.86,1462.45,890.73,26.02,2580.83,9678.71,1.573
2026-01-04 18:54:00,599.22,1467.14,895.5,26.24,2585.02,9699.01,1.602
2026-01-04 18:55:00,599.47,1471.27,894.48,26.86,2576.98,9754.4,1.62
2026-01-04 18:56:00,596.94,1459.38,893.69,25.81,2574.78,9676.44,1.426
2026-01-04 18:57:00,606.75,1470.44,901.78,27.11,2567.29,9752.95,1.718
2026-01-04 18:58:00,605.32,1464.03,896.67,26.22,2570.43,9737.26,1.593
2026-01-04 18:59:00,601.49,1468.0,896.11,26.83,2587.46,9768.22,1.732
2026-01-04 19:00:00,599.78,1476.55,891.74,26.59,2581.24,9727.65,1.514
2026-01-04 19:01:00,603.7,1460.98,895.18,26.88,2579.17,9728.68,1.541
2026-01-04 19:02:00,600.88,1459.13,890.37,26.08,2587.4,9702.07,1.549
2026-01-04 19:03:00,596.45,1459.41,897.56,26.41,2567.85,9726.49,1.546
2026-01-04 19:04:00,607.18,1458.79,887.18,25.94,2583.35,9709.32,1.598
2026-01-04 19:05:00,602.51,1462.66,892.79,26.53,2569.41,9741.81,1.676
2026-01-04 19:06:00,607.3,1463.77,898.33,27.08,2591.41,9760.77,1.711
2026-01-04 19:07:00,604.64,1472.56,902.21,27.35,2584.1,9764.75,1.566
2026-01-04 19:08:00,599.74,1470.01,896.81,26.89,2587.47,9765.08,1.556
2026-01-04 19:09:00,603.78,1470.62,899.72,26.61,2573.67,9753.09,1.657
2026-01-04 19:10:00,597.57,1460.5,893.78,26.14,2594.59,9697.79,1.478
2026-01-04 19:11:00,600.63,1457.2,897.98,26.1,2594.33,9728.82,1.635
2026-01-04 19:12:00,599.86,1459.46,895.74,27.06,2582.54,9748.22,1.574
2026-01-04 19:13:00,600.63,1459.49,894.7,26.12,2587.5,9722.44,1.542
2026-01-04 19:14:00,602.89,1462.82,895.26,26.65,2576.13,9734.05,1.359
2026-01-04 19:15:00,600.77,1460.04,890.95,25.91,2566.08,9674.56,1.571
2026-01-04 19:16:00,596.7,1463.65,893.45,26.08,2582.87,9681.65,1.647
2026-01-04 19:17:00,601.34,1466.92,896.3,27.11,2572.68,9772.24,1.513
2026-01-04 19:18:00,598.46,1475.78,897.48,26.71,2589.46,9745.04,1.614
2026-01-04 19:19:00,601.78,1471.59,885.3,26.55,2586.52,9723.65,1.618
2026-01-04 19:20:00,603.57,1468.28,893.09,26.67,2580.08,9725.15,1.537
2026-01-04 19:21:00,598.1,1456.52,891.52,26.66,2578.85,9704.89,1.601
2026-01-04 19:22:00,605.51,1464.15,889.84,26.42,2586.86,9744.24,1.662
2026-01-04 19:23:00,605.56,1470.6,894.62,26.52,2582.0,9766.42,1.619
2026-01-04 19:24:00,603.12,1472.14,898.22,26.53,2576.39,9761.68,1.646
2026-01-04 19:25:00,602.2,1464.05,897.05,26.36,2567.18,9753.43,1.576
2026-01-04 19:26:00,603.7,1467.2,901.51,26.82,2587.91,9777.52,1.677
2026-01-04 19:27:00,598.9,1464.81,895.59,25.91,2580.47,9708.03,1.432
2026-01-04 19:28:00,603.35,1460.56,895.23,25.97,2599.03,9693.86,1.622
2026-01-04 19:29:00,601.57,1461.59,893.0,26.85,2577.99,9739.45,1.686
2026-01-04 19:30:00,599.08,1462.15,897.98,26.97,2581.72,9753.45,1.537
2026-01-04 19:31:00,601.4,1456.06,887.63,25.55,2578.44,9664.27,1.482
2026-01-04 19:32:00,601.6,1466.71,897.98,26.2,2583.02,9715.14,1.703
2026-01-04 19:33:00,598.98,1455.1,896.04,26.88,2570.21,9718.71,1.606
2026-01-04 19:34:00,608.5,1469.89,898.28,27.06,2578.99,9761.23,1.48
2026-01-04 19:35:00,600.11,1470.97,895.35,26.73,2585.53,9743.37,1.573
2026-01-04 19:36:00,599.19,1466.43,891.3,26.56,2575.77,9731.05,1.445
2026-01-04 19:37:00,603.3,1477.65,895.99,26.72,2585.56,9751.72,1.578
2026-01-04 19:38:00,604.36,1468.07,891.75,27.32,2580.11,9754.27,1.595
2026-01-04 19:39:00,599.16,1463.8,896.17,26.81,2582.64,9756.72,1.648
2026-01-04 19:40:00,596.0,1470.35,892.26,26.43,2587.19,9719.6,1.579
2026-01-04 19:41:00,598.69,1458.92,888.66,25.87,2575.83,9710.85,1.699
2026-01-04 19:42:00,597.95,1469.12,886.96,26.43,2566.99,9735.53,1.595
2026-01-04 19:43:00,600.28,1467.74,890.08,26.38,2576.26,9730.1,1.43
2026-01-04 19:44:00,600.57,1468.21,902.93,26.44,2571.15,9713.6,1.622
2026-01-04 19:45:00,598.18,1463.76,890.92,26.19,2560.95,9718.84,1.584
2026-01-04 19:46:00,600.98,1464.57,896.89,26.42,2577.2,9721.38,1.564
2026-01-04 19:47:00,598.88,1462.71,888.41,26.15,2579.31,9712.68,1.657
2026-01-04 19:48:00,600.76,1464.84,891.32,26.25,2586.57,9730.32,1.649
2026-01-04 19:49:00,605.73,1471.98,895.86,26.66,2570.6,9764.08,1.535
2026-01-04 19:50:00,600.82,1476.91,896.09,26.94,2580.55,9767.33,1.628
2026-01-04 19:51:00,602.04,1460.58,893.27,26.93,2588.62,9761.12,1.724
2026-01-04 19:52:00,599.96,1466.66,891.68,26.11,2572.66,9700.93,1.572
2026-01-04 19:53:00,597.42,1466.47,891.43,26.1,2582.03,9713.26,1.47
2026-01-04 19:54:00,599.24,1470.58,897.9,26.61,2591.56,9739.91,1.621
2026-01-04 19:55:00,601.97,1464.14,900.34,26.83,2564.71,9761.46,1.578
2026-01-04 19:56:00,602.72,1467.62,898.53,26.48,2581.27,9748.03,1.597
2026-01-04 19:57:00,603.27,1478.64,894.3,27.25,2589.89,9786.58,1.542
2026-01-04 19:58:00,604.16,1471.12,898.43,27.37,2576.83,9761.95,1.63
2026-01-04 19:59:00,601.86,1467.79,891.42,26.3,2588.9,9715.13,1.528
2026-01-04 20:00:00,605.52,1468.55,895.12,26.69,2585.13,9772.94,1.675
2026-01-04 20:01:00,605.68,1470.06,898.95,27.27,2593.75,9760.96,1.71
2026-01-04 20:02:00,604.61,1467.44,894.0,26.89,2583.22,9734.3,1.601
2026-01-04 20:03:00,604.7,1473.4,897.7,27.45,2595.0,9775.99,1.536
2026-01-04 20:04:00,599.27,1471.29,895.31,26.76,2581.56,9749.78,1.535
2026-01-04 20:05:00,599.91,1461.91,889.76,26.24,2567.19,9723.37,1.593
2026-01-04 20:06:00,600.67,1470.44,893.55,26.51,2574.02,9747.39,1.619
2026-01-04 20:07:00,605.58,1473.5,895.27,26.94,2586.97,9741.18,1.548
2026-01-04 20:08:00,606.18,1473.78,894.59,27.1,2586.92,9744.0,1.576
2026-01-04 20:09:00,603.08,1465.41,896.88,26.53,2576.66,9749.36,1.642
2026-01-04 20:10:00,604.88,1470.96,896.84,25.84,2592.66,9725.87,1.666
2026-01-04 20:11:00,607.0,1468.32,896.61,27.01,2577.1,9769.66,1.607
2026-01-04 20:12:00,603.94,1469.79,896.27,26.72,2583.42,9764.42,1.654
2026-01-04 20:13:00,604.89,1470.97,899.0,26.9,2583.58,9774.09,1.611
2026-01-04 20:14:00,606.3,1468.69,895.95,27.12,2569.79,9782.48,1.642
2026-01-04 20:15:00,597.9,1464.22,894.72,26.32,2576.56,9705.74,1.517
2026-01-04 20:16:00,602.48,1458.9,894.69,26.13,2596.84,9714.71,1.606
2026-01-04 20:17:00,601.04,1463.95,890.23,26.14,2569.72,9696.69,1.673
2026-01-04 20:18:00,600.82,1470.6,893.52,26.98,2584.92,9769.28,1.637
2026-01-04 20:19:00,606.2,1464.81,890.63,25.85,2568.85,9722.31,1.613
2026-01-04 20:20:00,606.47,1467.92,899.59,26.91,2571.72,9750.34,1.525
2026-01-04 20:21:00,606.93,1474.1,892.19,26.79,2568.25,9760.24,1.63
2026-01-04 20:22:00,605.62,1472.88,902.91,26.81,2587.79,9778.08,1.45
2026-01-04 20:23:00,599.19,1460.71,891.63,26.06,2570.56,9708.0,1.623
2026-01-04 20:24:00,600.36,1469.33,890.9,27.34,2590.9,9790.9,1.737
2026-01-04 20:25:00,606.27,1472.31,898.45,27.39,2576.79,9798.19,1.585
2026-01-04 20:26:00,608.37,1476.79,893.45,27.75,2582.73,9815.17,1.62
2026-01-04 20:27:00,606.78,1476.73,893.54,27.18,2583.38,9773.74,1.688
2026-01-04 20:28:00,608.63,1472.35,897.57,26.8,2567.24,9775.94,1.547
2026-01-04 20:29:00,601.33,1468.25,889.67,25.87,2580.29,9737.09,1.626
2026-01-04 20:30:00,604.17,1477.44,893.66,27.31,2583.53,9790.3,1.562
2026-01-04 20:31:00,603.63,1466.67,896.48,26.98,2588.44,9753.92,1.645
2026-01-04 20:32:00,601.98,1471.01,898.17,27.32,2573.35,9797.91,1.608
2026-01-04 20:33:00,606.63,1461.08,896.86,26.61,2571.62,9724.12,1.36
2026-01-04 20:34:00,603.07,1468.59,897.12,26.8,2585.31,9772.27,1.526
2026-01-04 20:35:00,604.94,1469.02,897.05,26.91,2591.18,9768.41,1.601
2026-01-04 20:36:00,606.51,1474.47,899.16,26.59,2574.58,9753.83,1.748
2026-01-04 20:37:00,603.05,1474.77,900.76,27.64,2571.42,9804.83,1.612
2026-01-04 20:38:00,603.84,1474.9,895.91,26.89,2577.72,9778.04,1.557
2026-01-04 20:39:00,601.86,1464.05,895.61,26.68,2569.17,9701.37,1.592
2026-01-04 20:40:00,609.4,1479.04,892.82,27.36,2584.56,9806.88,1.387
2026-01-04 20:41:00,608.49,1483.82,901.3,28.06,2573.88,9836.08,1.755
2026-01-04 20:42:00,597.9,1482.3,902.49,27.07,2588.26,9783.64,1.667
2026-01-04 20:43:00,599.73,1468.23,892.64,27.2,2581.17,9757.76,1.561
2026-01-04 20:44:00,599.29,1468.48,897.1,27.33,2587.91,9768.38,1.666
2026-01-04 20:45:00,610.07,1474.12,899.16,27.12,2561.1,9784.05,1.643
2026-01-04 20:46:00,610.24,1478.76,898.45,27.91,2568.4,9834.73,1.642
2026-01-04 20:47:00,597.03,1472.74,896.13,27.14,2589.66,9753.86,1.643
2026-01-04 20:48:00,601.77,1469.76,895.84,26.99,2573.85,9761.2,1.597
2026-01-04 20:49:00,601.41,1469.9,896.5,26.75,2568.07,9766.41,1.621
2026-01-04 20:50:00,606.59,1485.9,897.98,27.54,2579.88,9809.93,1.68
2026-01-04 20:51:00,601.64,1466.35,894.28,26.59,2581.14,9750.94,1.567
2026-01-04 20:52:00,601.33,1469.73,891.24,26.53,2577.04,9727.95,1.573
2026-01-04 20:53:00,602.31,1476.39,897.64,26.99,2584.21,9783.49,1.525
2026-01-04 20:54:00,607.72,1478.04,900.47,27.56,2583.97,9805.06,1.53
2026-01-04 20:55:00,600.44,1467.29,896.53,26.55,2582.12,9768.4,1.473
2026-01-04 20:56:00,611.76,1484.98,897.46,26.66,2590.49,9763.81,1.635
2026-01-04 20:57:00,607.81,1471.61,904.61,26.95,2580.24,9780.44,1.591
2026-01-04 20:58:00,609.66,1467.51,898.32,26.71,2578.76,9748.59,1.502
2026-01-04 20:59:00,608.19,1471.49,895.36,27.41,2588.72,9830.45,1.619
2026-01-04 21:00:00,609.52,1466.41,899.72,27.05,2585.14,9789.95,1.538
2026-01-04 21:01:00,608.08,1477.79,900.12,27.69,2574.18,9807.43,1.649
2026-01-04 21:02:00,605.1,1475.56,912.05,27.91,2581.26,9822.74,1.724
2026-01-04 21:03:00,602.37,1468.14,896.97,26.42,2583.54,9772.21,1.718
2026-01-04 21:04:00,605.26,1468.83,903.44,26.92,2575.39,9773.68,1.6
2026-01-04 21:05:00,608.33,1476.21,897.53,27.55,2576.26,9786.27,1.606
2026-01-04 21:06:00,604.24,1472.95,894.87,27.27,2569.29,9782.39,1.474
2026-01-04 21:07:00,607.98,1479.65,896.75,27.96,2559.46,9836.21,1.537
2026-01-04 21:08:00,604.15,1476.17,900.79,27.19,2577.04,9772.16,1.718
2026-01-04 21:09:00,602.62,1467.16,893.67,26.77,2580.94,9769.4,1.624
2026-01-04 21:10:00,601.82,1468.77,896.86,27.24,2571.7,9783.39,1.709
2026-01-04 21:11:00,606.82,1474.07,900.63,27.44,2591.91,9794.16,1.475
2026-01-04 21:12:00,605.83,1479.73,899.85,27.51,2572.98,9806.14,1.628
2026-01-04 21:13:00,602.97,1476.1,900.15,26.81,2586.88,9760.74,1.466
2026-01-04 21:14:00,604.85,1468.57,896.13,27.29,2584.16,9792.34,1.451
2026-01-04 21:15:00,606.85,1475.83,892.49,27.21,2598.82,9807.55,1.563
2026-01-04 21:16:00,606.99,1469.76,902.44,27.17,2584.24,9769.48,1.756
2026-01-04 21:17:00,604.0,1471.92,900.95,26.82,2568.87,9782.71,1.554
2026-01-04 21:18:00,608.89,1479.62,899.01,27.15,2589.41,9796.38,1.728
2026-01-04 21:19:00,608.93,1463.53,898.75,27.27,2593.78,9776.44,1.594
2026-01-04 21:20:00,607.97,1487.35,900.12,28.01,2568.57,9842.06,1.757
2026-01-04 21:21:00,610.57,1475.9,901.45,27.67,2587.43,9830.96,1.706
2026-01-04 21:22:00,605.31,1481.44,908.0,27.11,2588.41,9810.65,1.743
2026-01-04 21:23:00,603.33,1479.98,905.61,27.57,2579.96,9814.09,1.601
2026-01-04 21:24:00,603.47,1473.71,900.11,27.13,2561.4,9791.33,1.646
2026-01-04 21:25:00,601.73,1472.36,891.03,26.71,2576.26,9736.08,1.599
2026-01-04 21:26:00,604.61,1471.82,900.67,27.03,2575.72,9780.78,1.821
2026-01-04 21:27:00,611.25,1469.0,899.07,26.55,2592.09,9767.64,1.681
2026-01-04 21:28:00,605.24,1481.07,898.96,27.16,2580.72,9808.27,1.624
2026-01-04 21:29:00,606.07,1474.82,900.77,27.53,2578.52,9818.25,1.805
2026-01-04 21:30:00,608.2,1486.59,907.62,27.82,2577.6,9830.41,1.82
2026-01-04 21:31:00,601.82,1476.84,898.79,26.93,2583.15,9785.53,1.569
2026-01-04 21:32:00,605.55,1470.08,901.42,27.13,2581.32,9793.57,1.648
2026-01-04 21:33:00,610.5,1484.05,904.47,27.69,2575.07,9807.26,1.605
2026-01-04 21:34:00,611.45,1481.33,902.94,27.85,2583.75,9813.62,1.514
2026-01-04 21:35:00,609.1,1481.76,901.26,27.05,2575.36,9766.77,1.623
2026-01-04 21:36:00,607.25,1474.1,898.69,27.2,2559.99,9790.08,1.38
2026-01-04 21:37:00,605.84,1475.26,895.95,27.51,2587.25,9820.45,1.651
2026-01-04 21:38:00,606.26,1478.55,905.16,27.74,2586.34,9816.48,1.637
2026-01-04 21:39:00,608.49,1478.66,896.84,27.59,2583.54,9821.26,1.64
2026-01-04 21:40:00,610.9,1481.01,906.87,28.38,2579.86,9858.75,1.654
2026-01-04 21:41:00,606.85,1481.78,906.35,27.53,2580.18,9790.94,1.59
2026-01-04 21:42:00,605.6,1486.02,903.05,27.77,2588.47,9820.66,1.508
2026-01-04 21:43:00,605.66,1471.39,898.71,27.01,2575.23,9778.8,1.505
2026-01-04 21:44:00,606.82,1470.37,901.42,27.27,2587.9,9797.79,1.625
2026-01-04 21:45:00,607.14,1481.61,906.94,27.11,2569.69,9809.65,1.633
2026-01-04 21:46:00,611.4,1475.42,905.76,27.59,2583.07,9815.83,1.71
2026-01-04 21:47:00,600.1,1459.83,886.91,25.77,2576.31,9671.24,1.514
2026-01-04 21:48:00,604.67,1481.04,906.35,27.49,2590.46,9834.19,1.568
2026-01-04 21:49:00,612.76,1487.81,905.02,28.53,2575.4,9842.26,1.635
2026-01-04 21:50:00,602.11,1475.95,894.38,26.8,2572.34,9741.05,1.417
2026-01-04 21:51:00,608.79,1486.36,901.23,27.92,2572.16,9856.71,1.684
2026-01-04 21:52:00,602.1,1463.39,895.85,27.29,2574.65,9750.52,1.645
2026-01-04 21:53:00,611.08,1484.57,901.62,27.73,2584.53,9835.33,1.761
2026-01-04 21:54:00,607.22,1477.23,901.51,28.15,2568.39,9842.68,1.682
2026-01-04 21:55:00,604.98,1468.84,896.18,26.96,2576.16,9763.83,1.517
2026-01-04 21:56:00,604.3,1480.23,903.28,27.44,2586.48,9812.42,1.584
2026-01-04 21:57:00,606.72,1483.64,906.41,27.92,2582.13,9847.48,1.649
2026-01-04 21:58:00,608.27,1484.27,905.89,27.98,2582.38,9817.21,1.586
2026-01-04 21:59:00,606.8,1483.17,906.37,28.21,2570.87,9846.49,1.569
2026-01-04 22:00:00,606.46,1472.72,905.33,27.48,2580.64,9808.48,1.588
2026-01-04 22:01:00,606.42,1466.01,896.87,26.58,2580.4,9775.87,1.693
2026-01-04 22:02:00,606.94,1484.49,901.14,27.61,2580.21,9810.51,1.668
2026-01-04 22:03:00,608.95,1488.18,905.47,27.85,2584.63,9859.15,1.74
2026-01-04 22:04:00,610.06,1488.84,902.96,28.09,2580.32,9843.2,1.598
2026-01-04 22:05:00,599.22,1471.59,893.7,26.65,2575.7,9754.57,1.712
2026-01-04 22:06:00,607.91,1475.03,897.97,26.98,2571.96,9778.66,1.645
2026-01-04 22:07:00,606.9,1478.49,902.34,27.31,2589.11,9805.28,1.667
2026-01-04 22:08:00,605.59,1467.64,902.33,27.42,2570.58,9781.46,1.615
2026-01-04 22:09:00,606.84,1473.72,902.09,26.96,2582.39,9800.34,1.434
2026-01-04 22:10:00,610.56,1484.6,906.45,27.92,2596.65,9826.51,1.76
2026-01-04 22:11:00,605.38,1476.29,899.28,27.24,2589.17,9780.54,1.643
2026-01-04 22:12:00,612.65,1488.73,897.03,27.95,2586.9,9844.15,1.58
2026-01-04 22:13:00,605.06,1490.16,899.78,27.79,2584.63,9839.02,1.824
2026-01-04 22:14:00,607.59,1477.32,902.62,27.58,2580.27,9804.7,1.636
2026-01-04 22:15:00,608.23,1478.64,896.86,27.47,2574.44,9813.84,1.611
2026-01-04 22:16:00,605.93,1467.96,894.44,27.03,2578.29,9779.68,1.54
2026-01-04 22:17:00,611.47,1481.76,897.5,27.83,2586.98,9832.65,1.603
2026-01-04 22:18:00,605.18,1472.88,902.26,28.23,2585.44,9831.26,1.524
2026-01-04 22:19:00,605.42,1477.94,904.02,27.7,2589.48,9853.02,1.632
2026-01-04 22:20:00,608.44,1483.99,898.71,28.22,2592.99,9854.44,1.659
2026-01-04 22:21:00,604.41,1479.72,905.88,28.1,2582.08,9857.39,1.716
2026-01-04 22:22:00,614.1,1480.34,902.59,27.91,2584.36,9843.99,1.516
2026-01-04 22:23:00,611.65,1481.9,899.87,27.8,2568.28,9860.85,1.609
2026-01-04 22:24:00,611.88,1481.1,905.6,27.45,2600.64,9838.02,1.559
2026-01-04 22:25:00,610.73,1473.26,900.87,27.99,2579.33,9839.42,1.731
2026-01-04 22:26:00,612.7,1486.0,901.8,27.83,2588.6,9858.63,1.726
2026-01-04 22:27:00,607.18,1480.71,899.27,28.29,2579.74,9849.99,1.513
2026-01-04 22:28:00,607.09,1481.1,902.07,27.24,2577.89,9807.12,1.615
2026-01-04 22:29:00,610.89,1484.12,904.02,28.27,2581.45,9857.35,1.783
2026-01-04 22:30:00,606.99,1480.03,901.68,27.56,2572.06,9823.49,1.707
2026-01-04 22:31:00,607.58,1484.71,904.23,28.18,2564.12,9873.4,1.655
2026-01-04 22:32:00,608.02,1482.01,904.59,27.39,2591.05,9817.04,1.678
2026-01-04 22:33:00,609.79,1480.3,902.63,27.75,2586.22,9819.08,1.709
2026-01-04 22:34:00,611.13,1477.65,897.28,27.63,2573.93,9803.62,1.776
2026-01-04 22:35:00,605.42,1491.04,902.77,27.7,2585.87,9829.37,1.617
2026-01-04 22:36:00,606.24,1480.95,897.58,27.99,2589.05,9834.61,1.765
2026-01-04 22:37:00,610.08,1490.71,908.38,28.03,2577.49,9849.42,1.622
2026-01-04 22:38:00,606.53,1489.35,906.03,27.69,2586.3,9848.72,1.618
2026-01-04 22:39:00,612.24,1485.66,909.15,28.4,2591.93,9871.04,1.667
2026-01-04 22:40:00,608.55,1480.89,901.57,27.69,2570.72,9828.65,1.665
2026-01-04 22:41:00,610.65,1490.98,911.3,27.96,2589.07,9894.88,1.76
2026-01-04 22:42:00,607.98,1480.98,900.33,27.83,2585.64,9841.42,1.653
2026-01-04 22:43:00,609.73,1484.15,902.61,27.13,2596.61,9811.72,1.6
2026-01-04 22:44:00,610.69,1477.06,899.75,27.36,2586.38,9820.91,1.578
2026-01-04 22:45:00,607.89,1473.37,902.71,27.55,2578.46,9816.44,1.691
2026-01-04 22:46:00,617.42,1485.04,913.34,28.65,2582.58,9898.4,1.705
2026-01-04 22:47:00,615.22,1488.43,908.94,28.49,2601.22,9900.83,1.728
2026-01-04 22:48:00,612.55,1485.02,901.79,28.41,2580.94,9868.65,1.712
2026-01-04 22:49:00,606.93,1478.84,901.02,27.8,2587.11,9833.8,1.767
2026-01-04 22:50:00,616.17,1492.1,918.26,28.65,2583.31,9905.45,1.797
2026-01-04 22:51:00,607.79,1478.96,906.85,27.85,2591.09,9834.13,1.716
2026-01-04 22:52:00,611.78,1487.05,902.33,28.16,2591.57,9836.27,1.645
2026-01-04 22:53:00,606.76,1486.28,911.23,27.96,2584.26,9885.65,1.591
2026-01-04 22:54:00,610.36,1483.17,907.2,28.37,2579.82,9850.48,1.629
2026-01-04 22:55:00,610.78,1491.28,918.17,28.71,2582.08,9913.49,1.706
2026-01-04 22:56:00,610.29,1485.98,906.28,28.19,2570.29,9877.04,1.632
2026-01-04 22:57:00,606.12,1487.62,903.96,27.76,2583.31,9835.92,1.703
2026-01-04 22:58:00,609.73,1483.19,904.11,27.8,2583.65,9848.72,1.672
2026-01-04 22:59:00,608.78,1472.47,900.51,27.19,2574.73,9803.88,1.564
2026-01-04 23:00:00,608.71,1486.96,903.05,28.08,2567.85,9836.48,1.767
2026-01-04 23:01:00,612.01,1492.46,905.03,28.95,2587.33,9917.5,1.752
2026-01-04 23:02:00,612.48,1486.25,905.84,27.68,2586.08,9859.31,1.682
2026-01-04 23:03:00,610.89,1487.2,908.38,28.11,2585.9,9842.04,1.749
2026-01-04 23:04:00,612.7,1488.52,903.14,28.05,2574.78,9840.86,1.598
2026-01-04 23:05:00,609.75,1484.08,904.94,27.95,2587.08,9871.77,1.633
2026-01-04 23:06:00,614.2,1494.53,904.5,28.7,2583.47,9897.39,1.673
2026-01-04 23:07:00,612.57,1493.67,909.38,28.89,2592.08,9904.21,1.749
2026-01-04 23:08:00,607.56,1488.37,911.59,27.73,2575.53,9856.98,1.699
2026-01-04 23:09:00,610.16,1479.23,902.17,27.95,2591.78,9837.61,1.909
2026-01-04 23:10:00,612.61,1495.85,906.54,28.66,2597.51,9911.14,1.635
2026-01-04 23:11:00,604.86,1479.17,896.96,27.61,2582.27,9805.9,1.644
2026-01-04 23:12:00,616.55,1491.21,909.98,28.31,2587.8,9888.95,1.675
2026-01-04 23:13:00,619.1,1497.29,915.54,29.22,2592.1,9921.39,1.756
2026-01-04 23:14:00,607.11,1486.69,903.97,27.98,2574.85,9850.02,1.737
2026-01-04 23:15:00,612.81,1483.61,902.81,28.22,2580.19,9876.37,1.705
2026-01-04 23:16:00,613.54,1491.45,908.13,28.16,2585.45,9873.56,1.714
2026-01-04 23:17:00,611.32,1485.14,906.74,28.28,2599.34,9851.81,1.64
2026-01-04 23:18:00,610.82,1485.55,910.41,28.49,2575.39,9898.95,1.834
2026-01-04 23:19:00,610.28,1486.25,905.1,29.07,2598.46,9909.33,1.674
2026-01-04 23:20:00,613.49,1490.75,904.27,28.24,2581.95,9861.3,1.425
2026-01-04 23:21:00,614.59,1492.59,904.23,28.1,2584.02,9881.98,1.643
2026-01-04 23:22:00,611.34,1490.64,910.91,28.26,2593.45,9866.62,1.87
2026-01-04 23:23:00,620.78,1499.6,918.04,29.3,2602.98,9946.58,1.646
2026-01-04 23:24:00,616.13,1490.47,903.04,28.08,2587.63,9880.61,1.729
2026-01-04 23:25:00,616.23,1492.44,905.68,28.65,2594.2,9897.07,1.638
2026-01-04 23:26:00,613.05,1492.24,901.57,28.11,2575.49,9844.67,1.702
2026-01-04 23:27:00,611.34,1485.81,909.32,28.55,2579.5,9867.46,1.769
2026-01-04 23:28:00,610.97,1498.06,910.65,29.11,2574.65,9912.07,1.677
2026-01-04 23:29:00,609.34,1487.22,909.63,28.75,2579.26,9858.48,1.777
2026-01-04 23:30:00,608.52,1482.06,902.39,27.46,2585.83,9804.96,1.724
2026-01-04 23:31:00,611.01,1484.88,904.14,28.82,2586.68,9899.61,1.73
2026-01-04 23:32:00,613.96,1500.84,908.97,28.59,2598.97,9904.06,1.702
2026-01-04 23:33:00,609.83,1491.37,905.6,28.88,2600.61,9878.72,1.671
2026-01-04 23:34:00,613.91,1486.67,910.72,28.23,2583.22,9882.19,1.626
2026-01-04 23:35:00,613.67,1479.84,910.06,28.37,2577.24,9840.21,1.572
2026-01-04 23:36:00,619.53,1493.37,910.92,29.18,2594.47,9904.9,1.755
2026-01-04 23:37:00,614.61,1489.47,907.89,28.56,2595.33,9905.54,1.737
2026-01-04 23:38:00,609.47,1481.77,905.45,28.19,2586.24,9841.24,1.695
2026-01-04 23:39:00,614.82,1492.94,906.28,29.31,2592.17,9939.3,1.816
2026-01-04 23:40:00,617.74,1494.19,909.84,28.83,2590.13,9918.93,1.717
2026-01-04 23:41:00,618.38,1497.93,906.3,28.94,2577.96,9922.44,1.829
2026-01-04 23:42:00,613.54,1492.3,911.63,28.96,2575.87,9915.92,1.587
2026-01-04 23:43:00,617.33,1493.11,909.91,28.74,2584.49,9897.44,1.847
2026-01-04 23:44:00,614.55,1494.05,912.66,29.56,2584.88,9938.25,1.732
2026-01-04 23:45:00,612.96,1492.04,913.26,28.81,2587.16,9898.46,1.648
2026-01-04 23:46:00,609.9,1482.55,903.53,27.88,2582.11,9852.78,1.662
2026-01-04 23:47:00,615.14,1484.38,909.02,28.29,2569.63,9855.21,1.799
2026-01-04 23:48:00,614.04,1490.42,904.18,27.91,2567.08,9873.8,1.633
2026-01-04 23:49:00,612.06,1498.16,917.04,28.42,2590.4,9887.2,1.704
2026-01-04 23:50:00,616.61,1488.84,906.33,28.56,2579.53,9895.67,1.619
2026-01-04 23:51:00,616.0,1494.7,912.52,29.17,2584.09,9924.35,1.756
2026-01-04 23:52:00,614.84,1495.96,915.84,29.23,2580.86,9908.27,1.812
2026-01-04 23:53:00,613.86,1496.45,912.79,29.3,2579.35,9942.65,1.761
2026-01-04 23:54:00,609.57,1487.59,904.78,28.46,2577.09,9889.92,1.669
2026-01-04 23:55:00,610.18,1498.45,908.07,28.54,2593.23,9901.95,1.674
2026-01-04 23:56:00,610.87,1480.2,905.01,28.77,2582.71,9890.38,1.707
2026-01-04 23:57:00,613.24,1487.98,909.59,28.59,2589.95,9896.65,1.747
2026-01-04 23:58:00,617.75,1498.94,913.18,28.5,2590.98,9895.55,1.772
2026-01-04 23:59:00,610.38,1485.16,904.12,27.73,2583.91,9806.97,1.556
2026-01-05 00:00:00,618.76,1509.89,915.72,29.94,2594.28,9973.64,1.724
2026-01-05 00:01:00,610.51,1497.14,907.38,28.83,2586.26,9929.39,1.844
2026-01-05 00:02:00,614.01,1493.52,914.19,28.27,2595.79,9896.88,1.743
2026-01-05 00:03:00,613.5,1493.91,914.18,29.3,2593.48,9948.73,1.755
2026-01-05 00:04:00,615.99,1492.81,908.64,28.37,2592.57,9897.95,1.767
2026-01-05 00:05:00,616.93,1496.99,911.6,28.47,2577.81,9908.25,1.525
2026-01-05 00:06:00,613.81,1490.55,904.65,28.07,2586.05,9872.86,1.739
2026-01-05 00:07:00,619.42,1500.47,914.23,29.63,2572.35,9952.12,1.948
2026-01-05 00:08:00,616.98,1499.19,909.99,29.08,2596.9,9917.67,1.725
2026-01-05 00:09:00,615.21,1501.2,910.73,29.53,2580.7,9917.76,1.742
2026-01-05 00:10:00,616.42,1500.51,917.3,29.43,2583.82,9969.38,1.734
2026-01-05 00:11:00,612.47,1497.07,908.6,29.2,2574.6,9913.73,1.64
2026-01-05 00:12:00,613.87,1497.87,910.91,28.86,2584.88,9904.34,1.669
2026-01-05 00:13:00,614.3,1498.04,911.81,29.13,2584.6,9945.0,1.812
2026-01-05 00:14:00,616.76,1509.28,916.23,29.72,2602.76,9981.74,1.815
2026-01-05 00:15:00,613.73,1494.63,914.56,28.51,2591.76,9897.06,1.634
2026-01-05 00:16:00,610.37,1499.12,911.31,29.15,2582.07,9930.6,1.679
2026-01-05 00:17:00,617.87,1496.38,911.07,29.29,2572.73,9927.38,1.678
2026-01-05 00:18:00,617.97,1498.42,907.42,28.85,2567.51,9920.02,1.735
2026-01-05 00:19:00,617.13,1495.21,912.7,28.96,2576.99,9905.03,1.694
2026-01-05 00:20:00,616.84,1493.55,906.26,29.04,2574.47,9903.15,1.703
2026-01-05 00:21:00,614.0,1494.43,907.02,28.79,2586.97,9879.06,1.605
2026-01-05 00:22:00,615.39,1487.91,906.71,28.07,2582.87,9875.07,1.818
2026-01-05 00:23:00,614.97,1495.48,903.98,28.91,2585.85,9918.17,1.744
2026-01-05 00:24:00,618.7,1493.57,912.33,29.52,2579.36,9950.24,1.703
2026-01-05 00:25:00,617.32,1508.35,914.74,29.36,2589.03,9972.38,1.699
2026-01-05 00:26:00,616.51,1501.8,914.9,28.45,2573.92,9907.22,1.681
2026-01-05 00:27:00,613.45,1493.41,911.89,28.81,2584.68,9909.94,1.807
2026-01-05 00:28:00,619.56,1494.34,912.58,28.68,2591.95,9907.95,1.833
2026-01-05 00:29:00,616.57,1509.29,916.95,29.24,2583.85,9945.62,1.691
2026-01-05 00:30:00,621.0,1504.78,916.44,29.38,2590.97,9962.28,1.72
2026-01-05 00:31:00,612.57,1494.69,915.48,29.81,2570.92,9944.6,1.607
2026-01-05 00:32:00,615.48,1499.73,912.73,28.71,2568.97,9910.87,1.586
2026-01-05 00:33:00,617.5,1499.85,915.82,29.28,2588.97,9934.66,1.744
2026-01-05 00:34:00,611.85,1494.76,910.09,28.54,2592.56,9879.1,1.666
2026-01-05 00:35:00,615.16,1491.15,914.49,28.7,2584.39,9933.33,1.703
2026-01-05 00:36:00,621.33,1510.15,919.49,30.19,2605.54,9986.91,1.735
2026-01-05 00:37:00,615.77,1496.43,914.92,29.27,2574.72,9932.68,1.757
2026-01-05 00:38:00,612.59,1494.66,910.83,28.82,2579.85,9907.42,1.723
2026-01-05 00:39:00,619.32,1494.59,920.42,29.67,2588.28,9955.44,1.833
2026-01-05 00:40:00,615.58,1497.64,916.78,29.11,2590.02,9933.53,1.94
2026-01-05 00:41:00,614.95,1493.81,907.77,29.01,2580.65,9908.19,1.627
2026-01-05 00:42:00,620.47,1496.52,914.89,29.11,2579.19,9968.52,1.661
2026-01-05 00:43:00,622.36,1503.48,920.73,29.64,2592.19,9957.22,1.88
2026-01-05 00:44:00,610.41,1496.95,910.17,28.95,2586.73,9917.14,1.715
2026-01-05 00:45:00,615.8,1502.79,909.05,29.06,2583.21,9924.92,1.79
2026-01-05 00:46:00,610.94,1492.94,919.57,28.61,2589.4,9910.65,1.625
2026-01-05 00:47:00,623.38,1500.9,911.95,28.75,2584.26,9909.02,1.629
2026-01-05 00:48:00,616.3,1491.67,906.51,28.92,2584.76,9922.49,1.793
2026-01-05 00:49:00,617.65,1496.29,909.19,28.89,2585.04,9937.26,1.635
2026-01-05 00:50:00,618.64,1508.62,916.83,30.13,2582.44,10003.16,1.904
2026-01-05 00:51:00,616.95,1503.52,917.48,29.94,2580.17,9965.6,1.826
2026-01-05 00:52:00,620.82,1501.9,915.46,29.15,2583.25,9963.02,1.701
2026-01-05 00:53:00,619.95,1510.65,911.88,30.0,2588.8,9991.02,1.903
2026-01-05 00:54:00,622.72,1501.94,907.13,29.25,2572.03,9951.47,1.79
2026-01-05 00:55:00,614.48,1500.91,914.88,28.88,2593.54,9925.26,1.71
2026-01-05 00:56:00,617.24,1500.49,915.17,29.67,2588.02,9973.83,1.772
2026-01-05 00:57:00,618.2,1496.45,917.49,29.3,2578.24,9945.17,1.587
2026-01-05 00:58:00,619.84,1497.87,913.59,29.42,2599.97,9952.44,1.641
2026-01-05 00:59:00,619.12,1498.71,914.54,29.31,2588.03,9969.24,1.823
2026-01-05 01:00:00,613.58,1502.16,912.21,29.45,2575.79,9937.78,1.754
2026-01-05 01:01:00,612.98,1501.55,909.98,28.83,2597.96,9909.85,1.832
2026-01-05 01:02:00,618.75,1504.4,916.28,29.43,2597.61,9945.62,1.774
2026-01-05 01:03:00,613.5,1499.46,913.06,29.72,2579.9,9955.79,1.655
2026-01-05 01:04:00,612.33,1491.94,905.74,28.39,2582.97,9914.36,1.636
2026-01-05 01:05:00,618.77,1504.43,920.08,30.05,2584.93,9992.35,1.715
2026-01-05 01:06:00,617.57,1501.45,917.88,29.65,2572.88,9977.0,1.721
2026-01-05 01:07:00,622.8,1515.25,922.71,30.45,2592.07,10015.02,1.812
2026-01-05 01:08:00,617.09,1502.17,918.31,29.43,2594.56,9971.93,1.859
2026-01-05 01:09:00,615.15,1496.4,913.5,29.73,2592.68,9962.34,1.806
2026-01-05 01:10:00,614.29,1504.14,912.33,28.9,2586.69,9936.8,1.837
2026-01-05 01:11:00,621.69,1498.51,912.68,29.35,2594.23,9943.61,1.774
2026-01-05 01:12:00,619.5,1503.64,918.55,29.48,2578.07,9955.47,1.717
2026-01-05 01:13:00,617.49,1503.02,909.16,29.01,2600.65,9928.27,1.618
2026-01-05 01:14:00,618.15,1505.17,915.89,29.22,2581.18,9960.66,1.805
2026-01-05 01:15:00,612.73,1492.97,912.96,28.72,2580.1,9909.96,1.708
2026-01-05 01:16:00,618.58,1505.06,913.9,30.39,2584.76,10012.11,1.86
2026-01-05 01:17:00,611.16,1496.51,917.89,29.38,2580.77,9924.53,1.678
2026-01-05 01:18:00,616.87,1504.15,909.94,29.81,2585.37,9949.1,1.876
2026-01-05 01:19:00,614.6,1501.36,908.92,29.31,2584.61,9937.54,1.868
2026-01-05 01:20:00,619.01,1493.78,914.73,29.57,2588.48,9962.72,1.687
2026-01-05 01:21:00,616.7,1504.89,917.71,29.11,2579.39,9924.11,1.753
2026-01-05 01:22:00,620.68,1501.87,912.13,29.74,2588.05,9944.08,1.616
2026-01-05 01:23:00,618.95,1505.46,919.55,29.85,2579.34,9978.69,1.704
2026-01-05 01:24:00,621.66,1505.36,922.01,30.37,2595.79,10026.76,1.74
2026-01-05 01:25:00,620.06,1504.57,916.89,30.17,2595.37,10018.54,1.754
2026-01-05 01:26:00,622.33,1515.99,919.04,29.83,2588.46,9990.26,1.757
2026-01-05 01:27:00,624.47,1508.64,923.29,30.18,2583.94,10006.28,1.73
2026-01-05 01:28:00,617.55,1506.7,922.51,29.49,2590.44,9976.0,1.78
2026-01-05 01:29:00,623.44,1500.91,915.12,29.63,2581.17,9984.24,1.652
2026-01-05 01:30:00,618.73,1519.02,916.53,30.29,2590.08,10023.52,1.887
2026-01-05 01:31:00,620.58,1510.91,918.76,30.17,2588.52,10021.71,1.721
2026-01-05 01:32:00,619.04,1507.46,915.14,30.05,2609.66,9992.98,1.769
2026-01-05 01:33:00,620.61,1503.31,917.57,29.26,2576.39,9931.11,1.698
2026-01-05 01:34:00,615.29,1503.51,916.71,29.52,2565.97,9959.26,1.836
2026-01-05 01:35:00,620.75,1503.7,916.54,30.04,2583.56,9994.19,1.756
2026-01-05 01:36:00,615.28,1507.99,922.3,29.94,2574.91,9993.51,1.899
2026-01-05 01:37:00,621.52,1499.34,919.57,28.44,2581.28,9953.8,1.779
2026-01-05 01:38:00,621.03,1508.63,922.79,29.83,2578.67,10004.16,1.716
2026-01-05 01:39:00,620.93,1508.89,921.99,30.31,2582.06,10010.39,1.779
2026-01-05 01:40:00,619.99,1511.83,924.39,29.59,2579.79,9985.2,1.772
2026-01-05 01:41:00,621.62,1509.88,916.11,30.44,2597.25,10016.88,1.861
2026-01-05 01:42:00,617.13,1505.03,916.92,29.8,2587.25,9967.9,1.775
2026-01-05 01:43:00,616.93,1508.6,923.48,30.27,2598.48,10025.41,1.791
2026-01-05 01:44:00,616.89,1500.76,915.48,29.22,2587.35,9952.08,1.688
2026-01-05 01:45:00,619.13,1506.25,912.5,29.45,2594.71,9958.75,1.792
2026-01-05 01:46:00,618.49,1504.06,916.17,29.93,2586.3,9995.7,1.756
2026-01-05 01:47:00,620.32,1514.09,920.9,30.53,2602.75,10028.4,1.754
2026-01-05 01:48:00,620.99,1503.39,922.3,29.22,2592.09,9985.49,1.694
2026-01-05 01:49:00,624.79,1517.79,922.57,30.12,2583.53,10022.7,1.889
2026-01-05 01:50:00,622.12,1501.27,921.96,29.7,2593.71,9996.68,1.666
2026-01-05 01:51:00,625.25,1524.32,925.08,30.06,2591.12,10051.78,1.871
2026-01-05 01:52:00,623.62,1510.78,921.51,29.72,2586.81,9988.26,1.78
2026-01-05 01:53:00,620.51,1506.7,918.57,29.79,2590.16,10013.02,1.755
2026-01-05 01:54:00,617.63,1504.99,914.9,29.33,2593.23,9957.1,1.696
2026-01-05 01:55:00,624.52,1506.86,916.97,29.78,2571.67,9992.77,1.783
2026-01-05 01:56:00,617.87,1505.1,910.18,29.84,2585.3,9979.82,1.728
2026-01-05 01:57:00,618.43,1508.45,916.04,29.77,2593.87,9987.61,1.732
2026-01-05 01:58:00,618.79,1515.21,913.95,30.01,2592.14,10032.52,1.895
2026-01-05 01:59:00,627.15,1512.56,921.04,30.48,2581.05,10030.15,1.801
2026-01-05 02:00:00,627.83,1513.9,923.31,31.24,2571.8,10047.62,1.829
2026-01-05 02:01:00,619.69,1511.33,918.18,29.91,2601.46,9973.32,1.702
2026-01-05 02:02:00,622.62,1511.19,910.38,30.06,2587.08,9991.85,1.861
2026-01-05 02:03:00,622.49,1500.87,917.63,30.24,2601.85,10021.87,1.904
2026-01-05 02:04:00,622.7,1511.64,922.38,29.74,2594.86,9990.09,1.798
2026-01-05 02:05:00,626.62,1514.82,926.33,30.36,2584.02,10037.99,1.935
2026-01-05 02:06:00,618.45,1505.35,921.54,30.45,2570.02,10029.47,1.77
2026-01-05 02:07:00,623.93,1512.35,923.56,30.63,2587.86,10068.5,1.921
2026-01-05 02:08:00,617.39,1518.57,922.67,30.52,2589.95,10035.01,1.788
2026-01-05 02:09:00,618.21,1505.46,924.37,29.95,2592.84,10008.9,1.757
2026-01-05 02:10:00,618.53,1510.81,921.32,29.69,2580.36,10009.21,1.908
2026-01-05 02:11:00,619.54,1512.79,918.77,30.72,2592.92,10067.16,1.817
2026-01-05 02:12:00,623.44,1518.87,922.53,30.79,2591.72,10036.26,1.743
2026-01-05 02:13:00,624.26,1515.33,919.98,30.28,2597.49,10018.36,1.659
2026-01-05 02:14:00,619.76,1517.61,916.23,29.3,2586.98,10014.09,1.801
2026-01-05 02:15:00,619.69,1506.92,917.12,29.77,2592.26,9995.73,1.703
2026-01-05 02:16:00,620.61,1514.32,929.34,30.57,2592.2,10025.92,1.969
2026-01-05 02:17:00,624.71,1508.96,920.47,30.67,2598.08,10056.3,1.976
2026-01-05 02:18:00,620.79,1506.23,919.36,30.76,2584.17,10047.41,1.589
2026-01-05 02:19:00,619.87,1517.39,929.35,30.28,2565.43,10028.41,1.944
2026-01-05 02:20:00,624.08,1515.05,921.85,30.09,2587.13,10003.62,1.729
2026-01-05 02:21:00,618.97,1511.07,920.39,30.2,2587.61,10014.6,1.901
2026-01-05 02:22:00,618.3,1514.52,921.39,29.79,2579.5,9996.61,1.871
2026-01-05 02:23:00,623.88,1506.98,921.06,30.55,2578.01,10030.59,1.922
2026-01-05 02:24:00,620.56,1524.04,922.63,31.13,2586.49,10056.5,1.981
2026-01-05 02:25:00,624.56,1505.91,920.74,30.3,2588.56,10015.2,1.709
2026-01-05 02:26:00,619.46,1512.54,922.13,29.89,2589.27,9990.15,1.697
2026-01-05 02:27:00,620.71,1518.92,913.45,29.28,2569.12,9961.72,1.822
2026-01-05 02:28:00,620.76,1510.47,920.69,30.39,2575.31,10011.57,1.808
2026-01-05 02:29:00,624.43,1521.99,918.46,30.89,2600.9,10076.53,1.909
2026-01-05 02:30:00,623.58,1521.53,921.48,30.67,2588.93,10039.95,1.795
2026-01-05 02:31:00,620.06,1510.23,922.67,30.65,2590.22,10034.69,1.889
2026-01-05 02:32:00,619.18,1522.24,920.69,30.56,2579.14,10023.62,1.705
2026-01-05 02:33:00,620.64,1507.56,919.72,30.42,2589.35,10012.82,1.957
2026-01-05 02:34:00,624.39,1513.76,913.83,30.67,2587.16,10032.74,2.014
2026-01-05 02:35:00,624.57,1515.75,917.54,30.4,2586.02,10053.56,1.691
2026-01-05 02:36:00,620.69,1511.92,917.6,30.21,2578.45,10032.17,1.942
2026-01-05 02:37:00,620.88,1525.13,916.17,30.08,2583.17,10031.71,1.677
2026-01-05 02:38:00,622.81,1508.97,922.64,30.35,2606.75,10053.55,1.882
2026-01-05 02:39:00,622.03,1517.74,920.74,30.48,2586.38,10007.32,1.719
2026-01-05 02:40:00,622.15,1502.5,923.18,30.21,2596.56,10034.71,1.856
2026-01-05 02:41:00,624.43,1507.52,928.94,30.78,2590.41,10079.62,1.758
2026-01-05 02:42:00,626.35,1523.24,931.51,31.38,2590.44,10104.14,1.913
2026-01-05 02:43:00,619.93,1511.12,919.9,29.75,2583.61,9995.13,1.77
2026-01-05 02:44:00,614.56,1514.05,919.34,30.43,2599.27,9990.18,1.76
2026-01-05 02:45:00,620.15,1515.74,920.34,29.82,2591.55,9991.56,1.811
2026-01-05 02:46:00,624.61,1513.47,918.39,30.29,2583.1,10013.6,1.664
2026-01-05 02:47:00,627.88,1518.55,924.5,30.29,2587.16,10036.54,1.87
2026-01-05 02:48:00,626.86,1516.47,921.53,30.24,2599.41,10049.1,1.806
2026-01-05 02:49:00,623.48,1520.1,918.52,30.22,2567.37,10030.71,1.692
2026-01-05 02:50:00,620.93,1510.52,917.65,30.48,2593.31,10049.77,1.887
2026-01-05 02:51:00,620.5,1508.24,913.15,30.11,2594.04,10021.91,1.758
2026-01-05 02:52:00,620.77,1516.1,920.69,29.73,2583.28,10010.04,1.794
2026-01-05 02:53:00,619.57,1517.86,919.96,30.24,2590.73,10015.56,1.829
2026-01-05 02:54:00,618.12,1513.16,916.37,29.8,2592.58,9991.53,1.777
2026-01-05 02:55:00,619.41,1509.18,916.14,29.53,2578.81,9994.07,1.782
2026-01-05 02:56:00,617.86,1507.73,918.06,29.94,2595.39,9994.03,1.832
2026-01-05 02:57:00,626.92,1519.86,920.66,31.24,2594.32,10078.51,1.836
2026-01-05 02:58:00,625.27,1510.75,923.14,30.54,2588.37,10018.21,1.887
2026-01-05 02:59:00,624.29,1523.28,925.94,30.47,2592.87,10080.91,1.952
2026-01-05 03:00:00,621.24,1505.34,916.92,29.77,2594.42,9996.66,1.74
2026-01-05 03:01:00,621.7,1507.7,922.49,29.87,2608.05,10016.24,1.759
2026-01-05 03:02:00,622.79,1520.1,921.67,30.72,2596.36,10066.56,1.897
2026-01-05 03:03:00,623.31,1501.17,910.69,30.09,2594.63,9980.76,1.908
2026-01-05 03:04:00,623.74,1514.83,929.43,31.06,2594.06,10093.08,1.959
2026-01-05 03:05:00,616.35,1512.47,912.56,29.6,2603.3,9979.33,1.701
2026-01-05 03:06:00,625.5,1513.96,922.93,30.56,2579.41,10057.78,1.816
2026-01-05 03:07:00,623.6,1512.67,923.2,30.49,2575.24,10006.32,1.73
2026-01-05 03:08:00,624.77,1519.15,928.89,29.96,2591.7,10040.73,1.942
2026-01-05 03:09:00,632.34,1519.82,929.48,31.31,2598.39,10108.63,1.92
2026-01-05 03:10:00,620.4,1502.42,916.24,29.99,2568.9,10015.64,1.723
2026-01-05 03:11:00,622.99,1519.41,930.85,30.32,2591.07,10056.74,1.804
2026-01-05 03:12:00,619.34,1513.52,921.85,30.67,2588.59,10029.56,1.74
2026-01-05 03:13:00,625.03,1514.12,927.29,30.69,2598.16,10085.28,1.832
2026-01-05 03:14:00,623.82,1511.32,924.14,31.01,2595.6,10084.25,1.909
2026-01-05 03:15:00,627.26,1518.75,925.32,31.0,2577.4,10076.53,1.807
2026-01-05 03:16:00,624.58,1515.54,922.04,30.59,2582.54,10058.86,1.848
2026-01-05 03:17:00,621.49,1522.58,924.64,30.49,2585.14,10069.51,1.875
2026-01-05 03:18:00,621.24,1511.32,914.62,30.16,2595.39,10015.1,1.65
2026-01-05 03:19:00,623.16,1518.66,922.13,30.89,2595.04,10081.18,1.725
2026-01-05 03:20:00,627.15,1517.72,924.6,30.7,2585.39,10037.67,1.784
2026-01-05 03:21:00,619.42,1510.54,924.04,30.35,2590.69,10016.59,1.733
2026-01-05 03:22:00,627.49,1525.1,927.62,31.8,2584.24,10098.09,1.909
2026-01-05 03:23:00,622.45,1514.05,920.16,30.56,2606.86,10040.45,1.797
2026-01-05 03:24:00,622.64,1522.9,928.46,31.14,2596.39,10074.68,1.913
2026-01-05 03:25:00,623.32,1523.35,927.53,31.04,2598.48,10084.85,1.904
2026-01-05 03:26:00,622.44,1505.37,916.29,30.7,2600.72,10021.04,1.877
2026-01-05 03:27:00,625.73,1521.73,928.12,30.53,2598.58,10040.22,1.783
2026-01-05 03:28:00,626.02,1517.05,926.71,30.67,2591.18,10052.37,1.818
2026-01-05 03:29:00,623.79,1511.42,924.07,31.24,2590.64,10083.16,2.024
2026-01-05 03:30:00,626.09,1519.3,924.66,30.9,2602.3,10079.76,1.776
2026-01-05 03:31:00,627.27,1515.96,923.39,30.6,2591.23,10054.83,1.891
2026-01-05 03:32:00,625.57,1512.19,927.47,31.02,2585.47,10066.21,1.929
2026-01-05 03:33:00,623.67,1524.83,922.27,30.93,2606.8,10055.97,1.877
2026-01-05 03:34:00,627.04,1525.59,923.41,31.28,2584.69,10084.56,1.936
2026-01-05 03:35:00,625.12,1516.72,923.83,30.74,2577.25,10057.53,1.84
2026-01-05 03:36:00,627.59,1516.12,920.22,30.42,2597.87,10026.69,1.852
2026-01-05 03:37:00,628.1,1516.42,925.92,30.87,2584.89,10047.55,1.849
2026-01-05 03:38:00,625.51,1508.94,922.81,30.47,2594.55,10055.96,1.726
2026-01-05 03:39:00,622.62,1522.82,917.7,30.51,2604.91,10038.2,1.806
2026-01-05 03:40:00,623.55,1514.98,920.54,29.52,2578.64,10019.16,1.686
2026-01-05 03:41:00,627.67,1530.74,926.33,31.13,2591.33,10071.1,1.903
2026-01-05 03:42:00,625.13,1513.67,923.07,30.41,2602.52,10045.38,1.848
2026-01-05 03:43:00,624.91,1522.98,921.12,31.1,2598.1,10096.53,1.952
2026-01-05 03:44:00,625.74,1503.82,915.59,30.01,2587.57,10003.14,1.703
2026-01-05 03:45:00,624.05,1508.73,926.64,30.98,2610.41,10061.8,1.852
2026-01-05 03:46:00,628.06,1521.18,928.1,31.05,2589.47,10034.57,1.831
2026-01-05 03:47:00,618.82,1517.15,922.05,30.13,2593.58,10038.87,1.985
2026-01-05 03:48:00,624.78,1516.85,925.38,30.51,2604.19,10054.2,1.822
2026-01-05 03:49:00,623.51,1502.99,930.65,30.9,2599.21,10063.72,1.802
2026-01-05 03:50:00,622.19,1508.46,920.83,30.16,2600.48,10026.24,1.816
2026-01-05 03:51:00,625.92,1523.13,921.01,31.13,2584.37,10068.85,1.983
2026-01-05 03:52:00,629.17,1515.21,927.09,31.02,2601.83,10080.04,1.929
2026-01-05 03:53:00,624.18,1518.0,924.86,31.09,2592.8,10065.57,1.9
2026-01-05 03:54:00,621.13,1512.48,921.51,30.24,2583.81,10022.89,1.792
2026-01-05 03:55:00,620.47,1508.38,918.35,30.5,2591.74,10027.67,1.797
2026-01-05 03:56:00,624.61,1519.14,927.98,30.76,2593.33,10075.12,1.976
2026-01-05 03:57:00,630.0,1516.43,920.47,31.9,2607.96,10106.23,1.851
2026-01-05 03:58:00,628.08,1521.74,924.27,30.17,2593.68,10044.69,1.79
2026-01-05 03:59:00,620.14,1514.17,921.03,30.28,2583.99,10034.68,1.687
2026-01-05 04:00:00,623.91,1522.39,923.56,30.73,2583.96,10081.26,1.738
2026-01-05 04:01:00,622.8,1523.53,924.78,31.39,2591.98,10089.14,1.96
2026-01-05 04:02:00,626.34,1521.54,923.43,31.17,2581.14,10077.84,1.697
2026-01-05 04:03:00,629.05,1510.86,928.3,30.68,2586.04,10073.92,1.984
2026-01-05 04:04:00,621.0,1506.98,927.54,30.16,2586.67,9993.15,1.766
2026-01-05 04:05:00,627.98,1516.94,923.87,30.97,2588.85,10085.8,1.896
2026-01-05 04:06:00,625.86,1521.42,924.46,30.71,2596.5,10046.11,1.916
2026-01-05 04:07:00,621.85,1512.68,922.82,30.74,2584.7,10044.08,1.781
2026-01-05 04:08:00,622.24,1522.27,925.72,30.58,2571.0,10048.12,1.881
2026-01-05 04:09:00,625.02,1527.13,925.07,31.37,2578.74,10085.73,1.785
2026-01-05 04:10:00,625.08,1510.5,922.02,30.22,2589.52,10019.79,1.757
2026-01-05 04:11:00,628.54,1522.82,927.83,31.22,2587.52,10085.44,1.901
2026-01-05 04:12:00,627.36,1522.97,929.77,31.47,2583.47,10115.0,1.927
2026-01-05 04:13:00,628.35,1528.91,928.02,30.22,2606.56,10051.59,1.865
2026-01-05 04:14:00,624.81,1521.75,927.7,30.59,2597.34,10046.8,1.95
2026-01-05 04:15:00,623.45,1512.04,921.43,30.17,2589.57,10029.56,1.811
2026-01-05 04:16:00,623.79,1521.61,928.64,31.68,2594.62,10099.47,2.008
2026-01-05 04:17:00,626.61,1512.55,922.07,30.35,2588.8,10052.37,1.842
2026-01-05 04:18:00,627.59,1521.06,930.81,31.66,2582.8,10101.37,1.929
2026-01-05 04:19:00,624.64,1518.39,920.88,30.86,2599.78,10067.92,1.909
2026-01-05 04:20:00,625.65,1517.88,929.04,31.32,2599.26,10091.61,1.832
2026-01-05 04:21:00,626.94,1514.02,923.2,30.16,2574.56,10038.3,1.842
2026-01-05 04:22:00,628.36,1519.44,929.32,31.04,2593.95,10083.46,1.749
2026-01-05 04:23:00,626.29,1527.47,927.56,31.18,2595.49,10100.49,1.889
2026-01-05 04:24:00,625.07,1512.42,922.62,30.52,2586.32,10000.16,1.798
2026-01-05 04:25:00,630.11,1515.84,925.25,30.98,2609.03,10086.53,1.911
2026-01-05 04:26:00,627.24,1519.05,925.14,31.11,2607.21,10062.02,1.836
2026-01-05 04:27:00,625.45,1515.82,918.7,30.93,2587.75,10048.49,1.977
2026-01-05 04:28:00,622.49,1529.96,927.62,31.88,2591.75,10119.34,1.762
2026-01-05 04:29:00,625.66,1515.8,919.83,30.1,2586.89,10018.56,1.714
2026-01-05 04:30:00,624.33,1527.44,927.33,31.98,2588.43,10114.07,1.816
2026-01-05 04:31:00,624.41,1530.98,927.77,31.78,2585.23,10095.44,1.873
2026-01-05 04:32:00,624.3,1518.59,930.57,31.38,2596.69,10096.31,1.814
2026-01-05 04:33:00,624.91,1519.11,926.83,31.21,2608.43,10099.11,1.786
2026-01-05 04:34:00,627.1,1513.93,920.26,30.67,2603.87,10066.27,1.809
2026-01-05 04:35:00,628.25,1524.99,925.18,31.03,2597.86,10068.29,1.734
2026-01-05 04:36:00,626.79,1523.39,928.26,30.95,2572.37,10070.29,1.882
2026-01-05 04:37:00,631.73,1524.9,930.38,31.25,2577.49,10090.46,1.896
2026-01-05 04:38:00,624.11,1515.9,922.07,30.41,2599.58,10055.9,1.739
2026-01-05 04:39:00,627.22,1522.39,923.69,31.36,2605.77,10101.01,1.951
2026-01-05 04:40:00,625.49,1526.09,934.54,32.18,2598.81,10141.25,1.812
2026-01-05 04:41:00,625.01,1523.81,927.71,31.59,2590.47,10103.45,1.84
2026-01-05 04:42:00,619.18,1516.74,920.77,30.5,2601.48,10045.7,1.85
2026-01-05 04:43:00,620.95,1519.15,921.2,30.54,2596.59,10043.11,1.835
2026-01-05 04:44:00,629.51,1526.17,928.48,30.87,2601.58,10092.37,1.748
2026-01-05 04:45:00,622.31,1524.68,929.16,31.2,2578.02,10102.45,1.918
2026-01-05 04:46:00,624.17,1527.05,927.66,31.43,2596.05,10113.51,1.889
2026-01-05 04:47:00,621.37,1524.04,921.12,30.7,2604.68,10041.09,1.98
2026-01-05 04:48:00,630.04,1527.82,922.9,30.8,2595.96,10073.44,1.904
2026-01-05 04:49:00,630.53,1519.08,924.01,30.63,2599.07,10066.66,1.968
2026-01-05 04:50:00,625.29,1520.98,922.72,31.11,2591.86,10069.04,1.777
2026-01-05 04:51:00,628.42,1521.55,922.63,30.87,2592.59,10073.3,1.73
2026-01-05 04:52:00,621.82,1516.55,928.49,30.62,2602.55,10062.67,1.953
2026-01-05 04:53:00,633.24,1529.46,926.59,31.93,2588.55,10129.04,1.936
2026-01-05 04:54:00,624.84,1525.65,924.5,31.49,2586.75,10102.83,2.03
2026-01-05 04:55:00,629.58,1526.63,934.82,31.44,2589.4,10111.47,1.981
2026-01-05 04:56:00,625.85,1523.71,923.4,30.88,2591.91,10072.94,1.942
2026-01-05 04:57:00,620.26,1518.25,924.65,31.12,2579.0,10076.83,1.896
2026-01-05 04:58:00,624.25,1525.82,930.76,30.86,2596.87,10054.79,1.772
2026-01-05 04:59:00,629.18,1529.45,929.13,31.53,2591.87,10110.52,1.81
2026-01-05 05:00:00,621.39,1516.98,927.09,31.03,2598.64,10075.16,1.696
2026-01-05 05:01:00,626.17,1517.47,923.18,30.83,2574.81,10073.95,1.815
2026-01-05 05:02:00,623.65,1519.43,924.86,30.71,2598.24,10064.04,1.848
2026-01-05 05:03:00,629.14,1519.88,923.41,31.22,2603.25,10094.32,1.868
2026-01-05 05:04:00,626.35,1539.31,930.14,31.53,2597.53,10131.9,1.912
2026-01-05 05:05:00,628.68,1530.38,929.1,31.1,2593.11,10102.32,1.713
2026-01-05 05:06:00,630.12,1529.49,934.44,31.59,2600.48,10120.13,1.916
2026-01-05 05:07:00,627.8,1526.99,927.19,31.8,2603.56,10115.77,2.018
2026-01-05 05:08:00,624.86,1515.87,928.3,30.26,2595.36,10058.7,1.78
2026-01-05 05:09:00,629.11,1514.39,927.95,30.89,2596.57,10074.49,1.743
2026-01-05 05:10:00,623.24,1517.55,922.69,30.85,2604.43,10058.65,1.718
2026-01-05 05:11:00,623.46,1514.6,924.47,31.04,2597.24,10058.1,1.793
2026-01-05 05:12:00,630.02,1528.51,929.2,32.04,2587.12,10119.07,1.869
2026-01-05 05:13:00,628.63,1524.33,923.83,31.2,2602.7,10094.52,1.891
2026-01-05 05:14:00,626.62,1526.4,926.78,31.77,2591.62,10095.76,1.939
2026-01-05 05:15:00,619.66,1513.76,919.15,30.65,2590.74,10040.8,1.751
2026-01-05 05:16:00,633.05,1523.8,931.23,32.2,2595.53,10148.79,1.885
2026-01-05 05:17:00,622.52,1518.62,924.96,30.88,2599.98,10085.99,1.737
2026-01-05 05:18:00,636.33,1532.16,931.79,32.45,2609.62,10173.28,1.996
2026-01-05 05:19:00,621.7,1518.37,922.45,31.09,2591.61,10065.04,1.818
2026-01-05 05:20:00,623.02,1517.47,922.49,30.67,2605.19,10063.02,1.828
2026-01-05 05:21:00,624.29,1512.44,917.32,29.94,2591.93,10044.4,1.936
2026-01-05 05:22:00,629.18,1521.58,931.08,31.45,2604.21,10105.47,1.894
2026-01-05 05:23:00,622.89,1512.0,925.15,30.91,2593.3,10072.67,1.991
2026-01-05 05:24:00,629.62,1518.72,928.23,31.49,2588.32,10086.72,1.928
2026-01-05 05:25:00,625.71,1520.78,924.04,30.29,2605.51,10031.99,1.786
2026-01-05 05:26:00,627.93,1524.02,929.2,31.59,2589.31,10131.69,1.821
2026-01-05 05:27:00,629.42,1520.72,928.3,31.52,2588.91,10135.3,1.901
2026-01-05 05:28:00,633.36,1533.88,930.45,31.76,2584.39,10142.61,2.002
2026-01-05 05:29:00,630.12,1525.88,926.78,31.78,2602.26,10083.16,1.754
2026-01-05 05:30:00,628.12,1522.08,927.16,30.84,2604.51,10092.49,1.826
2026-01-05 05:31:00,621.9,1514.36,927.66,30.47,2594.21,10060.13,1.779
2026-01-05 05:32:00,623.57,1521.22,931.04,31.23,2584.66,10093.53,1.841
2026-01-05 05:33:00,622.88,1522.26,930.4,31.67,2592.27,10088.27,1.902
2026-01-05 05:34:00,626.49,1523.1,933.3,31.7,2590.87,10113.29,1.909
2026-01-05 05:35:00,629.13,1520.75,926.46,32.07,2585.52,10125.25,1.919
2026-01-05 05:36:00,629.54,1530.77,933.46,31.63,2589.99,10128.81,1.797
2026-01-05 05:37:00,628.71,1520.9,926.1,30.76,2596.17,10083.23,1.923
2026-01-05 05:38:00,623.85,1533.16,930.2,31.23,2587.95,10100.35,1.962
2026-01-05 05:39:00,627.24,1523.2,925.45,31.35,2595.24,10103.28,1.865
2026-01-05 05:40:00,627.95,1527.87,925.87,31.5,2579.04,10112.03,1.821
2026-01-05 05:41:00,619.13,1519.6,919.55,30.94,2605.22,10074.63,1.924
2026-01-05 05:42:00,627.54,1518.7,928.18,31.5,2589.69,10101.17,1.99
2026-01-05 05:43:00,637.15,1527.87,930.97,31.43,2600.53,10120.26,1.931
2026-01-05 05:44:00,629.83,1531.71,926.88,31.09,2594.26,10099.21,1.823
2026-01-05 05:45:00,628.44,1523.16,932.15,30.86,2595.49,10086.93,1.785
2026-01-05 05:46:00,626.25,1528.62,927.22,31.48,2583.99,10106.82,1.934
2026-01-05 05:47:00,632.13,1530.8,930.39,32.39,2589.64,10175.81,1.829
2026-01-05 05:48:00,633.45,1522.76,930.6,31.91,2587.75,10122.4,1.791
2026-01-05 05:49:00,625.3,1523.39,931.35,31.63,2592.7,10092.89,1.893
2026-01-05 05:50:00,629.92,1519.71,926.81,31.18,2603.81,10110.88,2.018
2026-01-05 05:51:00,628.2,1523.73,929.76,31.17,2595.74,10087.11,1.963
2026-01-05 05:52:00,631.72,1524.7,925.97,31.26,2585.51,10098.24,1.911
2026-01-05 05:53:00,628.94,1521.4,927.76,30.78,2592.97,10087.02,1.704
2026-01-05 05:54:00,628.63,1531.61,929.41,31.08,2591.77,10090.78,1.678
2026-01-05 05:55:00,630.2,1529.93,931.03,32.13,2591.12,10129.43,1.896
2026-01-05 05:56:00,624.4,1518.84,923.48,31.09,2592.4,10093.58,2.018
2026-01-05 05:57:00,627.95,1517.63,924.51,30.58,2597.27,10058.43,1.774
2026-01-05 05:58:00,625.13,1523.69,921.12,31.25,2586.79,10094.25,1.946
2026-01-05 05:59:00,626.97,1523.51,922.04,31.43,2589.64,10090.44,1.899
2026-01-05 06:00:00,630.34,1529.4,927.57,31.78,2602.14,10138.6,1.873
2026-01-05 06:01:00,625.78,1530.98,925.48,31.65,2597.33,10120.48,1.869
2026-01-05 06:02:00,629.59,1526.17,929.08,31.34,2604.65,10142.08,1.787
2026-01-05 06:03:00,623.17,1524.72,925.76,31.41,2604.07,10095.1,1.913
2026-01-05 06:04:00,625.82,1517.01,924.06,31.35,2581.77,10096.93,1.828
2026-01-05 06:05:00,626.63,1521.54,928.27,31.32,2594.4,10082.34,1.935
2026-01-05 06:06:00,629.18,1523.48,928.76,30.97,2589.01,10107.59,1.872
2026-01-05 06:07:00,628.65,1527.96,931.61,31.12,2582.77,10089.25,1.849
2026-01-05 06:08:00,627.46,1533.46,926.26,32.26,2588.43,10150.56,1.761
2026-01-05 06:09:00,629.7,1524.23,928.65,31.06,2589.99,10090.15,1.897
2026-01-05 06:10:00,624.98,1527.47,930.5,31.39,2590.54,10103.15,1.927
2026-01-05 06:11:00,629.49,1519.72,929.42,31.04,2587.37,10085.79,1.971
2026-01-05 06:12:00,632.19,1526.46,928.48,31.52,2593.46,10120.36,1.834
2026-01-05 06:13:00,621.1,1515.19,923.76,30.84,2610.07,10041.37,1.852
2026-01-05 06:14:00,627.66,1523.53,930.49,31.14,2579.43,10111.7,1.926
2026-01-05 06:15:00,626.14,1516.98,927.98,31.09,2601.21,10082.85,1.765
2026-01-05 06:16:00,626.31,1519.65,928.8,30.79,2590.86,10054.45,1.792
2026-01-05 06:17:00,621.52,1519.19,920.44,30.74,2586.88,10038.42,1.733
2026-01-05 06:18:00,624.27,1527.88,930.43,30.7,2574.89,10055.28,1.755
2026-01-05 06:19:00,629.74,1524.66,931.91,31.72,2599.28,10110.26,1.861
2026-01-05 06:20:00,628.86,1527.83,932.12,31.93,2582.99,10144.8,1.87
2026-01-05 06:21:00,627.65,1521.74,928.08,31.45,2599.66,10106.57,1.888
2026-01-05 06:22:00,632.97,1527.58,935.34,31.68,2607.63,10123.75,1.955
2026-01-05 06:23:00,623.28,1521.99,925.08,31.5,2582.51,10099.91,1.931
2026-01-05 06:24:00,628.73,1527.03,926.47,31.5,2602.22,10102.38,1.948
2026-01-05 06:25:00,625.15,1520.42,926.91,30.96,2592.69,10092.61,1.855
2026-01-05 06:26:00,626.57,1515.77,924.62,31.1,2575.19,10078.46,1.823
2026-01-05 06:27:00,624.76,1524.58,927.2,31.08,2582.02,10071.34,1.759
2026-01-05 06:28:00,620.93,1516.14,928.97,30.92,2591.93,10041.59,1.887
2026-01-05 06:29:00,630.54,1529.76,930.87,31.92,2598.38,10161.62,2.02
2026-01-05 06:30:00,633.21,1522.61,926.98,31.01,2578.79,10065.48,1.953
2026-01-05 06:31:00,625.75,1522.64,930.77,30.93,2592.11,10076.34,1.887
2026-01-05 06:32:00,623.54,1519.35,926.34,31.05,2598.41,10075.5,1.824
2026-01-05 06:33:00,625.18,1519.08,930.5,30.7,2599.7,10072.67,1.772
2026-01-05 06:34:00,632.68,1535.97,930.83,31.47,2589.88,10110.33,1.786
2026-01-05 06:35:00,628.7,1533.73,932.2,31.86,2597.57,10133.06,1.758
2026-01-05 06:36:00,627.76,1513.23,922.09,30.6,2599.93,10063.26,1.933
2026-01-05 06:37:00,622.63,1518.28,928.33,31.4,2598.74,10077.99,1.894
2026-01-05 06:38:00,626.04,1527.13,926.9,30.45,2598.48,10063.23,2.038
2026-01-05 06:39:00,630.65,1526.26,932.04,31.86,2594.81,10128.8,1.901
2026-01-05 06:40:00,629.69,1521.45,929.63,30.54,2591.48,10086.09,1.876
2026-01-05 06:41:00,627.94,1518.53,925.89,30.93,2593.97,10074.58,1.89
2026-01-05 06:42:00,628.07,1525.14,929.51,31.05,2585.51,10070.11,1.905
2026-01-05 06:43:00,629.35,1519.33,931.06,31.3,2601.06,10084.3,1.816
2026-01-05 06:44:00,627.53,1529.72,931.62,31.76,2581.82,10133.01,1.911
2026-01-05 06:45:00,626.58,1534.33,924.89,31.49,2589.36,10115.76,1.96
2026-01-05 06:46:00,627.38,1519.25,926.18,31.34,2592.08,10089.47,2.002
2026-01-05 06:47:00,626.41,1511.17,922.51,30.55,2593.56,10023.55,1.743
2026-01-05 06:48:00,628.28,1522.94,924.91,31.27,2596.85,10069.52,1.872
2026-01-05 06:49:00,632.47,1523.79,930.72,31.51,2606.11,10136.46,1.925
2026-01-05 06:50:00,629.02,1530.04,928.95,31.88,2595.11,10144.07,1.903
2026-01-05 06:51:00,626.1,1519.37,924.74,29.99,2584.73,10040.72,1.912
2026-01-05 06:52:00,622.78,1516.07,931.67,30.48,2590.13,10061.7,2.032
2026-01-05 06:53:00,624.11,1517.9,920.48,30.49,2588.3,10050.52,1.869
2026-01-05 06:54:00,629.53,1530.06,934.41,31.64,2597.18,10106.3,1.828
2026-01-05 06:55:00,626.38,1525.98,931.04,30.89,2583.3,10075.67,1.748
2026-01-05 06:56:00,625.03,1530.5,926.66,31.0,2590.62,10080.72,1.861
2026-01-05 06:57:00,628.56,1519.87,926.99,30.98,2604.52,10068.04,1.931
2026-01-05 06:58:00,623.28,1514.89,924.07,30.24,2591.53,10030.85,1.806
2026-01-05 06:59:00,628.25,1517.99,925.29,30.34,2582.91,10062.91,1.872
2026-01-05 07:00:00,621.94,1521.57,927.09,30.9,2589.33,10081.29,2.024
2026-01-05 07:01:00,632.24,1525.9,923.91,31.47,2575.38,10111.91,1.947
2026-01-05 07:02:00,622.14,1516.81,924.57,30.48,2589.48,10027.37,1.825
2026-01-05 07:03:00,629.7,1521.14,930.79,31.17,2605.62,10091.3,1.769
2026-01-05 07:04:00,627.71,1527.47,925.46,31.47,2583.34,10101.4,1.95
2026-01-05 07:05:00,625.48,1516.64,921.57,30.85,2579.06,10046.82,1.882
2026-01-05 07:06:00,624.71,1519.59,926.49,31.42,2586.98,10085.18,1.937
2026-01-05 07:07:00,624.07,1525.99,926.69,31.37,2600.11,10098.98,1.783
2026-01-05 07:08:00,631.35,1533.03,928.98,31.54,2607.82,10136.16,1.916
2026-01-05 07:09:00,619.92,1525.36,930.64,30.24,2594.1,10041.8,1.879
2026-01-05 07:10:00,623.63,1524.36,932.93,30.86,2581.95,10086.13,1.755
2026-01-05 07:11:00,630.31,1522.42,929.85,30.81,2591.84,10080.57,1.878
2026-01-05 07:12:00,623.63,1513.38,922.38,30.68,2605.11,10049.05,1.926
2026-01-05 07:13:00,624.33,1525.07,927.26,31.52,2589.47,10078.86,1.814
2026-01-05 07:14:00,629.93,1515.63,922.88,30.98,2592.71,10069.34,1.942
2026-01-05 07:15:00,631.33,1518.88,926.28,31.17,2594.29,10089.52,1.878
2026-01-05 07:16:00,628.31,1533.96,930.71,31.8,2581.04,10116.27,1.908
2026-01-05 07:17:00,630.97,1526.21,930.37,30.95,2600.24,10086.57,1.951
2026-01-05 07:18:00,629.35,1519.83,927.19,30.98,2597.84,10054.52,1.79
2026-01-05 07:19:00,627.0,1515.13,926.03,31.4,2576.33,10087.14,1.77
2026-01-05 07:20:00,628.05,1524.95,930.79,31.31,2582.01,10096.77,1.861
2026-01-05 07:21:00,625.59,1522.12,924.22,31.28,2583.34,10056.8,1.872
2026-01-05 07:22:00,623.37,1516.53,930.03,31.71,2599.05,10107.37,1.92
2026-01-05 07:23:00,627.83,1522.7,927.88,30.76,2585.06,10056.18,1.871
2026-01-05 07:24:00,625.79,1516.03,931.87,30.98,2595.08,10076.54,1.804
2026-01-05 07:25:00,624.07,1513.03,924.41,30.35,2588.79,10034.88,1.865
2026-01-05 07:26:00,629.19,1520.83,927.53,31.94,2595.16,10146.57,1.92
2026-01-05 07:27:00,623.23,1519.1,921.63,30.71,2595.02,10055.72,1.968
2026-01-05 07:28:00,628.3,1518.74,929.68,31.25,2594.94,10099.53,1.956
2026-01-05 07:29:00,622.18,1518.88,918.56,30.63,2590.74,10051.46,1.883
2026-01-05 07:30:00,624.34,1521.7,924.3,30.59,2594.1,10066.69,1.841
2026-01-05 07:31:00,625.87,1526.93,927.79,31.39,2595.08,10114.45,1.87
2026-01-05 07:32:00,626.07,1527.09,926.63,30.82,2590.77,10091.57,1.86
2026-01-05 07:33:00,621.26,1523.13,927.7,31.45,2589.35,10100.56,1.908
2026-01-05 07:34:00,626.75,1523.92,925.36,31.39,2607.93,10102.77,1.966
2026-01-05 07:35:00,627.23,1519.96,921.39,31.12,2588.69,10086.0,1.755
2026-01-05 07:36:00,626.92,1522.43,928.19,31.22,2602.73,10074.73,1.822
2026-01-05 07:37:00,628.05,1514.33,924.16,30.68,2586.03,10067.32,1.956
2026-01-05 07:38:00,625.6,1523.04,929.68,31.13,2599.17,10097.76,1.838
2026-01-05 07:39:00,624.05,1526.62,925.66,30.75,2606.43,10084.18,1.803
2026-01-05 07:40:00,631.22,1528.71,931.49,31.81,2590.7,10116.03,1.986
2026-01-05 07:41:00,625.63,1524.84,926.55,31.09,2586.31,10070.89,1.899
2026-01-05 07:42:00,626.86,1522.44,928.37,31.29,2588.24,10071.65,1.878
2026-01-05 07:43:00,632.91,1520.92,933.3,31.57,2592.16,10088.18,1.924
2026-01-05 07:44:00,625.72,1519.76,927.57,30.98,2594.63,10081.53,1.846
2026-01-05 07:45:00,624.58,1512.73,927.52,30.92,2591.77,10082.22,1.872
2026-01-05 07:46:00,623.74,1526.14,926.74,30.43,2588.09,10065.76,1.862
2026-01-05 07:47:00,627.04,1527.71,922.73,31.06,2608.41,10099.77,1.86
2026-01-05 07:48:00,627.65,1514.8,924.55,30.76,2589.73,10062.95,1.826
2026-01-05 07:49:00,627.42,1523.18,930.14,30.53,2586.97,10078.11,1.796
2026-01-05 07:50:00,629.77,1523.28,927.84,30.39,2597.48,10050.06,1.801
2026-01-05 07:51:00,628.52,1524.12,926.78,31.07,2598.85,10081.97,1.834
2026-01-05 07:52:00,620.36,1521.99,927.19,30.91,2602.21,10051.86,1.693
2026-01-05 07:53:00,630.75,1529.59,926.91,31.4,2608.91,10118.29,1.951
2026-01-05 07:54:00,626.07,1521.29,927.97,30.79,2593.87,10056.78,1.869
2026-01-05 07:55:00,625.65,1520.02,924.23,31.27,2588.94,10060.55,1.969
2026-01-05 07:56:00,628.78,1519.9,926.32,30.23,2575.67,10051.33,1.737
2026-01-05 07:57:00,623.08,1512.9,920.2,30.74,2582.76,10035.34,1.747
2026-01-05 07:58:00,625.66,1519.8,924.48,30.5,2591.76,10030.89,1.9
2026-01-05 07:59:00,622.36,1526.0,917.71,31.26,2582.2,10070.9,1.763
2026-01-05 08:00:00,624.06,1519.89,927.26,31.66,2580.34,10106.35,1.888
2026-01-05 08:01:00,624.35,1519.96,923.65,30.81,2592.25,10072.99,1.842
2026-01-05 08:02:00,624.27,1515.43,922.73,30.73,2597.24,10055.0,1.968
2026-01-05 08:03:00,629.3,1526.68,918.33,30.56,2589.63,10069.66,1.855
2026-01-05 08:04:00,625.71,1527.39,927.26,31.22,2599.98,10100.76,1.882
2026-01-05 08:05:00,631.7,1525.04,929.43,31.19,2597.27,10088.74,1.894
2026-01-05 08:06:00,621.9,1514.04,921.29,30.78,2600.14,10052.88,1.775
2026-01-05 08:07:00,624.68,1515.83,926.11,31.08,2608.87,10066.67,1.815
2026-01-05 08:08:00,628.82,1523.44,932.46,31.97,2614.36,10117.27,1.814
2026-01-05 08:09:00,626.84,1513.51,927.15,31.14,2598.37,10093.21,1.932
2026-01-05 08:10:00,626.33,1523.31,926.27,30.99,2587.28,10053.13,1.9
2026-01-05 08:11:00,632.5,1524.76,928.05,31.08,2592.33,10075.78,1.797
2026-01-05 08:12:00,625.81,1528.28,929.48,31.1,2605.64,10107.03,1.872
2026-01-05 08:13:00,625.38,1515.64,922.32,30.7,2583.91,10055.66,1.859
2026-01-05 08:14:00,625.71,1521.95,923.46,30.93,2603.12,10068.04,1.747
2026-01-05 08:15:00,629.55,1519.24,925.06,31.34,2592.04,10116.0,1.944
2026-01-05 08:16:00,624.63,1512.31,924.94,30.36,2592.51,10046.47,1.753
2026-01-05 08:17:00,626.02,1527.19,922.93,30.56,2584.86,10062.68,1.718
2026-01-05 08:18:00,619.8,1513.13,922.06,30.23,2579.38,10027.79,1.827
2026-01-05 08:19:00,622.59,1518.86,921.91,30.59,2589.02,10060.69,1.9
2026-01-05 08:20:00,621.97,1517.63,924.61,31.02,2601.4,10053.57,1.917
2026-01-05 08:21:00,625.03,1514.9,928.2,30.39,2586.2,10075.37,1.901
2026-01-05 08:22:00,622.69,1516.86,926.41,30.9,2604.34,10065.54,1.801
2026-01-05 08:23:00,622.88,1517.6,918.41,30.93,2586.65,10060.33,1.999
2026-01-05 08:24:00,624.3,1521.51,926.32,30.71,2583.13,10071.74,1.866
2026-01-05 08:25:00,622.28,1506.89,922.46,30.57,2592.77,10047.55,1.766
2026-01-05 08:26:00,625.17,1516.12,926.55,30.96,2597.37,10078.44,1.945
2026-01-05 08:27:00,624.75,1523.84,926.52,31.27,2594.14,10096.41,1.907
2026-01-05 08:28:00,625.08,1514.14,922.43,30.8,2591.95,10047.61,2.003
2026-01-05 08:29:00,622.49,1522.26,927.42,31.24,2604.91,10082.33,1.995
2026-01-05 08:30:00,624.19,1519.21,925.14,30.51,2591.59,10050.05,1.811
2026-01-05 08:31:00,621.45,1512.18,924.08,29.82,2585.71,10015.1,1.715
2026-01-05 08:32:00,619.45,1525.13,925.93,30.72,2581.83,10051.51,1.804
2026-01-05 08:33:00,636.46,1524.81,931.61,31.59,2604.18,10131.2,1.731
2026-01-05 08:34:00,626.03,1519.14,922.42,30.48,2587.28,10046.25,1.842
2026-01-05 08:35:00,625.49,1517.78,924.41,30.81,2588.46,10056.47,1.927
2026-01-05 08:36:00,624.82,1521.12,929.09,30.95,2600.41,10079.8,1.871
2026-01-05 08:37:00,627.86,1522.92,927.88,31.16,2608.49,10081.5,1.909
2026-01-05 08:38:00,623.42,1521.86,927.38,31.68,2593.97,10078.85,1.93
2026-01-05 08:39:00,622.32,1497.49,924.71,30.5,2588.75,10024.58,1.94
2026-01-05 08:40:00,621.47,1524.45,922.17,30.98,2590.74,10048.77,1.855
2026-01-05 08:41:00,625.89,1521.71,927.35,31.51,2589.26,10103.37,1.873
2026-01-05 08:42:00,623.94,1526.65,926.73,31.11,2589.22,10081.82,1.825
2026-01-05 08:43:00,626.43,1508.89,916.74,30.49,2587.13,10026.94,1.951
2026-01-05 08:44:00,622.31,1514.12,926.53,30.94,2598.59,10062.03,1.806
2026-01-05 08:45:00,623.21,1513.69,919.11,30.71,2589.63,10037.11,1.98
2026-01-05 08:46:00,621.46,1522.64,925.64,30.94,2602.47,10069.69,1.834
2026-01-05 08:47:00,622.92,1514.91,924.68,29.95,2588.77,10020.79,1.751
2026-01-05 08:48:00,628.91,1518.4,920.59,30.2,2587.63,10043.17,1.871
2026-01-05 08:49:00,624.2,1512.78,916.29,30.44,2600.07,10024.71,1.841
2026-01-05 08:50:00,618.26,1512.98,916.55,30.48,2591.28,10057.0,1.716
2026-01-05 08:51:00,626.98,1524.45,928.18,30.96,2590.2,10059.67,1.907
2026-01-05 08:52:00,623.32,1514.01,926.77,30.78,2590.46,10033.58,1.681
2026-01-05 08:53:00,626.38,1514.62,919.52,30.14,2601.19,10014.59,1.958
2026-01-05 08:54:00,622.03,1505.09,924.59,30.85,2592.95,10041.52,1.722
2026-01-05 08:55:00,617.41,1510.0,919.56,29.97,2598.63,9993.33,1.818
2026-01-05 08:56:00,621.69,1511.66,921.19,30.16,2587.48,10012.02,1.854
2026-01-05 08:57:00,622.57,1516.21,926.79,30.35,2598.57,10024.9,1.898
2026-01-05 08:58:00,620.35,1526.43,920.53,30.66,2593.34,10065.5,1.742
2026-01-05 08:59:00,622.66,1519.64,924.37,30.36,2597.7,10044.93,1.88
2026-01-05 09:00:00,626.69,1525.35,921.54,30.74,2599.98,10086.34,1.79
2026-01-05 09:01:00,623.71,1516.45,917.1,30.15,2582.35,10025.48,1.842
2026-01-05 09:02:00,626.07,1515.07,918.58,30.73,2590.03,10014.6,1.658
2026-01-05 09:03:00,621.36,1512.55,922.82,29.79,2597.03,10012.43,1.853
2026-01-05 09:04:00,621.79,1520.87,927.5,30.62,2600.49,10068.7,1.964
2026-01-05 09:05:00,625.3,1525.68,930.53,30.83,2601.94,10077.64,1.845
2026-01-05 09:06:00,620.74,1508.76,919.21,29.93,2590.08,10009.18,1.816
2026-01-05 09:07:00,626.19,1515.98,921.26,30.68,2603.0,10046.06,1.889
2026-01-05 09:08:00,625.87,1520.1,927.37,30.68,2586.08,10062.97,1.882
2026-01-05 09:09:00,620.88,1511.11,919.41,30.16,2577.56,10016.16,1.686
2026-01-05 09:10:00,624.0,1520.68,924.84,30.47,2588.67,10051.4,1.747
2026-01-05 09:11:00,625.64,1516.81,925.39,31.02,2601.78,10085.41,1.843
2026-01-05 09:12:00,628.46,1515.53,922.87,30.93,2582.95,10070.73,1.871
2026-01-05 09:13:00,624.23,1516.98,930.13,30.42,2578.47,10034.58,1.792
2026-01-05 09:14:00,625.8,1517.18,929.35,31.71,2578.66,10091.02,1.888
2026-01-05 09:15:00,626.84,1527.42,928.44,31.37,2598.78,10102.99,1.972
2026-01-05 09:16:00,621.59,1510.77,921.38,30.21,2578.09,10020.04,1.789
2026-01-05 09:17:00,618.54,1517.89,921.63,29.56,2593.83,10014.12,1.725
2026-01-05 09:18:00,617.4,1505.26,923.48,30.11,2586.42,10004.08,1.844
2026-01-05 09:19:00,623.11,1511.77,925.21,30.25,2584.9,10055.84,1.947
2026-01-05 09:20:00,623.85,1507.38,918.24,30.08,2580.73,9995.54,1.82
2026-01-05 09:21:00,625.68,1514.49,916.86,30.35,2591.48,10024.2,1.784
2026-01-05 09:22:00,620.53,1515.75,921.48,30.83,2584.71,10047.69,1.828
2026-01-05 09:23:00,621.85,1516.91,923.26,29.73,2588.52,9991.56,1.756
2026-01-05 09:24:00,623.87,1511.57,919.09,30.32,2593.02,10023.6,1.844
2026-01-05 09:25:00,625.57,1527.0,932.24,31.54,2597.78,10102.5,1.722
2026-01-05 09:26:00,626.05,1506.3,922.62,30.24,2597.75,10035.69,1.839
2026-01-05 09:27:00,624.1,1507.78,925.35,30.19,2590.34,10003.4,1.79
2026-01-05 09:28:00,625.53,1516.05,924.04,30.96,2582.9,10061.9,1.926
2026-01-05 09:29:00,623.43,1509.65,915.91,30.69,2594.72,10054.2,1.734
2026-01-05 09:30:00,621.35,1520.73,923.91,31.22,2596.54,10061.76,1.762
2026-01-05 09:31:00,626.44,1510.95,920.23,30.34,2588.07,10016.19,1.843
2026-01-05 09:32:00,623.76,1515.89,918.69,30.03,2587.9,10033.92,1.934
2026-01-05 09:33:00,620.68,1509.44,919.26,30.37,2609.05,10009.19,1.798
2026-01-05 09:34:00,618.04,1503.75,915.4,29.48,2577.51,9973.38,1.761
2026-01-05 09:35:00,617.85,1504.15,913.26,29.95,2592.12,9981.48,1.724
2026-01-05 09:36:00,624.44,1513.56,920.5,30.73,2599.19,10049.79,1.847
2026-01-05 09:37:00,622.95,1512.54,921.0,29.24,2585.88,9992.76,1.718
2026-01-05 09:38:00,628.92,1513.27,923.4,30.51,2588.59,10027.04,1.718
2026-01-05 09:39:00,620.64,1502.78,918.73,30.34,2586.84,10029.88,1.87
2026-01-05 09:40:00,621.57,1509.42,919.56,29.9,2588.94,10001.35,1.733
2026-01-05 09:41:00,615.67,1505.05,922.67,29.65,2595.38,9981.96,1.84
2026-01-05 09:42:00,617.2,1508.11,924.01,30.32,2587.68,10009.67,1.805
2026-01-05 09:43:00,622.2,1508.55,920.96,30.01,2614.5,10018.58,1.896
2026-01-05 09:44:00,618.4,1503.22,920.32,30.05,2584.62,9983.24,1.701
2026-01-05 09:45:00,619.25,1517.44,918.67,30.31,2601.94,10052.3,1.91
2026-01-05 09:46:00,619.81,1508.02,921.37,30.54,2594.62,10035.35,1.832
2026-01-05 09:47:00,622.53,1522.3,923.4,30.38,2590.31,10014.32,1.696
2026-01-05 09:48:00,624.08,1517.97,915.68,30.67,2602.08,10036.74,1.775
2026-01-05 09:49:00,617.91,1508.28,914.96,30.34,2576.95,10022.19,1.765
2026-01-05 09:50:00,625.68,1509.44,918.32,30.3,2593.34,10026.89,1.856
2026-01-05 09:51:00,618.77,1507.08,916.61,29.65,2582.54,9983.99,1.712
2026-01-05 09:52:00,626.06,1521.69,925.27,30.38,2587.4,10051.31,1.747
2026-01-05 09:53:00,620.91,1506.75,915.37,29.8,2584.96,9998.23,1.768
2026-01-05 09:54:00,624.38,1511.94,925.41,30.4,2583.07,10048.53,1.917
2026-01-05 09:55:00,619.05,1504.03,926.7,29.91,2576.23,10014.34,1.824
2026-01-05 09:56:00,622.98,1513.5,920.42,31.08,2593.85,10047.68,1.82
2026-01-05 09:57:00,623.54,1510.24,917.69,30.02,2589.68,10033.92,1.878
2026-01-05 09:58:00,623.03,1515.77,921.48,30.62,2587.49,10025.85,1.746
2026-01-05 09:59:00,620.35,1498.4,919.97,29.12,2593.29,9956.95,1.91
2026-01-05 10:00:00,626.07,1516.02,922.95,30.05,2593.42,10023.47,1.955
2026-01-05 10:01:00,623.4,1515.68,926.35,30.17,2588.03,10032.68,1.792
2026-01-05 10:02:00,622.59,1501.81,918.61,29.6,2612.94,9990.72,1.801
2026-01-05 10:03:00,620.88,1511.33,921.01,30.38,2597.49,10011.69,1.802
2026-01-05 10:04:00,623.97,1509.63,926.44,30.08,2608.26,9995.27,1.755
2026-01-05 10:05:00,617.15,1504.99,917.88,30.28,2586.56,10025.46,1.896
2026-01-05 10:06:00,627.37,1518.57,923.51,31.39,2592.97,10053.56,1.73
2026-01-05 10:07:00,618.12,1500.03,918.86,30.11,2579.34,10009.12,1.779
2026-01-05 10:08:00,624.79,1496.44,925.08,29.91,2585.94,9992.03,1.835
2026-01-05 10:09:00,624.89,1514.57,925.71,30.6,2586.48,10058.19,1.976
2026-01-05 10:10:00,624.2,1507.82,921.23,29.96,2613.33,10012.18,1.92
2026-01-05 10:11:00,624.17,1511.98,922.76,30.35,2584.78,10036.68,1.777
2026-01-05 10:12:00,621.86,1509.35,922.47,29.99,2586.38,9983.69,1.725
2026-01-05 10:13:00,622.79,1510.02,919.38,30.19,2577.39,10003.42,1.77
2026-01-05 10:14:00,619.35,1512.62,922.42,29.98,2592.17,9974.61,1.894
2026-01-05 10:15:00,622.93,1510.65,918.77,29.65,2581.21,9987.64,1.823
2026-01-05 10:16:00,609.31,1503.8,913.49,29.65,2594.77,9962.21,1.998
2026-01-05 10:17:00,620.24,1507.36,916.25,30.06,2574.55,9999.22,1.851
2026-01-05 10:18:00,621.24,1500.8,921.31,29.87,2587.21,9981.94,1.921
2026-01-05 10:19:00,621.74,1515.7,913.43,29.49,2573.28,9978.28,1.776
2026-01-05 10:20:00,622.3,1508.38,921.83,29.51,2584.3,9982.93,1.721
2026-01-05 10:21:00,618.34,1510.81,912.59,29.59,2584.99,9958.79,1.96
2026-01-05 10:22:00,620.7,1505.76,914.94,30.33,2584.43,10008.49,1.702
2026-01-05 10:23:00,620.58,1507.15,916.03,29.51,2583.9,9974.65,1.802
2026-01-05 10:24:00,624.09,1510.6,922.68,30.33,2597.2,10013.97,1.822
2026-01-05 10:25:00,625.67,1519.54,922.83,30.73,2607.54,10032.25,1.781
2026-01-05 10:26:00,622.39,1515.23,924.12,30.01,2591.91,10007.78,1.837
2026-01-05 10:27:00,624.01,1500.47,916.15,28.93,2579.92,9946.23,1.746
2026-01-05 10:28:00,619.43,1506.11,919.31,29.5,2588.91,9987.25,1.721
2026-01-05 10:29:00,621.35,1507.13,924.03,30.0,2586.56,10013.05,1.709
2026-01-05 10:30:00,624.01,1509.9,916.04,29.79,2595.71,9992.51,1.83
2026-01-05 10:31:00,621.44,1498.2,915.64,29.63,2590.13,9972.64,1.716
2026-01-05 10:32:00,622.37,1505.27,913.18,30.29,2577.15,10022.69,1.779
2026-01-05 10:33:00,617.63,1505.8,922.21,29.66,2596.87,9979.31,1.718
2026-01-05 10:34:00,623.38,1516.16,921.25,30.89,2598.74,10054.34,1.784
2026-01-05 10:35:00,620.66,1505.5,917.61,29.48,2599.89,9975.41,1.769
2026-01-05 10:36:00,626.61,1509.32,919.53,30.69,2585.85,10028.02,1.725
2026-01-05 10:37:00,624.92,1505.45,913.05,29.76,2589.9,9964.21,1.747
2026-01-05 10:38:00,616.4,1504.35,917.81,29.28,2576.65,9928.95,1.79
2026-01-05 10:39:00,622.96,1506.71,921.04,29.64,2587.91,9985.4,1.838
2026-01-05 10:40:00,619.35,1505.65,918.41,29.83,2591.66,9989.55,1.753
2026-01-05 10:41:00,617.56,1501.22,920.71,29.28,2581.13,9931.44,1.688
2026-01-05 10:42:00,617.32,1503.08,920.17,29.87,2591.4,9994.21,1.892
2026-01-05 10:43:00,621.22,1497.01,919.29,29.53,2589.36,9977.6,1.815
2026-01-05 10:44:00,619.63,1507.54,911.43,29.43,2584.15,9970.8,1.819
2026-01-05 10:45:00,621.45,1512.84,917.32,29.97,2600.5,10011.2,1.911
2026-01-05 10:46:00,618.63,1503.12,919.26,29.57,2586.6,9989.41,1.876
2026-01-05 10:47:00,619.71,1503.97,913.02,30.37,2588.94,9974.01,1.851
2026-01-05 10:48:00,618.25,1497.5,913.45,28.83,2575.16,9948.65,1.618
2026-01-05 10:49:00,616.28,1497.93,912.6,29.17,2591.34,9956.18,1.72
2026-01-05 10:50:00,617.81,1514.47,922.12,30.48,2586.04,10024.97,1.714
2026-01-05 10:51:00,615.8,1499.64,916.13,29.68,2596.11,9988.86,1.9
2026-01-05 10:52:00,613.21,1498.03,911.69,29.33,2576.69,9956.14,1.738
2026-01-05 10:53:00,618.84,1500.42,921.38,29.72,2591.22,9971.4,1.717
2026-01-05 10:54:00,614.08,1499.72,915.25,29.37,2568.82,9932.71,1.773
2026-01-05 10:55:00,619.51,1499.31,916.41,28.91,2590.82,9922.86,1.79
2026-01-05 10:56:00,621.65,1506.8,920.27,30.45,2588.13,10016.48,1.854
2026-01-05 10:57:00,613.85,1508.62,918.88,28.87,2590.02,9946.95,1.76
2026-01-05 10:58:00,620.82,1517.37,922.39,30.16,2585.0,10023.58,1.918
2026-01-05 10:59:00,613.11,1504.73,910.83,29.82,2580.41,9977.23,1.757
2026-01-05 11:00:00,615.61,1503.86,922.23,29.82,2583.45,9949.48,1.641
2026-01-05 11:01:00,618.34,1503.71,923.15,29.4,2589.37,9972.98,1.749
2026-01-05 11:02:00,611.52,1492.91,909.18,28.84,2590.92,9933.67,1.714
2026-01-05 11:03:00,623.43,1499.02,911.83,29.67,2590.11,9968.98,1.828
2026-01-05 11:04:00,620.11,1506.7,912.94,29.29,2579.26,9945.04,1.833
2026-01-05 11:05:00,619.98,1507.97,916.35,29.97,2604.04,10011.47,1.752
2026-01-05 11:06:00,623.42,1503.62,919.2,29.36,2590.56,9974.62,1.61
2026-01-05 11:07:00,613.8,1496.91,912.4,28.64,2580.27,9906.3,1.886
2026-01-05 11:08:00,619.39,1510.05,916.96,30.12,2592.25,9999.19,1.818
2026-01-05 11:09:00,619.75,1500.32,917.3,29.13,2588.63,9940.8,1.591
2026-01-05 11:10:00,613.68,1495.66,913.62,29.54,2585.28,9943.22,1.627
2026-01-05 11:11:00,620.0,1494.51,919.19,29.33,2584.68,9951.91,1.783
2026-01-05 11:12:00,618.29,1500.93,915.22,29.68,2595.38,9964.37,1.733
2026-01-05 11:13:00,621.94,1509.27,924.23,30.03,2602.62,9997.56,1.901
2026-01-05 11:14:00,622.87,1501.08,923.18,28.93,2569.74,9926.48,1.704
2026-01-05 11:15:00,619.23,1499.27,916.81,29.77,2597.45,9967.07,1.771
2026-01-05 11:16:00,619.54,1500.45,916.61,29.33,2588.0,9972.93,1.734
2026-01-05 11:17:00,615.75,1504.09,917.72,29.89,2590.88,10002.4,1.795
2026-01-05 11:18:00,619.45,1499.83,920.35,29.61,2598.88,9978.91,1.791
2026-01-05 11:19:00,618.75,1502.13,921.12,30.08,2567.61,9998.84,1.91
2026-01-05 11:20:00,618.21,1501.47,910.94,29.58,2593.72,9956.64,1.793
2026-01-05 11:21:00,616.53,1509.1,917.29,29.06,2596.98,9944.12,1.766
2026-01-05 11:22:00,620.71,1514.88,916.74,29.5,2582.62,9980.55,1.848
2026-01-05 11:23:00,614.69,1505.07,915.75,29.26,2575.52,9942.86,1.863
2026-01-05 11:24:00,617.86,1503.28,915.11,29.22,2600.86,9970.57,1.674
2026-01-05 11:25:00,617.54,1499.3,917.57,30.09,2574.37,9987.98,1.742
2026-01-05 11:26:00,615.43,1517.23,913.48,29.53,2591.02,9968.76,1.795
2026-01-05 11:27:00,616.24,1501.74,910.06,28.85,2594.54,9934.85,1.752
2026-01-05 11:28:00,617.45,1493.98,912.94,29.04,2590.13,9950.3,1.715
2026-01-05 11:29:00,617.55,1516.32,917.52,29.79,2592.57,9978.57,1.63
2026-01-05 11:30:00,618.65,1502.53,916.21,29.56,2585.26,9961.11,1.75
2026-01-05 11:31:00,616.53,1504.3,916.06,29.38,2591.34,9967.94,1.808
2026-01-05 11:32:00,613.71,1497.14,911.34,28.95,2580.2,9922.27,1.858
2026-01-05 11:33:00,618.75,1503.01,910.98,28.63,2581.04,9917.4,1.741
2026-01-05 11:34:00,615.07,1502.05,917.29,29.0,2586.41,9928.9,1.748
2026-01-05 11:35:00,616.49,1500.2,914.52,29.43,2573.81,9929.15,1.685
2026-01-05 11:36:00,613.2,1504.81,912.42,29.74,2591.17,9940.06,1.757
2026-01-05 11:37:00,617.37,1500.65,917.37,28.93,2566.05,9922.92,1.703
2026-01-05 11:38:00,617.45,1498.34,910.27,29.39,2589.67,9945.43,1.806
2026-01-05 11:39:00,618.89,1502.06,916.71,29.6,2591.09,9962.59,1.811
2026-01-05 11:40:00,620.84,1499.4,917.52,29.23,2581.54,9974.46,1.897
2026-01-05 11:41:00,619.63,1498.63,914.14,29.27,2577.71,9966.51,1.8
2026-01-05 11:42:00,616.59,1496.11,914.72,28.24,2582.13,9910.08,1.777
2026-01-05 11:43:00,619.66,1506.26,911.55,29.56,2592.38,9958.12,1.661
2026-01-05 11:44:00,615.4,1500.41,913.8,29.83,2589.72,9950.16,1.792
2026-01-05 11:45:00,615.36,1493.01,910.85,29.23,2576.94,9921.37,1.801
2026-01-05 11:46:00,617.3,1499.48,911.74,29.48,2588.18,9960.14,1.782
2026-01-05 11:47:00,620.92,1493.73,915.74,29.23,2588.79,9943.62,1.756
2026-01-05 11:48:00,621.09,1504.0,922.53,29.48,2589.39,9967.85,1.765
2026-01-05 11:49:00,615.2,1503.79,916.4,29.81,2579.66,9965.66,1.909
2026-01-05 11:50:00,617.73,1500.22,915.13,29.17,2587.52,9932.87,1.621
2026-01-05 11:51:00,613.88,1501.43,912.95,29.41,2594.47,9954.61,1.869
2026-01-05 11:52:00,617.88,1496.99,913.26,29.06,2591.22,9949.52,1.797
2026-01-05 11:53:00,615.89,1495.56,909.36,28.7,2587.88,9889.54,1.679
2026-01-05 11:54:00,611.19,1484.23,909.23,28.45,2597.55,9884.7,1.758
2026-01-05 11:55:00,611.54,1489.76,910.27,28.9,2586.7,9909.16,1.766
2026-01-05 11:56:00,615.82,1497.65,917.69,29.43,2579.74,9937.98,1.676
2026-01-05 11:57:00,609.67,1488.63,907.5,27.62,2576.31,9849.19,1.774
2026-01-05 11:58:00,612.44,1497.36,908.68,28.32,2585.55,9877.89,1.727
2026-01-05 11:59:00,613.72,1500.15,906.92,28.81,2574.2,9917.98,1.678
2026-01-05 12:00:00,616.54,1500.31,915.13,28.29,2581.71,9879.45,1.835
2026-01-05 12:01:00,610.46,1499.96,915.38,28.51,2589.04,9908.33,1.782
2026-01-05 12:02:00,612.78,1502.01,908.18,28.79,2595.22,9921.77,1.775
2026-01-05 12:03:00,624.12,1501.07,918.0,29.46,2575.77,9980.24,1.873
2026-01-05 12:04:00,621.15,1507.52,915.35,29.23,2586.81,9926.12,1.749
2026-01-05 12:05:00,617.15,1505.1,911.04,28.88,2584.76,9907.78,1.802
2026-01-05 12:06:00,615.02,1490.09,908.66,29.1,2586.32,9926.19,1.811
2026-01-05 12:07:00,616.81,1492.94,913.55,28.19,2586.09,9898.98,1.683
2026-01-05 12:08:00,612.65,1493.86,914.29,29.33,2585.21,9911.84,1.723
2026-01-05 12:09:00,606.8,1493.19,914.49,28.6,2596.19,9901.44,1.691
2026-01-05 12:10:00,615.11,1492.2,915.68,29.51,2596.13,9930.2,1.862
2026-01-05 12:11:00,612.86,1489.56,913.52,28.95,2602.39,9906.32,1.614
2026-01-05 12:12:00,612.92,1491.52,903.91,28.43,2584.34,9885.16,1.744
2026-01-05 12:13:00,615.79,1493.71,913.42,29.5,2582.63,9923.43,1.854
2026-01-05 12:14:00,618.93,1497.53,913.75,28.95,2577.62,9909.44,1.637
2026-01-05 12:15:00,611.27,1494.77,906.26,28.2,2579.57,9867.32,1.708
2026-01-05 12:16:00,611.92,1489.21,911.69,28.59,2590.72,9900.21,1.824
2026-01-05 12:17:00,615.43,1506.81,911.77,29.16,2592.59,9916.51,1.711
2026-01-05 12:18:00,616.76,1503.36,907.71,28.84,2591.28,9922.4,1.756
2026-01-05 12:19:00,617.84,1495.59,918.06,29.22,2581.56,9948.31,1.747
2026-01-05 12:20:00,614.4,1493.87,919.67,29.18,2581.65,9949.53,1.69
2026-01-05 12:21:00,618.0,1497.67,911.75,29.15,2602.61,9950.4,1.736
2026-01-05 12:22:00,616.08,1500.49,917.51,29.32,2580.74,9961.71,1.724
2026-01-05 12:23:00,613.21,1498.76,908.74,29.47,2597.37,9926.64,1.624
2026-01-05 12:24:00,615.38,1496.56,912.03,28.9,2588.11,9896.85,1.841
2026-01-05 12:25:00,613.71,1497.55,911.15,28.78,2579.26,9903.04,1.765
2026-01-05 12:26:00,612.13,1492.51,909.2,28.3,2574.77,9880.6,1.682
2026-01-05 12:27:00,614.13,1492.91,914.01,28.6,2579.65,9904.06,1.692
2026-01-05 12:28:00,612.65,1492.03,910.19,28.51,2588.1,9893.75,1.689
2026-01-05 12:29:00,612.06,1501.99,911.18,29.29,2578.21,9912.52,1.677
2026-01-05 12:30:00,613.46,1480.66,906.37,28.73,2597.36,9897.95,1.695
2026-01-05 12:31:00,610.23,1490.01,911.11,28.46,2582.09,9868.03,1.631
2026-01-05 12:32:00,618.47,1495.88,908.04,28.77,2590.71,9902.76,1.786
2026-01-05 12:33:00,612.35,1491.41,914.09,28.71,2590.7,9919.1,1.593
2026-01-05 12:34:00,611.78,1486.08,906.44,27.7,2594.93,9821.76,1.688
2026-01-05 12:35:00,612.84,1491.31,903.99,27.83,2579.73,9854.53,1.624
2026-01-05 12:36:00,610.59,1485.53,903.16,28.36,2583.98,9851.89,1.765
2026-01-05 12:37:00,609.46,1497.3,907.23,28.12,2572.65,9870.63,1.692
2026-01-05 12:38:00,615.85,1487.36,909.93,28.51,2585.73,9897.43,1.754
2026-01-05 12:39:00,610.09,1494.95,911.88,28.99,2594.41,9907.55,1.684
2026-01-05 12:40:00,611.86,1495.5,909.23,28.8,2587.61,9921.91,1.848
2026-01-05 12:41:00,615.96,1495.27,913.91,28.5,2603.12,9890.25,1.621
2026-01-05 12:42:00,614.43,1498.35,904.59,28.13,2589.47,9907.93,1.68
2026-01-05 12:43:00,612.33,1490.98,911.35,28.67,2580.87,9904.89,1.653
2026-01-05 12:44:00,612.12,1496.25,907.99,28.91,2588.87,9905.67,1.727
2026-01-05 12:45:00,612.84,1503.02,912.33,29.2,2575.3,9951.68,1.775
2026-01-05 12:46:00,619.92,1493.15,915.2,29.09,2579.41,9920.67,1.643
2026-01-05 12:47:00,616.04,1490.02,913.04,28.44,2574.53,9881.16,1.63
2026-01-05 12:48:00,612.9,1500.48,913.23,29.16,2585.74,9915.68,1.651
2026-01-05 12:49:00,607.98,1485.41,908.19,27.63,2581.88,9832.26,1.562
2026-01-05 12:50:00,613.69,1482.94,912.77,28.24,2593.49,9870.35,1.651
2026-01-05 12:51:00,609.68,1491.23,913.17,28.11,2583.59,9884.09,1.855
2026-01-05 12:52:00,613.15,1497.56,909.88,28.37,2576.09,9877.23,1.722
2026-01-05 12:53:00,614.47,1495.74,914.79,28.96,2598.6,9928.92,1.697
2026-01-05 12:54:00,607.82,1490.33,908.14,28.15,2559.12,9840.22,1.663
2026-01-05 12:55:00,617.58,1488.69,912.1,28.71,2585.84,9913.66,1.614
2026-01-05 12:56:00,608.61,1476.55,909.42,28.25,2585.75,9874.58,1.589
2026-01-05 12:57:00,610.1,1489.39,906.43,27.66,2582.34,9833.66,1.612
2026-01-05 12:58:00,612.17,1485.24,903.79,28.4,2588.13,9877.71,1.61
2026-01-05 12:59:00,615.65,1487.95,911.81,28.96,2585.22,9882.78,1.784
2026-01-05 13:00:00,609.31,1478.63,903.37,27.07,2586.78,9842.94,1.838
2026-01-05 13:01:00,618.57,1494.91,904.74,28.26,2578.95,9868.44,1.774
2026-01-05 13:02:00,612.32,1492.9,919.57,29.15,2573.83,9912.89,1.675
2026-01-05 13:03:00,613.26,1492.29,907.52,28.53,2584.54,9897.73,1.727
2026-01-05 13:04:00,613.58,1482.1,909.34,28.26,2575.1,9856.56,1.738
2026-01-05 13:05:00,616.65,1487.79,905.05,28.57,2577.95,9868.54,1.737
2026-01-05 13:06:00,611.15,1489.67,906.91,28.19,2593.01,9866.97,1.823
2026-01-05 13:07:00,617.78,1492.64,909.8,28.46,2597.28,9895.37,1.629
2026-01-05 13:08:00,609.07,1475.44,898.89,27.72,2590.5,9806.44,1.674
2026-01-05 13:09:00,608.19,1484.51,908.55,28.03,2590.3,9839.34,1.68
2026-01-05 13:10:00,611.63,1490.72,914.81,28.42,2584.73,9880.74,1.687
2026-01-05 13:11:00,609.67,1485.45,905.55,28.21,2591.24,9851.54,1.569
2026-01-05 13:12:00,608.54,1491.52,901.96,28.76,2587.35,9887.3,1.602
2026-01-05 13:13:00,611.71,1486.82,904.38,28.18,2599.11,9862.19,1.804
2026-01-05 13:14:00,610.54,1489.08,903.78,27.99,2575.32,9839.85,1.753
2026-01-05 13:15:00,612.46,1483.01,908.11,28.12,2588.3,9846.47,1.598
2026-01-05 13:16:00,612.6,1491.32,907.74,28.75,2575.44,9914.23,1.595
2026-01-05 13:17:00,609.24,1487.71,913.37,28.59,2589.25,9869.8,1.709
2026-01-05 13:18:00,616.6,1494.77,906.19,27.7,2569.05,9843.57,1.681
2026-01-05 13:19:00,611.47,1483.68,909.47,28.46,2574.73,9885.54,1.589
2026-01-05 13:20:00,614.4,1482.06,906.82,28.66,2574.1,9883.58,1.881
2026-01-05 13:21:00,609.24,1477.01,903.33,27.14,2583.15,9800.67,1.758
2026-01-05 13:22:00,615.61,1485.88,907.16,28.41,2586.35,9861.77,1.614
2026-01-05 13:23:00,608.3,1486.45,906.15,28.07,2602.6,9848.49,1.796
2026-01-05 13:24:00,612.88,1486.2,908.38,28.69,2583.29,9874.82,1.729
2026-01-05 13:25:00,610.79,1489.95,908.44,28.48,2590.12,9872.63,1.767
2026-01-05 13:26:00,611.42,1490.8,907.87,28.62,2586.21,9897.95,1.66
2026-01-05 13:27:00,609.76,1485.87,911.49,27.63,2587.15,9813.62,1.717
2026-01-05 13:28:00,609.51,1487.04,907.2,28.15,2584.33,9853.27,1.873
2026-01-05 13:29:00,605.03,1484.47,905.78,28.48,2591.65,9844.8,1.783
2026-01-05 13:30:00,608.71,1485.03,904.66,28.0,2574.46,9845.48,1.749
2026-01-05 13:31:00,611.78,1495.09,904.98,28.45,2564.82,9884.62,1.569
2026-01-05 13:32:00,615.29,1485.24,905.82,28.39,2587.59,9880.69,1.783
2026-01-05 13:33:00,604.95,1475.23,903.48,27.95,2568.2,9839.22,1.722
2026-01-05 13:34:00,608.4,1483.46,904.84,27.43,2592.58,9824.97,1.61
2026-01-05 13:35:00,608.41,1485.25,907.41,28.0,2578.86,9854.75,1.67
2026-01-05 13:36:00,613.23,1483.22,908.19,28.0,2575.4,9866.69,1.698
2026-01-05 13:37:00,605.96,1480.51,901.0,27.51,2603.73,9826.21,1.719
2026-01-05 13:38:00,610.16,1473.55,910.65,27.65,2581.11,9803.67,1.546
2026-01-05 13:39:00,610.94,1485.56,908.28,28.1,2581.55,9854.48,1.7
2026-01-05 13:40:00,608.08,1477.13,900.49,27.01,2586.48,9784.11,1.772
2026-01-05 13:41:00,612.13,1485.14,903.93,27.93,2589.37,9844.67,1.732
2026-01-05 13:42:00,607.35,1483.04,908.5,27.92,2592.0,9845.69,1.604
2026-01-05 13:43:00,610.12,1490.77,906.16,27.98,2572.18,9844.52,1.711
2026-01-05 13:44:00,610.79,1490.38,908.4,27.43,2586.64,9831.9,1.719
2026-01-05 13:45:00,609.81,1488.87,904.73,27.71,2580.53,9845.41,1.525
2026-01-05 13:46:00,608.08,1494.44,906.43,27.67,2575.66,9849.18,1.717
2026-01-05 13:47:00,612.06,1489.24,901.99,27.64,2582.91,9836.41,1.685
2026-01-05 13:48:00,608.81,1483.79,907.31,27.76,2568.26,9842.03,1.562
2026-01-05 13:49:00,610.13,1480.83,902.38,27.68,2590.12,9841.86,1.841
2026-01-05 13:50:00,609.79,1482.81,908.59,28.44,2581.36,9866.31,1.73
2026-01-05 13:51:00,604.62,1493.85,907.42,28.86,2580.32,9877.96,1.697
2026-01-05 13:52:00,612.3,1479.26,909.68,28.38,2582.35,9860.3,1.632
2026-01-05 13:53:00,613.09,1493.19,911.84,28.18,2582.58,9872.28,1.718
2026-01-05 13:54:00,607.42,1478.43,901.65,28.04,2592.04,9846.28,1.724
2026-01-05 13:55:00,604.86,1478.94,901.52,27.98,2574.15,9846.48,1.797
2026-01-05 13:56:00,607.68,1485.17,911.27,27.89,2580.02,9850.46,1.684
2026-01-05 13:57:00,611.61,1483.44,906.14,28.05,2580.36,9825.28,1.568
2026-01-05 13:58:00,606.59,1477.24,904.97,27.88,2572.53,9798.51,1.652
2026-01-05 13:59:00,611.49,1483.82,903.69,28.04,2585.44,9878.65,1.707
2026-01-05 14:00:00,609.9,1479.94,903.79,28.76,2578.36,9878.05,1.845
2026-01-05 14:01:00,609.45,1472.62,904.81,27.84,2571.65,9845.66,1.714
2026-01-05 14:02:00,606.94,1490.63,905.06,27.98,2587.28,9850.5,1.725
2026-01-05 14:03:00,608.97,1482.23,902.2,28.12,2595.45,9850.53,1.65
2026-01-05 14:04:00,613.01,1481.35,907.09,28.58,2583.91,9862.07,1.731
2026-01-05 14:05:00,604.42,1479.91,896.53,27.51,2580.4,9802.95,1.594
2026-01-05 14:06:00,608.02,1478.26,905.15,27.91,2581.35,9831.73,1.694
2026-01-05 14:07:00,611.45,1478.58,901.67,28.02,2578.22,9831.78,1.744
2026-01-05 14:08:00,611.79,1488.87,907.94,28.09,2591.8,9834.21,1.682
2026-01-05 14:09:00,608.88,1482.19,903.31,27.59,2582.06,9805.06,1.751
2026-01-05 14:10:00,605.5,1472.72,900.41,27.14,2562.1,9759.28,1.744
2026-01-05 14:11:00,607.83,1475.06,905.91,26.99,2589.89,9779.22,1.737
2026-01-05 14:12:00,608.01,1482.0,902.08,27.34,2589.88,9829.22,1.684
2026-01-05 14:13:00,611.51,1483.81,901.36,28.22,2587.05,9828.84,1.605
2026-01-05 14:14:00,610.29,1488.58,911.41,28.15,2562.14,9879.13,1.635
2026-01-05 14:15:00,607.06,1488.11,910.41,28.03,2583.4,9859.56,1.744
2026-01-05 14:16:00,605.19,1477.24,908.01,27.93,2590.12,9847.86,1.714
2026-01-05 14:17:00,606.87,1479.68,896.87,27.86,2585.93,9845.92,1.687
2026-01-05 14:18:00,608.73,1487.15,908.12,27.73,2584.31,9839.95,1.645
2026-01-05 14:19:00,605.6,1476.08,899.72,27.37,2587.83,9788.55,1.653
2026-01-05 14:20:00,605.16,1483.83,906.15,27.95,2583.55,9834.17,1.573
2026-01-05 14:21:00,607.38,1481.67,900.56,27.78,2591.42,9817.56,1.62
2026-01-05 14:22:00,608.3,1486.01,905.77,28.56,2585.51,9879.75,1.699
2026-01-05 14:23:00,610.25,1483.27,903.29,27.79,2583.26,9838.44,1.742
2026-01-05 14:24:00,608.76,1476.59,900.2,26.97,2587.25,9774.21,1.721
2026-01-05 14:25:00,614.36,1478.46,899.41,27.98,2578.83,9823.28,1.52
2026-01-05 14:26:00,607.81,1487.03,903.42,27.79,2573.91,9840.5,1.56
2026-01-05 14:27:00,607.21,1475.57,903.23,27.67,2582.39,9832.11,1.739
2026-01-05 14:28:00,605.22,1481.06,906.65,27.98,2586.9,9827.36,1.687
2026-01-05 14:29:00,603.91,1475.21,903.38,27.6,2589.14,9816.09,1.721
2026-01-05 14:30:00,607.44,1477.48,903.11,27.49,2589.21,9816.88,1.622
2026-01-05 14:31:00,605.32,1482.13,901.3,27.19,2580.29,9792.94,1.61
2026-01-05 14:32:00,604.1,1480.46,893.17,27.85,2580.27,9813.5,1.61
2026-01-05 14:33:00,606.11,1471.59,898.96,27.19,2575.28,9771.84,1.427
2026-01-05 14:34:00,605.2,1478.84,903.59,27.96,2584.63,9839.2,1.597
2026-01-05 14:35:00,608.81,1477.89,900.73,26.91,2567.39,9784.71,1.565
2026-01-05 14:36:00,609.25,1478.74,900.63,27.65,2581.87,9814.83,1.596
2026-01-05 14:37:00,605.8,1477.73,895.86,27.64,2604.8,9823.03,1.598
2026-01-05 14:38:00,612.35,1488.62,900.29,27.53,2570.16,9827.74,1.606
2026-01-05 14:39:00,609.73,1476.97,901.0,27.44,2582.96,9815.28,1.652
2026-01-05 14:40:00,608.26,1474.69,901.76,27.5,2583.9,9794.08,1.7
2026-01-05 14:41:00,602.6,1477.19,893.01,27.68,2585.06,9797.43,1.429
2026-01-05 14:42:00,602.17,1468.34,900.79,27.0,2572.96,9789.29,1.578
2026-01-05 14:43:00,609.54,1471.29,899.99,27.19,2585.3,9801.67,1.589
2026-01-05 14:44:00,609.63,1473.5,902.44,27.36,2576.19,9783.5,1.527
2026-01-05 14:45:00,611.33,1478.34,901.21,27.5,2570.32,9816.19,1.76
2026-01-05 14:46:00,610.57,1474.32,903.15,27.16,2587.56,9770.11,1.552
2026-01-05 14:47:00,610.82,1479.34,907.92,27.52,2587.1,9817.32,1.705
2026-01-05 14:48:00,606.14,1471.12,895.96,26.92,2571.45,9750.52,1.565
2026-01-05 14:49:00,605.72,1470.0,894.86,27.03,2576.69,9798.27,1.761
2026-01-05 14:50:00,606.78,1483.21,905.02,27.84,2577.39,9823.71,1.609
2026-01-05 14:51:00,606.85,1466.74,902.88,26.27,2566.11,9752.31,1.556
2026-01-05 14:52:00,607.47,1476.09,896.62,27.31,2586.21,9774.21,1.629
2026-01-05 14:53:00,607.04,1464.75,904.72,26.95,2586.15,9765.14,1.758
2026-01-05 14:54:00,607.35,1479.08,900.12,27.57,2578.62,9804.3,1.703
2026-01-05 14:55:00,604.17,1484.66,904.26,27.85,2582.09,9830.98,1.628
2026-01-05 14:56:00,602.4,1476.92,903.04,26.76,2581.38,9783.3,1.664
2026-01-05 14:57:00,607.66,1473.87,905.7,27.55,2582.48,9784.96,1.605
2026-01-05 14:58:00,607.36,1482.19,901.2,27.61,2570.73,9810.19,1.786
2026-01-05 14:59:00,605.35,1466.34,900.02,27.21,2583.86,9770.2,1.703
2026-01-05 15:00:00,607.02,1489.95,905.73,28.05,2574.27,9866.02,1.703
2026-01-05 15:01:00,614.25,1489.48,902.66,28.16,2588.71,9855.12,1.714
2026-01-05 15:02:00,599.7,1462.61,893.85,26.25,2570.05,9734.54,1.568
2026-01-05 15:03:00,610.14,1481.79,897.76,27.18,2569.93,9780.0,1.648
2026-01-05 15:04:00,601.48,1474.61,902.01,26.94,2580.21,9782.53,1.695
2026-01-05 15:05:00,607.6,1471.04,896.65,28.59,2580.52,9795.31,1.729
2026-01-05 15:06:00,603.46,1479.5,901.84,27.35,2581.33,9784.37,1.616
2026-01-05 15:07:00,607.83,1486.03,903.15,28.02,2574.85,9822.62,1.504
2026-01-05 15:08:00,608.93,1474.81,902.11,27.32,2582.68,9798.62,1.716
2026-01-05 15:09:00,607.1,1474.16,899.3,26.98,2581.87,9758.51,1.584
2026-01-05 15:10:00,604.01,1475.41,898.25,27.75,2590.8,9809.45,1.735
2026-01-05 15:11:00,605.67,1480.29,903.49,27.19,2582.76,9804.43,1.542
2026-01-05 15:12:00,600.35,1474.61,898.95,27.12,2575.98,9791.42,1.681
2026-01-05 15:13:00,598.98,1473.54,895.96,27.15,2568.82,9761.0,1.619
2026-01-05 15:14:00,607.52,1476.01,913.15,28.26,2571.63,9871.1,1.675
2026-01-05 15:15:00,602.96,1471.19,896.08,27.16,2583.52,9795.43,1.774
2026-01-05 15:16:00,602.15,1478.96,902.21,27.15,2587.18,9792.85,1.598
2026-01-05 15:17:00,604.93,1471.22,901.86,26.74,2572.9,9771.86,1.752
2026-01-05 15:18:00,606.93,1478.93,901.25,26.84,2582.94,9794.41,1.831
2026-01-05 15:19:00,609.03,1478.49,905.52,27.51,2581.34,9841.84,1.589
2026-01-05 15:20:00,605.01,1480.25,903.44,27.5,2587.13,9806.89,1.593
2026-01-05 15:21:00,601.95,1469.61,897.23,26.88,2585.9,9745.08,1.613
2026-01-05 15:22:00,602.81,1472.35,896.03,27.64,2561.78,9769.16,1.623
2026-01-05 15:23:00,607.28,1475.16,899.59,27.14,2588.61,9780.43,1.737
2026-01-05 15:24:00,603.74,1468.38,898.26,27.02,2582.94,9795.1,1.747
2026-01-05 15:25:00,598.73,1476.76,900.95,26.54,2574.24,9732.54,1.579
2026-01-05 15:26:00,606.41,1472.8,905.01,27.87,2577.97,9822.69,1.614
2026-01-05 15:27:00,602.85,1480.63,898.38,27.27,2580.16,9769.02,1.615
2026-01-05 15:28:00,604.26,1471.82,901.56,28.16,2578.67,9840.93,1.707
2026-01-05 15:29:00,607.82,1481.9,903.52,28.12,2575.37,9845.03,1.601
2026-01-05 15:30:00,603.06,1468.02,898.11,27.16,2574.63,9779.0,1.547
2026-01-05 15:31:00,606.21,1482.67,901.05,27.51,2572.55,9793.84,1.597
2026-01-05 15:32:00,604.58,1465.7,892.81,26.88,2591.2,9782.52,1.614
2026-01-05 15:33:00,605.32,1472.36,900.0,26.84,2581.38,9795.51,1.629
2026-01-05 15:34:00,606.0,1472.59,895.88,27.72,2598.5,9783.74,1.491
2026-01-05 15:35:00,602.92,1475.82,895.73,26.79,2582.22,9752.22,1.597
2026-01-05 15:36:00,604.35,1478.0,905.04,26.89,2583.83,9748.73,1.524
2026-01-05 15:37:00,603.91,1471.4,898.15,26.11,2570.81,9753.59,1.637
2026-01-05 15:38:00,604.41,1471.55,899.98,27.55,2578.63,9781.03,1.548
2026-01-05 15:39:00,603.59,1479.71,901.49,27.89,2582.3,9815.64,1.698
2026-01-05 15:40:00,599.48,1470.67,900.19,26.62,2574.82,9769.2,1.628
2026-01-05 15:41:00,611.1,1480.79,902.65,27.84,2578.96,9840.32,1.803
2026-01-05 15:42:00,603.6,1468.16,895.4,26.9,2582.73,9755.14,1.656
2026-01-05 15:43:00,606.69,1482.29,901.43,27.18,2584.93,9807.81,1.652
2026-01-05 15:44:00,606.2,1471.59,895.43,27.08,2569.05,9764.77,1.635
2026-01-05 15:45:00,612.4,1479.68,904.37,27.44,2582.7,9782.37,1.655
2026-01-05 15:46:00,600.63,1469.1,899.9,26.96,2583.94,9759.05,1.588
2026-01-05 15:47:00,604.5,1469.55,897.19,26.73,2575.53,9777.89,1.627
2026-01-05 15:48:00,608.18,1476.07,904.04,27.13,2575.54,9799.07,1.621
2026-01-05 15:49:00,603.6,1478.24,906.47,27.44,2584.84,9805.18,1.637
2026-01-05 15:50:00,603.31,1481.26,900.17,27.39,2560.67,9803.77,1.628
2026-01-05 15:51:00,606.77,1467.45,897.89,27.2,2580.7,9788.96,1.625
2026-01-05 15:52:00,605.22,1478.94,900.05,27.36,2594.27,9802.23,1.66
2026-01-05 15:53:00,601.95,1468.94,895.56,26.45,2558.81,9760.76,1.681
2026-01-05 15:54:00,599.2,1473.98,895.89,27.01,2585.88,9753.39,1.705
2026-01-05 15:55:00,603.83,1478.71,895.52,26.64,2582.63,9726.95,1.565
2026-01-05 15:56:00,600.69,1475.36,898.09,27.42,2569.25,9790.87,1.543
2026-01-05 15:57:00,602.79,1476.31,909.19,27.47,2585.15,9796.75,1.723
2026-01-05 15:58:00,599.25,1469.96,892.51,26.58,2586.8,9740.24,1.797
2026-01-05 15:59:00,603.93,1471.35,894.88,26.48,2569.34,9739.24,1.665
2026-01-05 16:00:00,604.66,1479.5,905.63,27.29,2575.89,9811.11,1.643
2026-01-05 16:01:00,604.34,1474.22,902.35,27.77,2581.27,9798.78,1.679
2026-01-05 16:02:00,606.15,1467.9,897.09,27.01,2587.75,9769.6,1.655
2026-01-05 16:03:00,602.8,1468.38,898.79,26.14,2574.17,9732.76,1.616
2026-01-05 16:04:00,605.55,1474.58,896.58,27.14,2580.01,9780.26,1.577
2026-01-05 16:05:00,601.86,1465.26,895.05,25.95,2572.92,9726.02,1.694
2026-01-05 16:06:00,603.92,1477.1,901.05,27.3,2580.8,9787.05,1.59
2026-01-05 16:07:00,605.21,1470.33,898.78,26.9,2587.85,9757.93,1.712
2026-01-05 16:08:00,608.82,1482.91,903.29,27.5,2582.67,9818.18,1.718
2026-01-05 16:09:00,599.12,1463.12,902.44,26.53,2576.29,9749.62,1.743
2026-01-05 16:10:00,607.64,1476.65,899.57,27.6,2581.04,9804.83,1.723
2026-01-05 16:11:00,604.98,1476.29,896.28,27.18,2574.09,9784.05,1.466
2026-01-05 16:12:00,604.64,1473.57,899.88,26.45,2571.72,9763.01,1.526
2026-01-05 16:13:00,606.36,1466.66,899.02,27.19,2589.15,9759.24,1.641
2026-01-05 16:14:00,605.82,1466.98,896.2,26.63,2592.56,9757.55,1.769
2026-01-05 16:15:00,603.32,1473.09,901.57,27.27,2567.39,9815.61,1.641
2026-01-05 16:16:00,607.81,1487.16,899.31,28.3,2587.47,9843.86,1.583
2026-01-05 16:17:00,606.18,1474.64,897.02,27.66,2587.96,9799.47,1.726
2026-01-05 16:18:00,600.63,1469.44,896.86,26.87,2570.11,9766.35,1.771
2026-01-05 16:19:00,597.62,1468.5,894.61,26.37,2575.13,9743.15,1.563
2026-01-05 16:20:00,601.88,1468.1,891.9,26.31,2573.83,9731.53,1.577
2026-01-05 16:21:00,609.21,1474.56,899.44,27.21,2596.06,9793.41,1.789
2026-01-05 16:22:00,605.38,1471.61,895.46,27.04,2592.29,9747.51,1.527
2026-01-05 16:23:00,607.53,1478.79,903.82,27.86,2574.15,9810.5,1.585
2026-01-05 16:24:00,609.1,1466.56,896.89,27.25,2568.86,9785.24,1.567
2026-01-05 16:25:00,605.26,1462.5,899.6,27.61,2587.44,9803.77,1.679
2026-01-05 16:26:00,603.23,1468.03,892.42,26.84,2583.9,9759.91,1.614
2026-01-05 16:27:00,605.86,1468.95,899.4,26.66,2589.47,9759.02,1.588
2026-01-05 16:28:00,602.34,1472.43,900.75,26.89,2572.23,9789.51,1.726
2026-01-05 16:29:00,600.39,1468.3,896.31,26.7,2584.48,9737.77,1.689
2026-01-05 16:30:00,602.9,1475.71,901.67,27.28,2574.21,9772.99,1.761
2026-01-05 16:31:00,602.7,1472.51,892.44,26.83,2584.74,9765.03,1.645
2026-01-05 16:32:00,604.94,1464.04,893.38,27.08,2578.92,9751.25,1.694
2026-01-05 16:33:00,601.51,1471.86,901.47,26.76,2594.63,9756.6,1.544
2026-01-05 16:34:00,601.55,1468.54,900.2,26.8,2582.78,9750.9,1.689
2026-01-05 16:35:00,606.92,1476.55,905.1,26.75,2576.77,9752.9,1.694
2026-01-05 16:36:00,602.39,1468.51,899.52,27.22,2580.72,9761.56,1.575
2026-01-05 16:37:00,601.48,1471.29,899.19,26.91,2578.43,9751.61,1.68
2026-01-05 16:38:00,606.03,1482.68,899.3,27.21,2571.33,9785.95,1.674
2026-01-05 16:39:00,611.46,1476.18,901.72,27.6,2597.07,9814.45,1.71
2026-01-05 16:40:00,606.89,1471.77,896.12,27.07,2593.8,9797.33,1.738
2026-01-05 16:41:00,603.94,1465.72,900.7,26.12,2577.47,9742.73,1.641
2026-01-05 16:42:00,603.94,1472.37,896.74,26.32,2583.78,9724.75,1.709
2026-01-05 16:43:00,607.31,1475.52,902.75,27.08,2596.69,9778.57,1.56
2026-01-05 16:44:00,607.94,1466.36,890.56,26.82,2588.82,9743.82,1.559
2026-01-05 16:45:00,601.9,1471.78,889.27,26.97,2577.45,9768.97,1.631
2026-01-05 16:46:00,607.49,1481.35,907.6,27.33,2580.56,9803.96,1.605
2026-01-05 16:47:00,603.87,1466.5,908.44,25.96,2565.21,9744.34,1.649
2026-01-05 16:48:00,609.12,1478.69,903.11,27.6,2587.51,9805.04,1.64
2026-01-05 16:49:00,605.73,1467.47,899.71,26.29,2587.44,9707.18,1.582
2026-01-05 16:50:00,603.24,1479.22,897.06,27.35,2590.34,9780.12,1.625
2026-01-05 16:51:00,608.47,1477.62,897.94,27.34,2586.52,9794.8,1.68
2026-01-05 16:52:00,604.29,1470.48,903.11,27.03,2581.9,9747.79,1.63
2026-01-05 16:53:00,599.86,1471.96,897.09,26.74,2571.52,9758.67,1.667
2026-01-05 16:54:00,604.22,1470.93,894.85,26.85,2582.01,9757.41,1.605
2026-01-05 16:55:00,609.51,1476.02,905.42,27.69,2576.76,9817.93,1.529
2026-01-05 16:56:00,604.49,1468.2,895.3,26.62,2582.39,9724.72,1.676
2026-01-05 16:57:00,601.99,1467.6,894.27,26.84,2572.95,9747.4,1.568
2026-01-05 16:58:00,598.23,1464.19,891.12,26.72,2582.79,9736.55,1.646
2026-01-05 16:59:00,607.96,1475.51,901.4,27.64,2592.21,9813.17,1.673
2026-01-05 17:00:00,602.96,1477.31,903.13,26.76,2582.31,9753.35,1.811
2026-01-05 17:01:00,601.18,1471.79,897.02,27.1,2582.12,9758.48,1.423
2026-01-05 17:02:00,602.24,1462.89,895.06,26.01,2585.41,9722.76,1.563
2026-01-05 17:03:00,608.11,1479.28,898.97,26.81,2593.94,9765.6,1.672
2026-01-05 17:04:00,602.19,1467.96,895.56,26.9,2577.48,9728.6,1.491
2026-01-05 17:05:00,601.25,1465.15,900.18,26.25,2582.26,9722.25,1.612
2026-01-05 17:06:00,600.36,1466.32,893.6,26.32,2589.92,9715.73,1.477
2026-01-05 17:07:00,600.23,1471.08,894.13,27.2,2584.78,9756.61,1.636
2026-01-05 17:08:00,600.19,1465.76,899.59,26.45,2562.26,9727.25,1.621
2026-01-05 17:09:00,598.5,1475.01,895.63,26.64,2573.67,9755.97,1.693
2026-01-05 17:10:00,606.69,1465.24,898.94,27.38,2586.14,9774.83,1.67
2026-01-05 17:11:00,609.91,1472.28,896.22,26.53,2575.45,9736.84,1.547
2026-01-05 17:12:00,604.33,1467.19,893.71,26.87,2591.16,9762.08,1.644
2026-01-05 17:13:00,605.31,1466.97,894.93,26.26,2594.0,9749.24,1.657
2026-01-05 17:14:00,603.01,1470.15,898.54,27.03,2575.34,9773.09,1.574
2026-01-05 17:15:00,603.44,1476.92,900.7,27.57,2572.84,9799.8,1.742
2026-01-05 17:16:00,608.57,1464.81,899.93,26.45,2575.64,9733.5,1.667
2026-01-05 17:17:00,602.07,1465.8,895.58,26.7,2576.59,9769.95,1.515
2026-01-05 17:18:00,603.23,1456.09,895.13,26.34,2590.49,9725.17,1.619
2026-01-05 17:19:00,606.64,1474.71,899.5,27.38,2573.23,9810.44,1.589
2026-01-05 17:20:00,605.66,1468.44,899.46,26.5,2584.47,9733.73,1.463
2026-01-05 17:21:00,605.12,1476.08,904.59,26.9,2591.06,9770.46,1.599
2026-01-05 17:22:00,600.37,1473.9,901.08,27.36,2586.25,9763.55,1.611
2026-01-05 17:23:00,602.86,1475.37,899.24,27.02,2583.19,9763.63,1.811
2026-01-05 17:24:00,610.5,1476.15,899.04,26.51,2578.43,9764.34,1.598
2026-01-05 17:25:00,603.5,1463.93,896.36,26.95,2594.46,9762.84,1.643
2026-01-05 17:26:00,610.77,1478.21,896.83,26.89,2577.61,9760.45,1.663
2026-01-05 17:27:00,601.25,1468.26,898.68,27.29,2587.43,9767.35,1.614
2026-01-05 17:28:00,606.56,1467.37,892.98,26.91,2578.45,9764.13,1.663
2026-01-05 17:29:00,599.58,1472.4,895.58,26.83,2564.75,9758.21,1.58
2026-01-05 17:30:00,604.11,1467.42,903.24,27.38,2577.45,9761.26,1.551
2026-01-05 17:31:00,608.21,1463.66,891.71,26.47,2577.82,9747.42,1.583
2026-01-05 17:32:00,601.56,1475.94,899.17,26.99,2578.08,9751.63,1.53
2026-01-05 17:33:00,599.88,1466.42,897.53,26.68,2573.55,9741.36,1.674
2026-01-05 17:34:00,605.92,1466.31,896.44,26.71,2584.37,9754.98,1.629
2026-01-05 17:35:00,603.78,1467.54,894.56,26.57,2584.93,9746.66,1.59
2026-01-05 17:36:00,607.24,1471.74,891.36,27.34,2577.44,9768.38,1.689
2026-01-05 17:37:00,602.72,1464.52,896.06,26.93,2576.78,9753.22,1.585
2026-01-05 17:38:00,603.81,1469.46,895.52,26.88,2570.65,9747.14,1.389
2026-01-05 17:39:00,603.15,1466.59,891.89,26.58,2579.91,9716.87,1.567
2026-01-05 17:40:00,600.5,1479.92,900.27,27.22,2591.31,9778.87,1.71
2026-01-05 17:41:00,598.45,1459.81,892.76,26.15,2589.09,9721.53,1.693
2026-01-05 17:42:00,603.92,1472.78,904.1,27.53,2577.92,9841.14,1.593
2026-01-05 17:43:00,596.93,1471.28,897.3,27.6,2596.47,9785.29,1.606
2026-01-05 17:44:00,603.65,1467.97,899.77,26.98,2576.76,9762.57,1.697
2026-01-05 17:45:00,602.14,1474.1,900.77,27.22,2572.38,9784.53,1.533
2026-01-05 17:46:00,598.68,1460.09,896.32,27.09,2567.87,9739.57,1.599
2026-01-05 17:47:00,601.6,1463.07,887.15,25.38,2567.04,9659.55,1.602
2026-01-05 17:48:00,600.35,1468.27,894.4,26.11,2581.74,9747.44,1.741
2026-01-05 17:49:00,602.78,1460.33,897.3,25.9,2575.81,9716.74,1.573
2026-01-05 17:50:00,599.04,1467.61,895.1,26.57,2573.91,9744.93,1.514
2026-01-05 17:51:00,602.03,1469.18,896.85,26.94,2572.81,9760.98,1.574
2026-01-05 17:52:00,609.31,1477.58,901.24,27.39,2571.33,9771.9,1.836
2026-01-05 17:53:00,600.39,1468.61,894.18,26.72,2571.24,9729.32,1.642
2026-01-05 17:54:00,607.29,1473.83,898.79,26.29,2587.8,9763.06,1.736
2026-01-05 17:55:00,609.31,1466.66,897.25,27.27,2592.99,9734.48,1.62
2026-01-05 17:56:00,602.94,1472.07,897.34,26.89,2594.78,9767.92,1.578
2026-01-05 17:57:00,600.85,1462.93,892.31,27.1,2584.75,9752.15,1.546
2026-01-05 17:58:00,600.35,1477.39,899.23,27.27,2576.36,9778.97,1.612
2026-01-05 17:59:00,603.96,1473.99,898.99,27.14,2574.97,9779.47,1.707
2026-01-05 18:00:00,607.37,1467.94,900.54,27.55,2587.81,9816.58,1.569
2026-01-05 18:01:00,603.99,1466.16,897.34,26.46,2577.11,9747.69,1.687
2026-01-05 18:02:00,608.15,1472.01,898.26,26.88,2583.8,9784.35,1.56
2026-01-05 18:03:00,600.75,1472.95,898.94,26.77,2594.73,9753.1,1.608
2026-01-05 18:04:00,607.54,1465.94,895.05,26.59,2581.42,9763.38,1.634
2026-01-05 18:05:00,603.79,1469.6,895.52,27.72,2599.06,9792.92,1.706
2026-01-05 18:06:00,603.83,1469.09,899.57,26.91,2570.51,9759.17,1.613
2026-01-05 18:07:00,598.73,1461.89,888.48,26.44,2580.1,9681.85,1.632
2026-01-05 18:08:00,596.3,1458.74,888.83,25.79,2578.96,9680.24,1.564
2026-01-05 18:09:00,602.6,1478.0,900.48,27.17,2572.99,9793.55,1.689
2026-01-05 18:10:00,606.06,1477.09,894.96,27.5,2587.39,9796.57,1.659
2026-01-05 18:11:00,604.25,1474.77,900.1,27.32,2593.31,9798.68,1.677
2026-01-05 18:12:00,602.87,1469.69,895.66,26.96,2596.62,9745.7,1.642
2026-01-05 18:13:00,600.23,1466.97,894.02,27.1,2582.36,9747.44,1.621
2026-01-05 18:14:00,601.84,1464.92,896.05,26.78,2563.13,9728.62,1.71
2026-01-05 18:15:00,598.99,1467.03,896.3,27.0,2582.63,9741.01,1.672
2026-01-05 18:16:00,593.85,1460.03,894.97,26.48,2583.58,9710.87,1.62
2026-01-05 18:17:00,608.38,1480.72,905.72,27.02,2578.47,9780.45,1.606
2026-01-05 18:18:00,610.11,1486.99,909.69,28.04,2583.9,9827.59,1.875
2026-01-05 18:19:00,597.9,1468.9,900.3,27.4,2576.7,9785.92,1.777
2026-01-05 18:20:00,604.53,1472.03,896.75,26.66,2578.25,9753.96,1.553
2026-01-05 18:21:00,601.85,1469.85,892.2,26.42,2586.6,9731.8,1.668
2026-01-05 18:22:00,602.84,1471.04,898.95,27.28,2591.93,9792.5,1.758
2026-01-05 18:23:00,605.9,1471.52,897.23,26.92,2568.6,9739.6,1.664
2026-01-05 18:24:00,605.89,1474.08,900.55,27.2,2576.32,9782.1,1.651
2026-01-05 18:25:00,607.01,1470.67,895.77,27.25,2567.94,9788.05,1.607
2026-01-05 18:26:00,606.92,1467.36,897.6,26.69,2593.77,9747.26,1.668
2026-01-05 18:27:00,606.31,1476.01,896.58,26.64,2586.01,9746.81,1.557
2026-01-05 18:28:00,599.04,1462.75,897.54,26.08,2561.92,9718.26,1.582
2026-01-05 18:29:00,605.47,1471.84,899.11,27.25,2579.51,9772.09,1.604
2026-01-05 18:30:00,604.37,1468.86,895.35,26.58,2577.11,9755.48,1.676
2026-01-05 18:31:00,609.36,1481.75,898.34,27.28,2574.64,9789.12,1.766
2026-01-05 18:32:00,602.64,1472.48,902.65,26.63,2587.33,9746.86,1.591
2026-01-05 18:33:00,601.8,1471.73,897.45,26.73,2586.57,9731.86,1.59
2026-01-05 18:34:00,597.43,1467.62,898.51,26.81,2581.71,9759.98,1.741
2026-01-05 18:35:00,607.11,1468.58,900.63,26.88,2575.16,9779.04,1.608
2026-01-05 18:36:00,602.68,1469.12,897.82,26.93,2573.84,9743.23,1.402
2026-01-05 18:37:00,600.67,1466.67,895.75,26.43,2579.11,9739.55,1.774
2026-01-05 18:38:00,605.6,1469.5,897.62,26.61,2574.9,9734.32,1.703
2026-01-05 18:39:00,603.04,1469.8,895.06,27.21,2579.49,9759.55,1.702
2026-01-05 18:40:00,597.48,1467.6,891.22,26.11,2582.16,9712.26,1.639
2026-01-05 18:41:00,606.64,1476.84,896.79,26.91,2567.42,9763.33,1.634
2026-01-05 18:42:00,599.91,1469.81,898.75,27.18,2574.7,9791.08,1.509
2026-01-05 18:43:00,603.45,1473.31,896.77,26.94,2579.32,9760.98,1.622
2026-01-05 18:44:00,603.09,1469.06,899.87,26.98,2592.4,9768.2,1.624
2026-01-05 18:45:00,599.94,1474.36,903.99,27.5,2587.48,9789.9,1.647
2026-01-05 18:46:00,604.37,1471.42,894.84,26.76,2579.6,9761.97,1.686
2026-01-05 18:47:00,600.3,1464.38,896.97,27.1,2582.43,9751.09,1.753
2026-01-05 18:48:00,607.95,1468.14,896.27,27.37,2578.98,9766.06,1.636
2026-01-05 18:49:00,608.01,1473.73,895.35,26.9,2587.98,9755.09,1.619
2026-01-05 18:50:00,602.59,1468.26,902.93,26.35,2581.95,9732.38,1.742
2026-01-05 18:51:00,596.98,1471.43,897.14,26.61,2588.94,9738.13,1.561
2026-01-05 18:52:00,600.12,1477.53,894.02,26.5,2567.57,9730.66,1.618
2026-01-05 18:53:00,603.89,1476.75,902.96,27.48,2573.54,9771.29,1.648
2026-01-05 18:54:00,606.76,1465.46,905.25,26.97,2582.05,9767.64,1.58
2026-01-05 18:55:00,602.9,1472.86,897.31,27.18,2583.32,9755.3,1.608
2026-01-05 18:56:00,604.87,1473.83,906.1,27.19,2599.59,9781.48,1.626
2026-01-05 18:57:00,604.43,1465.89,895.61,26.87,2564.97,9756.84,1.699
2026-01-05 18:58:00,606.27,1462.76,899.12,26.2,2577.41,9711.73,1.586
2026-01-05 18:59:00,605.13,1464.5,892.72,26.19,2576.94,9708.88,1.586
2026-01-05 19:00:00,603.54,1471.89,893.65,27.38,2582.25,9780.45,1.69
2026-01-05 19:01:00,605.63,1478.45,902.33,27.35,2595.37,9810.1,1.633
2026-01-05 19:02:00,603.86,1473.96,900.81,26.99,2586.11,9748.39,1.559
2026-01-05 19:03:00,604.75,1478.36,898.01,27.44,2567.29,9774.54,1.86
2026-01-05 19:04:00,604.6,1469.02,899.47,26.52,2591.13,9742.19,1.623
2026-01-05 19:05:00,603.94,1461.73,901.35,27.1,2591.31,9752.59,1.652
2026-01-05 19:06:00,604.6,1463.95,895.49,26.75,2580.39,9727.41,1.597
2026-01-05 19:07:00,604.29,1465.5,900.87,27.15,2566.74,9763.15,1.521
2026-01-05 19:08:00,605.18,1477.41,896.38,26.67,2578.14,9754.68,1.594
2026-01-05 19:09:00,605.11,1482.52,906.88,27.52,2585.31,9811.5,1.584
2026-01-05 19:10:00,604.55,1473.2,899.4,27.6,2589.79,9818.19,1.721
2026-01-05 19:11:00,604.29,1467.35,899.61,27.25,2564.88,9746.95,1.664
2026-01-05 19:12:00,604.91,1478.67,900.91,27.22,2574.41,9785.84,1.702
2026-01-05 19:13:00,601.99,1476.32,903.78,27.61,2590.69,9820.46,1.6
2026-01-05 19:14:00,598.39,1460.41,885.09,26.3,2590.62,9735.52,1.464
2026-01-05 19:15:00,603.69,1463.11,895.31,26.38,2582.17,9738.7,1.444
2026-01-05 19:16:00,607.64,1471.42,895.39,26.97,2589.5,9779.38,1.684
2026-01-05 19:17:00,603.01,1467.09,899.66,27.03,2583.33,9763.3,1.61
2026-01-05 19:18:00,602.54,1474.67,897.53,26.28,2586.47,9739.66,1.524
2026-01-05 19:19:00,604.76,1466.97,891.09,26.41,2579.72,9734.33,1.667
2026-01-05 19:20:00,606.78,1471.77,903.79,26.92,2584.9,9798.66,1.734
2026-01-05 19:21:00,603.83,1465.68,895.41,26.87,2568.63,9730.44,1.616
2026-01-05 19:22:00,603.33,1467.42,898.45,27.06,2585.76,9771.0,1.6
2026-01-05 19:23:00,605.2,1475.61,902.78,27.52,2571.21,9803.09,1.65
2026-01-05 19:24:00,606.46,1476.38,899.82,26.82,2585.94,9775.81,1.743
2026-01-05 19:25:00,604.49,1467.85,903.04,27.07,2575.68,9750.68,1.718
2026-01-05 19:26:00,601.41,1464.43,898.95,27.0,2581.67,9738.34,1.608
2026-01-05 19:27:00,601.32,1473.15,898.92,26.56,2570.84,9731.96,1.633
2026-01-05 19:28:00,599.09,1467.72,898.58,26.82,2575.67,9763.58,2.006
2026-01-05 19:29:00,601.08,1475.29,899.09,27.32,2583.38,9782.66,1.823
2026-01-05 19:30:00,600.63,1468.37,894.77,26.61,2584.13,9722.33,1.62
2026-01-05 19:31:00,606.79,1471.36,903.78,27.55,2589.66,9794.8,1.777
2026-01-05 19:32:00,600.67,1467.71,904.48,27.36,2571.28,9783.91,1.686
2026-01-05 19:33:00,600.99,1471.83,899.33,27.56,2568.86,9793.89,1.78
2026-01-05 19:34:00,608.08,1479.75,904.25,27.41,2573.87,9814.35,1.618
2026-01-05 19:35:00,607.89,1477.93,895.79,27.21,2571.29,9766.77,1.703
2026-01-05 19:36:00,606.23,1465.42,899.86,26.9,2592.46,9769.59,1.728
2026-01-05 19:37:00,599.23,1466.6,895.56,26.21,2590.1,9755.42,1.636
2026-01-05 19:38:00,605.44,1475.96,899.77,26.97,2572.17,9775.08,1.616
2026-01-05 19:39:00,607.05,1473.25,900.75,26.79,2593.33,9762.38,1.66
2026-01-05 19:40:00,602.19,1469.01,901.78,27.09,2590.23,9770.97,1.539
2026-01-05 19:41:00,600.84,1467.91,889.06,26.38,2564.26,9701.92,1.574
2026-01-05 19:42:00,604.78,1475.83,903.3,27.12,2571.85,9773.78,1.605
2026-01-05 19:43:00,606.75,1478.6,904.19,27.7,2567.23,9784.26,1.725
2026-01-05 19:44:00,606.12,1470.83,901.69,27.19,2580.17,9793.49,1.704
2026-01-05 19:45:00,608.83,1479.47,901.55,26.82,2580.99,9793.2,1.714
2026-01-05 19:46:00,608.87,1485.22,907.37,27.79,2582.2,9824.79,1.778
2026-01-05 19:47:00,604.76,1475.03,907.24,27.21,2564.74,9796.02,1.575
2026-01-05 19:48:00,606.29,1480.12,902.19,27.34,2570.35,9816.97,1.808
2026-01-05 19:49:00,604.44,1473.99,906.04,27.08,2582.43,9780.36,1.727
2026-01-05 19:50:00,606.87,1476.19,906.75,27.57,2587.2,9828.65,1.576
2026-01-05 19:51:00,609.69,1482.24,907.88,27.17,2564.77,9795.2,1.726
2026-01-05 19:52:00,604.86,1480.95,904.54,27.68,2570.54,9791.68,1.707
2026-01-05 19:53:00,609.07,1479.42,901.76,27.09,2588.23,9772.79,1.682
2026-01-05 19:54:00,602.41,1467.63,896.19,27.17,2570.82,9787.18,1.584
2026-01-05 19:55:00,605.69,1478.94,898.68,27.61,2580.41,9785.1,1.656
2026-01-05 19:56:00,606.8,1474.93,901.58,27.06,2569.75,9779.24,1.707
2026-01-05 19:57:00,607.49,1480.85,901.08,27.32,2588.46,9817.93,1.683
2026-01-05 19:58:00,599.5,1467.56,893.04,26.55,2563.39,9759.32,1.535
2026-01-05 19:59:00,605.38,1476.76,898.19,27.21,2578.14,9786.33,1.63
2026-01-05 20:00:00,599.56,1467.75,891.91,26.07,2585.78,9726.66,1.65
2026-01-05 20:01:00,605.06,1475.76,905.03,27.4,2586.87,9822.68,1.669
2026-01-05 20:02:00,605.65,1475.27,902.61,27.27,2577.3,9797.36,1.817
2026-01-05 20:03:00,603.15,1472.06,902.21,28.01,2576.52,9825.65,1.746
2026-01-05 20:04:00,608.62,1480.12,899.35,27.88,2579.73,9812.44,1.733
2026-01-05 20:05:00,609.71,1484.99,900.15,27.62,2570.96,9804.08,1.685
2026-01-05 20:06:00,608.8,1481.3,900.72,27.71,2581.25,9824.26,1.65
2026-01-05 20:07:00,602.93,1469.51,897.57,26.76,2578.91,9760.43,1.779
2026-01-05 20:08:00,609.33,1477.99,908.33,28.1,2579.59,9846.95,1.671
2026-01-05 20:09:00,609.82,1480.17,903.5,27.94,2589.4,9807.26,1.68
2026-01-05 20:10:00,605.31,1475.08,901.42,26.65,2570.13,9737.86,1.623
2026-01-05 20:11:00,607.01,1472.4,908.78,27.85,2569.2,9844.3,1.589
2026-01-05 20:12:00,601.47,1466.24,895.7,26.72,2574.93,9749.07,1.672
2026-01-05 20:13:00,603.09,1477.6,903.72,27.05,2581.23,9777.45,1.733
2026-01-05 20:14:00,610.54,1485.9,903.33,27.79,2581.03,9819.83,1.637
2026-01-05 20:15:00,601.49,1468.45,904.51,26.36,2577.27,9732.37,1.603
2026-01-05 20:16:00,608.26,1481.56,903.21,27.58,2572.35,9806.47,1.608
2026-01-05 20:17:00,608.44,1477.62,896.95,27.57,2573.33,9801.99,1.815
2026-01-05 20:18:00,606.94,1480.01,904.42,27.83,2578.25,9826.88,1.722
2026-01-05 20:19:00,601.34,1478.35,893.97,26.56,2574.83,9755.09,1.746
2026-01-05 20:20:00,610.23,1476.17,911.25,27.74,2591.04,9829.47,1.657
2026-01-05 20:21:00,605.49,1475.32,897.98,27.17,2582.92,9792.31,1.709
2026-01-05 20:22:00,604.91,1471.51,904.16,26.89,2575.35,9761.47,1.52
2026-01-05 20:23:00,605.23,1470.4,901.61,26.62,2587.98,9751.39,1.591
2026-01-05 20:24:00,606.87,1478.22,895.6,27.43,2583.83,9778.07,1.818
2026-01-05 20:25:00,606.82,1477.79,897.85,27.37,2570.01,9793.88,1.699
2026-01-05 20:26:00,602.95,1470.58,902.09,26.42,2553.39,9754.05,1.614
2026-01-05 20:27:00,607.85,1476.85,902.22,27.12,2570.65,9803.71,1.526
2026-01-05 20:28:00,603.2,1476.04,900.24,27.42,2585.01,9777.88,1.67
2026-01-05 20:29:00,604.66,1467.97,899.53,26.92,2586.89,9765.24,1.614
2026-01-05 20:30:00,605.51,1474.83,891.82,27.06,2567.07,9780.51,1.726
2026-01-05 20:31:00,604.98,1477.3,902.32,27.55,2585.97,9789.49,1.547
2026-01-05 20:32:00,605.0,1472.45,904.67,27.39,2586.17,9802.3,1.743
2026-01-05 20:33:00,605.76,1471.12,896.68,27.34,2592.99,9818.59,1.647
2026-01-05 20:34:00,609.57,1479.56,905.91,26.95,2588.19,9786.45,1.579
2026-01-05 20:35:00,606.24,1479.52,903.71,27.58,2591.99,9801.6,1.687
2026-01-05 20:36:00,604.08,1476.72,897.94,28.0,2585.29,9807.05,1.821
2026-01-05 20:37:00,603.96,1464.42,900.82,27.59,2584.69,9798.47,1.728
2026-01-05 20:38:00,608.24,1475.57,902.24,26.93,2577.26,9770.4,1.676
2026-01-05 20:39:00,609.36,1482.43,907.3,27.66,2588.63,9824.58,1.644
2026-01-05 20:40:00,604.95,1465.15,897.34,27.3,2570.11,9791.1,1.778
2026-01-05 20:41:00,607.09,1481.46,904.19,26.49,2578.75,9767.82,1.678
2026-01-05 20:42:00,608.54,1476.2,900.64,27.52,2585.78,9809.11,1.519
2026-01-05 20:43:00,606.94,1476.21,903.22,27.49,2592.2,9795.56,1.729
2026-01-05 20:44:00,603.64,1475.2,899.7,27.72,2576.91,9790.23,1.684
2026-01-05 20:45:00,607.98,1477.03,901.16,27.81,2589.25,9810.5,1.668
2026-01-05 20:46:00,600.88,1477.41,901.84,27.65,2578.81,9781.37,1.758
2026-01-05 20:47:00,605.35,1472.63,898.98,27.57,2588.23,9780.04,1.599
2026-01-05 20:48:00,605.29,1477.03,900.92,28.05,2575.63,9823.85,1.645
2026-01-05 20:49:00,607.11,1481.45,905.3,27.71,2587.85,9823.95,1.673
2026-01-05 20:50:00,604.49,1474.18,904.04,27.13,2579.26,9772.07,1.685
2026-01-05 20:51:00,605.22,1473.24,899.87,27.49,2573.18,9839.75,1.649
2026-01-05 20:52:00,607.13,1476.71,906.9,27.67,2580.62,9818.89,1.604
2026-01-05 20:53:00,606.31,1479.23,899.7,27.64,2591.98,9807.5,1.659
2026-01-05 20:54:00,606.01,1479.34,903.93,27.31,2572.88,9798.09,1.629
2026-01-05 20:55:00,603.5,1470.69,904.15,26.65,2568.11,9771.15,1.784
2026-01-05 20:56:00,610.82,1489.97,896.0,28.11,2585.25,9824.35,1.522
2026-01-05 20:57:00,605.27,1481.32,901.27,27.61,2568.03,9808.85,1.747
2026-01-05 20:58:00,610.61,1474.28,900.12,28.0,2594.12,9813.02,1.515
2026-01-05 20:59:00,610.92,1481.98,904.24,27.86,2594.27,9821.89,1.678
2026-01-05 21:00:00,603.82,1477.6,903.56,27.83,2589.68,9806.68,1.588
2026-01-05 21:01:00,611.26,1477.7,898.61,28.21,2582.6,9840.61,1.574
2026-01-05 21:02:00,609.49,1476.96,900.9,27.18,2594.27,9795.81,1.773
2026-01-05 21:03:00,607.55,1484.98,900.44,27.85,2593.63,9845.1,1.759
2026-01-05 21:04:00,608.7,1478.53,901.74,27.33,2576.97,9803.11,1.677
2026-01-05 21:05:00,610.01,1484.31,905.8,27.89,2594.84,9856.93,1.72
2026-01-05 21:06:00,611.73,1483.86,907.08,28.51,2575.84,9851.97,1.644
2026-01-05 21:07:00,607.1,1480.08,902.74,27.53,2579.89,9809.09,1.639
2026-01-05 21:08:00,610.01,1479.45,903.23,27.96,2568.13,9835.23,1.639
2026-01-05 21:09:00,608.47,1485.04,903.25,27.4,2583.29,9826.04,1.646
2026-01-05 21:10:00,606.91,1482.29,904.42,27.6,2578.74,9799.71,1.653
2026-01-05 21:11:00,612.53,1494.67,903.66,28.23,2580.32,9872.67,1.827
2026-01-05 21:12:00,610.48,1487.52,903.9,28.01,2580.68,9822.86,1.733
2026-01-05 21:13:00,601.61,1475.33,899.67,27.45,2577.14,9817.18,1.707
2026-01-05 21:14:00,600.14,1477.76,901.83,27.64,2581.16,9792.61,1.586
2026-01-05 21:15:00,607.02,1478.8,902.06,27.7,2591.58,9805.1,1.709
2026-01-05 21:16:00,607.56,1475.59,902.69,28.16,2575.28,9868.6,1.519
2026-01-05 21:17:00,603.62,1478.85,902.03,27.56,2587.41,9784.66,1.605
2026-01-05 21:18:00,609.29,1481.6,905.63,28.4,2584.99,9855.59,1.61
2026-01-05 21:19:00,613.49,1475.77,907.66,27.29,2583.39,9781.74,1.628
2026-01-05 21:20:00,605.34,1481.57,905.73,28.03,2583.53,9868.59,1.695
2026-01-05 21:21:00,612.67,1478.45,908.48,28.52,2578.17,9872.03,1.686
2026-01-05 21:22:00,602.98,1482.69,897.14,27.15,2583.86,9779.05,1.655
2026-01-05 21:23:00,608.39,1486.85,901.48,28.14,2587.48,9857.13,1.722
2026-01-05 21:24:00,606.38,1485.55,901.86,27.45,2574.81,9802.76,1.779
2026-01-05 21:25:00,605.36,1475.53,900.11,27.94,2572.07,9842.98,1.635
2026-01-05 21:26:00,605.78,1481.16,906.65,27.47,2582.66,9822.33,1.619
2026-01-05 21:27:00,608.19,1487.6,907.21,27.37,2588.21,9827.16,1.68
2026-01-05 21:28:00,606.56,1481.83,906.07,27.44,2590.59,9837.06,1.72
2026-01-05 21:29:00,610.19,1488.88,906.88,28.2,2592.95,9856.95,1.713
2026-01-05 21:30:00,610.21,1486.47,903.44,27.43,2586.02,9849.83,1.851
2026-01-05 21:31:00,609.98,1485.49,906.71,28.45,2581.65,9868.0,1.785
2026-01-05 21:32:00,611.47,1489.09,907.48,28.29,2583.4,9859.33,1.821
2026-01-05 21:33:00,610.73,1492.07,915.44,28.19,2573.81,9867.88,1.754
2026-01-05 21:34:00,610.25,1480.06,907.93,28.49,2578.19,9865.35,1.723
2026-01-05 21:35:00,600.65,1476.01,902.4,27.27,2580.49,9794.86,1.465
2026-01-05 21:36:00,613.84,1495.18,916.79,28.88,2583.15,9907.33,1.751
2026-01-05 21:37:00,613.89,1480.09,904.09,27.42,2583.41,9840.28,1.672
2026-01-05 21:38:00,613.82,1488.67,905.94,27.69,2572.68,9866.07,1.692
2026-01-05 21:39:00,608.95,1484.95,906.73,27.7,2573.0,9828.41,1.768
2026-01-05 21:40:00,608.29,1480.52,912.9,28.0,2588.81,9838.5,1.59
2026-01-05 21:41:00,612.34,1479.69,906.85,27.54,2574.14,9792.23,1.752
2026-01-05 21:42:00,610.14,1484.12,907.76,28.02,2577.73,9852.1,1.756
2026-01-05 21:43:00,607.41,1485.4,899.52,27.88,2583.14,9832.71,1.71
2026-01-05 21:44:00,610.64,1487.22,904.76,28.4,2576.1,9862.69,1.778
2026-01-05 21:45:00,615.55,1493.01,907.96,27.87,2591.49,9839.24,1.553
2026-01-05 21:46:00,610.97,1484.92,907.06,28.67,2574.47,9887.78,1.761
2026-01-05 21:47:00,607.17,1471.01,901.07,27.17,2581.29,9804.36,1.553
2026-01-05 21:48:00,609.12,1488.43,908.92,27.28,2576.01,9822.87,1.713
2026-01-05 21:49:00,610.36,1487.93,903.38,27.88,2584.22,9847.76,1.605
2026-01-05 21:50:00,609.19,1486.49,904.94,28.32,2579.34,9856.7,1.644
2026-01-05 21:51:00,615.11,1486.87,912.1,27.98,2583.24,9859.61,1.673
2026-01-05 21:52:00,609.46,1481.49,901.88,27.89,2591.88,9825.73,1.663
2026-01-05 21:53:00,606.58,1486.42,910.11,27.7,2577.3,9843.44,1.713
2026-01-05 21:54:00,613.06,1486.76,910.24,28.45,2579.15,9892.76,1.79
2026-01-05 21:55:00,605.96,1483.07,901.26,27.61,2579.04,9811.79,1.868
2026-01-05 21:56:00,612.13,1487.93,908.45,27.91,2594.95,9852.58,1.65
2026-01-05 21:57:00,608.82,1482.5,907.15,27.9,2582.3,9849.07,1.712
2026-01-05 21:58:00,607.37,1479.8,906.81,27.12,2592.11,9828.89,1.68
2026-01-05 21:59:00,613.13,1481.5,901.54,28.18,2581.43,9844.55,1.613
2026-01-05 22:00:00,617.11,1492.7,913.48,28.36,2593.63,9877.32,1.564
2026-01-05 22:01:00,607.54,1486.09,910.07,27.92,2586.66,9859.01,1.632
2026-01-05 22:02:00,610.45,1484.33,910.27,28.73,2588.19,9867.95,1.67
2026-01-05 22:03:00,610.66,1498.98,910.45,28.47,2573.47,9898.77,1.707
2026-01-05 22:04:00,609.77,1481.65,915.71,28.17,2571.15,9869.87,1.601
2026-01-05 22:05:00,605.09,1484.93,904.98,27.72,2591.39,9844.08,1.673
2026-01-05 22:06:00,610.4,1477.7,910.71,28.39,2591.74,9855.83,1.691
2026-01-05 22:07:00,608.44,1481.36,903.47,28.53,2602.83,9860.36,1.637
2026-01-05 22:08:00,610.85,1488.66,911.0,28.52,2571.61,9861.49,1.77
2026-01-05 22:09:00,613.77,1480.78,910.68,28.44,2587.16,9855.59,1.569
2026-01-05 22:10:00,608.01,1483.89,905.41,27.68,2574.23,9833.57,1.712
2026-01-05 22:11:00,606.87,1485.83,898.17,27.92,2575.51,9808.29,1.655
2026-01-05 22:12:00,609.06,1490.99,910.03,28.46,2580.47,9886.78,1.735
2026-01-05 22:13:00,607.84,1487.85,905.25,27.5,2585.65,9838.14,1.727
2026-01-05 22:14:00,615.32,1494.47,911.37,28.09,2578.22,9862.33,1.734
2026-01-05 22:15:00,614.78,1494.0,908.06,28.66,2584.94,9891.47,1.575
2026-01-05 22:16:00,612.19,1472.52,903.55,27.37,2588.17,9810.23,1.654
2026-01-05 22:17:00,609.07,1487.6,906.02,27.86,2591.41,9832.79,1.727
2026-01-05 22:18:00,611.92,1476.55,906.89,28.5,2589.57,9875.14,1.76
2026-01-05 22:19:00,614.62,1485.87,909.37,28.32,2587.22,9864.22,1.648
2026-01-05 22:20:00,614.96,1486.19,912.79,29.22,2584.98,9928.72,1.674
2026-01-05 22:21:00,613.15,1483.59,906.97,28.19,2579.1,9865.38,1.759
2026-01-05 22:22:00,613.49,1486.24,905.9,28.17,2588.32,9874.54,1.759
2026-01-05 22:23:00,613.32,1492.93,908.23,28.7,2577.72,9929.05,1.674
2026-01-05 22:24:00,605.42,1490.33,906.46,28.4,2585.16,9879.55,1.621
2026-01-05 22:25:00,612.48,1483.66,907.35,28.0,2574.75,9857.74,1.675
2026-01-05 22:26:00,613.93,1490.72,907.09,27.92,2582.44,9842.79,1.634
2026-01-05 22:27:00,615.24,1479.09,907.35,28.05,2576.21,9890.83,1.74
2026-01-05 22:28:00,610.84,1484.62,914.08,28.14,2581.31,9887.43,1.835
2026-01-05 22:29:00,612.76,1495.73,911.14,28.73,2579.35,9893.69,1.632
2026-01-05 22:30:00,606.3,1481.33,903.57,27.6,2576.59,9847.51,1.687
2026-01-05 22:31:00,609.65,1490.42,912.5,28.4,2583.6,9881.88,1.661
2026-01-05 22:32:00,615.32,1490.04,910.52,28.45,2565.52,9897.63,1.794
2026-01-05 22:33:00,615.59,1482.77,915.22,28.36,2570.26,9891.86,1.795
2026-01-05 22:34:00,612.87,1479.28,904.16,27.89,2588.96,9836.39,1.617
2026-01-05 22:35:00,613.12,1488.78,907.67,28.31,2585.02,9870.17,1.801
2026-01-05 22:36:00,617.71,1488.55,909.02,28.32,2577.7,9860.97,1.773
2026-01-05 22:37:00,609.4,1489.4,903.72,27.81,2590.99,9853.77,1.688
2026-01-05 22:38:00,614.01,1485.74,910.22,27.89,2578.15,9855.32,1.762
2026-01-05 22:39:00,606.74,1484.33,906.73,28.47,2578.86,9861.37,1.597
2026-01-05 22:40:00,605.66,1489.98,912.12,28.44,2578.18,9885.75,1.877
2026-01-05 22:41:00,611.62,1494.35,910.29,28.55,2599.57,9882.51,1.726
2026-01-05 22:42:00,609.5,1478.1,906.84,28.26,2585.97,9876.7,1.818
2026-01-05 22:43:00,613.84,1493.48,915.62,28.65,2586.11,9888.35,1.678
2026-01-05 22:44:00,612.15,1491.71,911.58,27.77,2587.85,9877.33,1.591
2026-01-05 22:45:00,614.54,1489.18,905.88,29.07,2570.46,9907.25,1.778
2026-01-05 22:46:00,616.5,1488.68,910.28,27.93,2578.33,9850.68,1.639
2026-01-05 22:47:00,613.36,1489.2,912.01,28.21,2588.14,9887.16,1.674
2026-01-05 22:48:00,609.7,1485.13,901.7,28.22,2584.38,9884.82,1.742
2026-01-05 22:49:00,605.79,1486.06,905.75,28.41,2602.03,9884.15,1.79
2026-01-05 22:50:00,610.38,1486.21,912.34,27.88,2578.38,9839.78,1.72
2026-01-05 22:51:00,616.71,1499.87,913.81,28.6,2592.17,9890.43,1.812
2026-01-05 22:52:00,611.57,1488.72,910.74,27.97,2590.2,9867.88,1.695
2026-01-05 22:53:00,614.18,1484.97,911.09,28.89,2586.11,9899.04,1.843
2026-01-05 22:54:00,614.27,1483.18,914.13,28.56,2587.61,9900.49,1.801
2026-01-05 22:55:00,617.44,1498.07,914.84,29.32,2585.01,9959.93,1.694
2026-01-05 22:56:00,611.85,1489.96,906.41,28.09,2567.59,9858.17,1.755
2026-01-05 22:57:00,610.82,1488.84,909.03,28.91,2587.97,9904.53,1.74
2026-01-05 22:58:00,624.66,1506.06,918.86,29.61,2591.2,9971.41,1.727
2026-01-05 22:59:00,611.87,1496.7,913.03,29.0,2591.02,9934.27,1.807
2026-01-05 23:00:00,614.06,1486.48,910.51,28.2,2584.29,9868.74,1.745
2026-01-05 23:01:00,617.17,1495.2,918.16,29.33,2593.79,9926.51,1.808
2026-01-05 23:02:00,613.7,1495.4,909.93,28.57,2576.93,9870.73,1.625
2026-01-05 23:03:00,615.01,1499.16,909.7,29.34,2598.43,9943.19,1.592
2026-01-05 23:04:00,609.77,1493.6,908.75,28.79,2577.3,9905.13,1.711
2026-01-05 23:05:00,610.26,1489.97,911.05,29.43,2584.64,9912.96,1.722
2026-01-05 23:06:00,614.74,1501.96,919.58,29.37,2592.16,9943.95,1.806
2026-01-05 23:07:00,615.88,1496.81,914.96,28.94,2581.52,9916.36,1.53
2026-01-05 23:08:00,617.93,1498.34,911.3,29.11,2592.41,9936.55,1.813
2026-01-05 23:09:00,615.63,1498.04,910.91,29.26,2583.7,9937.15,1.828
2026-01-05 23:10:00,614.06,1493.2,910.12,28.06,2586.35,9910.46,1.813
2026-01-05 23:11:00,617.87,1490.02,913.62,29.25,2584.46,9923.42,1.819
2026-01-05 23:12:00,611.11,1498.67,913.97,28.48,2580.72,9908.64,1.653
2026-01-05 23:13:00,609.05,1490.05,909.87,28.81,2603.93,9923.67,1.683
2026-01-05 23:14:00,613.59,1503.51,913.98,28.74,2579.48,9930.75,1.742
2026-01-05 23:15:00,618.21,1491.22,914.0,28.9,2567.91,9930.83,1.746
2026-01-05 23:16:00,609.85,1495.07,913.52,28.78,2579.12,9914.06,1.669
2026-01-05 23:17:00,614.97,1495.7,910.14,28.86,2585.91,9896.28,1.746
2026-01-05 23:18:00,612.58,1490.6,913.84,29.28,2582.81,9921.2,1.788
2026-01-05 23:19:00,612.94,1489.72,915.35,29.37,2593.75,9915.41,1.775
2026-01-05 23:20:00,614.23,1497.63,913.15,28.8,2593.13,9907.09,1.753
2026-01-05 23:21:00,615.8,1493.65,914.11,29.04,2583.68,9931.54,1.792
2026-01-05 23:22:00,613.15,1494.76,907.85,29.41,2573.13,9940.91,1.749
2026-01-05 23:23:00,617.25,1498.6,915.91,28.96,2576.19,9937.41,1.809
2026-01-05 23:24:00,618.66,1491.21,911.34,28.55,2585.05,9908.02,1.777
2026-01-05 23:25:00,619.5,1498.66,918.02,29.12,2574.04,9940.12,1.706
2026-01-05 23:26:00,615.3,1497.37,920.05,29.22,2583.69,9941.93,1.918
2026-01-05 23:27:00,613.26,1496.37,911.59,28.76,2598.13,9945.14,1.896
2026-01-05 23:28:00,613.36,1484.32,908.39,29.03,2587.97,9905.83,1.799
2026-01-05 23:29:00,623.24,1497.24,918.95,29.04,2586.25,9922.68,1.848
2026-01-05 23:30:00,614.94,1500.53,909.36,28.96,2576.9,9905.81,1.769
2026-01-05 23:31:00,617.33,1499.02,913.68,28.55,2587.23,9919.89,1.728
2026-01-05 23:32:00,616.81,1496.01,912.02,28.52,2582.94,9900.24,1.83
2026-01-05 23:33:00,616.59,1498.28,912.4,27.95,2585.25,9857.29,1.733
2026-01-05 23:34:00,621.35,1497.29,911.13,29.31,2592.82,9951.5,1.838
2026-01-05 23:35:00,614.67,1501.22,918.44,29.45,2594.49,9959.35,1.911
2026-01-05 23:36:00,614.01,1497.39,922.29,29.29,2587.19,9929.75,1.641
2026-01-05 23:37:00,615.65,1493.6,912.54,28.84,2589.49,9910.24,1.787
2026-01-05 23:38:00,619.9,1495.05,911.14,29.07,2582.62,9944.08,1.704
2026-01-05 23:39:00,619.03,1502.94,916.73,29.71,2595.47,9936.33,1.757
2026-01-05 23:40:00,615.45,1494.24,911.22,28.86,2578.63,9918.64,1.695
2026-01-05 23:41:00,619.02,1500.72,915.16,29.24,2585.66,9959.74,1.883
2026-01-05 23:42:00,614.2,1497.37,911.3,28.5,2595.75,9922.15,1.797
2026-01-05 23:43:00,614.43,1503.02,910.74,29.04,2582.15,9925.67,1.767
2026-01-05 23:44:00,613.15,1501.73,915.93,29.14,2575.11,9921.54,1.636
2026-01-05 23:45:00,616.86,1499.2,913.89,28.99,2583.49,9945.61,1.736
2026-01-05 23:46:00,614.32,1490.87,908.55,29.32,2597.57,9936.99,1.734
2026-01-05 23:47:00,620.01,1504.68,917.22,29.24,2568.42,9940.66,1.799
2026-01-05 23:48:00,616.22,1499.95,921.48,28.55,2586.75,9923.98,1.727
2026-01-05 23:49:00,615.58,1506.34,916.73,29.17,2580.91,9925.29,1.737
2026-01-05 23:50:00,615.72,1500.7,913.73,29.35,2585.82,9955.64,1.591
2026-01-05 23:51:00,613.66,1492.27,921.83,28.66,2582.97,9919.38,1.832
2026-01-05 23:52:00,613.87,1500.9,912.13,29.63,2594.78,9953.98,1.69
2026-01-05 23:53:00,612.04,1487.2,914.83,29.29,2586.55,9928.68,1.709
2026-01-05 23:54:00,617.48,1493.4,919.28,28.87,2594.5,9936.49,1.813
2026-01-05 23:55:00,618.55,1499.16,915.1,29.63,2597.87,9966.71,1.865
2026-01-05 23:56:00,612.57,1499.74,915.12,28.89,2585.71,9912.21,1.754
2026-01-05 23:57:00,619.98,1502.83,913.24,29.29,2583.98,9947.71,1.809
2026-01-05 23:58:00,619.46,1505.0,912.38,28.84,2588.86,9921.67,1.836
2026-01-05 23:59:00,621.42,1515.48,918.76,29.21,2591.24,9943.07,1.567
2026-01-06 00:00:00,619.55,1504.34,912.35,29.85,2578.53,9970.79,1.868
2026-01-06 00:01:00,619.08,1500.72,914.46,29.51,2589.05,9955.65,1.613
2026-01-06 00:02:00,618.02,1500.81,917.23,28.7,2584.47,9938.46,1.746
2026-01-06 00:03:00,617.76,1497.97,910.9,28.74,2583.41,9945.6,1.811
2026-01-06 00:04:00,617.97,1507.99,913.82,28.96,2581.67,9956.59,1.709
2026-01-06 00:05:00,617.73,1486.56,909.8,28.99,2581.91,9949.32,1.765
2026-01-06 00:06:00,620.73,1512.29,914.68,29.77,2598.81,9996.74,1.565
2026-01-06 00:07:00,610.57,1500.2,920.76,29.55,2585.0,9974.79,1.697
2026-01-06 00:08:00,619.22,1496.94,915.16,29.26,2595.92,9945.52,1.713
2026-01-06 00:09:00,618.14,1491.11,915.9,29.41,2588.24,9956.48,1.707
2026-01-06 00:10:00,613.73,1504.47,914.56,29.08,2577.15,9931.09,1.754
2026-01-06 00:11:00,616.27,1500.41,915.08,29.17,2587.11,9915.03,1.891
2026-01-06 00:12:00,618.81,1497.95,915.65,28.94,2577.51,9951.66,1.85
2026-01-06 00:13:00,613.18,1504.66,913.6,29.66,2592.52,9968.38,1.867
2026-01-06 00:14:00,614.64,1501.97,917.89,29.44,2585.34,9951.44,1.819
2026-01-06 00:15:00,612.65,1494.27,911.82,28.46,2592.12,9907.27,1.634
2026-01-06 00:16:00,612.89,1488.02,917.58,29.12,2597.37,9923.06,1.855
2026-01-06 00:17:00,618.84,1500.03,914.6,29.37,2572.89,9945.66,1.808
2026-01-06 00:18:00,616.4,1506.29,919.22,29.42,2583.53,9957.06,1.829
2026-01-06 00:19:00,616.9,1495.55,916.07,28.51,2576.62,9933.2,1.833
2026-01-06 00:20:00,621.17,1509.55,920.42,30.23,2606.15,9999.77,1.862
2026-01-06 00:21:00,617.08,1499.15,918.11,29.55,2583.89,9962.03,1.82
2026-01-06 00:22:00,621.26,1504.82,920.87,29.86,2577.66,9981.79,1.741
2026-01-06 00:23:00,621.47,1499.42,921.5,28.68,2605.43,9964.5,1.711
2026-01-06 00:24:00,619.23,1500.84,913.24,28.97,2580.44,9932.03,1.686
2026-01-06 00:25:00,620.2,1507.07,922.41,29.26,2574.81,9971.53,1.566
2026-01-06 00:26:00,618.55,1505.22,914.09,29.71,2577.82,9953.61,1.744
2026-01-06 00:27:00,620.53,1506.51,913.59,29.77,2590.18,10003.83,1.869
2026-01-06 00:28:00,619.21,1493.95,917.91,29.44,2586.53,9929.9,1.855
2026-01-06 00:29:00,617.37,1509.91,922.5,29.83,2581.02,9969.68,1.739
2026-01-06 00:30:00,618.03,1501.53,918.83,29.58,2583.61,9964.05,1.785
2026-01-06 00:31:00,621.64,1506.94,919.46,30.47,2589.87,10014.19,1.794
2026-01-06 00:32:00,616.82,1500.4,912.93,29.12,2597.59,9951.32,1.801
2026-01-06 00:33:00,624.07,1504.05,915.22,29.38,2590.3,9967.62,1.687
2026-01-06 00:34:00,619.2,1504.33,919.71,29.74,2582.95,9963.24,1.75
2026-01-06 00:35:00,616.62,1511.43,920.2,29.69,2586.86,9994.82,1.754
2026-01-06 00:36:00,622.11,1512.73,919.06,29.44,2594.39,9983.18,1.86
2026-01-06 00:37:00,621.34,1507.4,917.91,29.6,2601.39,9975.79,1.666
2026-01-06 00:38:00,620.2,1515.54,920.22,29.64,2579.64,9989.39,1.844
2026-01-06 00:39:00,618.73,1495.28,916.1,30.35,2597.47,9991.6,1.89
2026-01-06 00:40:00,621.06,1507.95,923.43,30.58,2587.52,10029.06,1.732
2026-01-06 00:41:00,617.68,1501.22,913.26,29.32,2574.33,9959.68,1.74
2026-01-06 00:42:00,618.71,1506.14,920.89,29.33,2573.08,9968.38,1.73
2026-01-06 00:43:00,618.31,1493.3,912.28,29.18,2596.89,9931.23,1.897
2026-01-06 00:44:00,623.11,1498.96,917.47,30.08,2599.88,9983.57,1.921
2026-01-06 00:45:00,618.35,1509.82,917.45,30.09,2584.4,10001.75,1.902
2026-01-06 00:46:00,614.22,1502.91,915.73,29.37,2586.04,9970.49,1.835
2026-01-06 00:47:00,619.4,1507.94,917.71,29.48,2574.16,9987.99,1.888
2026-01-06 00:48:00,624.89,1505.76,922.29,29.83,2594.77,9994.52,1.87
2026-01-06 00:49:00,618.39,1507.99,912.91,29.73,2587.63,9973.54,1.934
2026-01-06 00:50:00,619.21,1506.01,917.15,29.03,2573.95,9935.28,1.779
2026-01-06 00:51:00,616.91,1509.39,914.63,30.39,2590.95,10010.82,1.64
2026-01-06 00:52:00,622.87,1500.04,915.62,29.71,2576.53,9967.96,1.762
2026-01-06 00:53:00,619.2,1521.1,918.55,30.06,2593.37,10000.42,1.872
2026-01-06 00:54:00,620.97,1508.37,922.22,29.94,2579.69,9986.17,1.791
2026-01-06 00:55:00,617.72,1502.99,914.18,29.13,2590.07,9960.95,1.892
2026-01-06 00:56:00,620.9,1523.26,918.06,30.59,2585.76,10053.82,1.807
2026-01-06 00:57:00,619.11,1507.7,921.85,29.19,2568.37,9958.92,1.867
2026-01-06 00:58:00,623.02,1513.73,922.16,30.52,2598.12,10032.47,1.739
2026-01-06 00:59:00,620.84,1505.04,912.69,29.43,2596.37,9976.29,1.836
2026-01-06 01:00:00,616.41,1513.27,919.18,29.99,2584.65,9998.29,1.762
2026-01-06 01:01:00,620.2,1513.5,921.53,30.13,2591.58,10012.85,1.732
2026-01-06 01:02:00,620.83,1505.53,921.19,30.44,2593.25,10021.93,1.842
2026-01-06 01:03:00,620.26,1506.54,920.26,29.35,2591.62,9973.48,1.709
2026-01-06 01:04:00,618.85,1514.09,916.7,30.43,2603.63,10024.07,1.91
2026-01-06 01:05:00,621.27,1509.9,921.69,29.97,2592.93,10018.08,1.815
2026-01-06 01:06:00,618.32,1502.6,918.12,29.58,2585.52,9986.91,1.825
2026-01-06 01:07:00,621.61,1510.94,921.94,30.06,2592.59,10007.24,1.83
2026-01-06 01:08:00,622.19,1519.46,927.62,31.34,2588.49,10078.08,1.941
2026-01-06 01:09:00,619.29,1515.87,924.98,29.71,2580.14,9994.34,1.768
2026-01-06 01:10:00,622.75,1506.8,926.99,29.47,2598.4,9993.76,1.913
2026-01-06 01:11:00,625.05,1507.08,916.81,30.01,2593.9,10019.03,2.008
2026-01-06 01:12:00,620.73,1503.55,918.98,29.45,2572.67,9965.98,1.712
2026-01-06 01:13:00,624.8,1508.51,924.52,30.91,2584.71,10033.2,1.984
2026-01-06 01:14:00,622.64,1503.43,917.27,29.99,2594.63,9991.76,1.778
2026-01-06 01:15:00,619.94,1506.4,919.95,29.72,2576.13,9993.54,1.783
2026-01-06 01:16:00,629.76,1521.18,930.15,30.86,2585.49,10067.43,1.955
2026-01-06 01:17:00,622.92,1505.67,920.29,30.52,2610.57,10009.97,1.749
2026-01-06 01:18:00,617.88,1502.64,923.81,30.25,2587.15,10023.38,1.897
2026-01-06 01:19:00,621.86,1511.67,923.99,30.5,2599.18,10041.83,1.909
2026-01-06 01:20:00,620.39,1500.68,920.97,29.61,2600.04,9978.18,1.805
2026-01-06 01:21:00,623.12,1508.99,923.55,30.23,2581.78,10004.16,1.824
2026-01-06 01:22:00,623.28,1515.77,921.3,29.91,2591.15,10003.39,1.789
2026-01-06 01:23:00,619.43,1514.94,923.28,30.4,2605.9,10014.0,1.899
2026-01-06 01:24:00,621.16,1500.68,917.09,30.17,2592.3,9993.15,1.792
2026-01-06 01:25:00,620.03,1513.55,926.89,30.64,2609.26,10037.09,1.95
2026-01-06 01:26:00,622.04,1510.92,920.33,30.08,2584.21,10010.74,1.93
2026-01-06 01:27:00,624.73,1510.89,924.62,30.49,2605.72,10063.23,1.767
2026-01-06 01:28:00,617.67,1509.91,918.44,30.2,2589.77,10019.31,1.74
2026-01-06 01:29:00,628.34,1516.5,924.54,30.69,2588.78,10064.68,1.87
2026-01-06 01:30:00,625.23,1517.84,928.01,30.71,2596.66,10068.16,1.813
2026-01-06 01:31:00,617.81,1503.32,920.88,29.86,2587.78,9994.43,1.77
2026-01-06 01:32:00,622.07,1510.76,928.83,29.87,2587.47,9981.02,1.748
2026-01-06 01:33:00,618.66,1505.6,922.21,30.44,2594.52,10045.11,2.022
2026-01-06 01:34:00,621.83,1510.08,918.28,29.77,2574.78,10009.02,1.929
2026-01-06 01:35:00,625.05,1516.17,923.06,30.18,2583.72,10031.41,1.789
2026-01-06 01:36:00,628.86,1510.58,923.46,30.52,2594.97,10007.66,1.682
2026-01-06 01:37:00,622.37,1516.62,918.63,30.57,2598.09,10032.73,1.812
2026-01-06 01:38:00,621.03,1509.92,927.11,30.05,2592.61,10022.21,1.746
2026-01-06 01:39:00,623.29,1510.04,922.53,30.68,2592.14,10026.83,1.909
2026-01-06 01:40:00,626.58,1512.29,928.66,30.33,2593.25,10029.48,1.859
2026-01-06 01:41:00,622.99,1519.7,925.97,30.83,2597.31,10019.51,1.8
2026-01-06 01:42:00,623.95,1509.75,924.11,30.03,2577.38,9997.33,1.821
2026-01-06 01:43:00,624.56,1521.27,923.09,30.59,2586.14,10034.22,1.766
2026-01-06 01:44:00,624.1,1512.93,920.36,30.44,2588.97,10017.49,1.826
2026-01-06 01:45:00,618.72,1508.48,920.7,30.49,2590.82,10009.3,1.968
2026-01-06 01:46:00,619.93,1522.54,921.11,30.58,2574.03,10051.91,1.819
2026-01-06 01:47:00,616.04,1507.43,916.35,29.99,2577.78,9973.12,1.816
2026-01-06 01:48:00,618.89,1509.76,923.02,30.21,2589.85,10028.05,1.791
2026-01-06 01:49:00,619.99,1516.21,924.2,30.28,2598.08,10027.87,1.789
2026-01-06 01:50:00,626.42,1515.66,917.35,29.85,2585.09,9988.53,1.887
2026-01-06 01:51:00,624.28,1517.99,926.09,31.49,2587.21,10094.1,1.813
2026-01-06 01:52:00,623.61,1517.87,921.65,30.45,2594.69,10040.37,1.85
2026-01-06 01:53:00,623.07,1514.1,928.87,31.02,2588.06,10046.15,1.799
2026-01-06 01:54:00,623.1,1508.68,916.82,30.86,2597.5,10040.24,1.974
2026-01-06 01:55:00,623.63,1511.66,929.96,30.8,2589.43,10059.56,1.826
2026-01-06 01:56:00,618.33,1505.32,923.38,29.92,2580.43,10012.02,1.738
2026-01-06 01:57:00,624.79,1514.49,916.32,30.83,2601.97,10044.08,1.855
2026-01-06 01:58:00,620.35,1511.65,920.46,29.77,2599.67,10022.7,1.837
2026-01-06 01:59:00,621.44,1518.51,925.24,30.56,2582.35,10028.54,1.942
2026-01-06 02:00:00,618.62,1508.79,916.91,29.21,2590.34,9955.87,1.75
2026-01-06 02:01:00,623.9,1509.32,921.35,30.55,2586.97,10017.93,1.879
2026-01-06 02:02:00,624.77,1520.15,934.76,30.97,2597.66,10098.31,1.836
2026-01-06 02:03:00,625.53,1516.02,925.34,30.79,2584.68,10071.88,1.979
2026-01-06 02:04:00,627.19,1521.03,924.5,30.9,2598.18,10059.56,1.952
2026-01-06 02:05:00,627.0,1520.11,930.71,31.41,2602.12,10094.39,1.957
2026-01-06 02:06:00,625.69,1518.55,922.25,30.6,2583.52,10056.84,1.946
2026-01-06 02:07:00,619.82,1520.0,926.16,29.96,2589.58,10003.79,1.854
2026-01-06 02:08:00,622.7,1518.13,924.58,30.73,2600.06,10037.11,1.871
2026-01-06 02:09:00,623.86,1518.01,933.18,31.06,2583.24,10060.78,1.791
2026-01-06 02:10:00,619.95,1519.6,926.63,30.93,2586.51,10076.4,1.843
2026-01-06 02:11:00,627.38,1528.48,930.09,31.54,2599.08,10125.91,2.009
2026-01-06 02:12:00,622.42,1512.85,924.48,30.15,2589.06,10037.36,1.927
2026-01-06 02:13:00,635.15,1529.75,936.19,31.46,2580.35,10104.47,1.993
2026-01-06 02:14:00,626.61,1510.2,925.35,31.32,2589.58,10083.52,1.869
2026-01-06 02:15:00,628.72,1526.2,927.87,31.36,2606.7,10098.68,2.051
2026-01-06 02:16:00,626.4,1522.9,929.17,31.06,2609.15,10096.6,1.901
2026-01-06 02:17:00,622.38,1508.87,924.87,31.4,2586.58,10071.78,1.929
2026-01-06 02:18:00,630.24,1514.51,923.56,30.05,2583.29,10043.8,2.09
2026-01-06 02:19:00,621.34,1520.81,920.45,30.73,2586.71,10038.3,1.822
2026-01-06 02:20:00,623.28,1522.68,921.17,30.2,2603.75,10011.48,1.898
2026-01-06 02:21:00,630.52,1516.86,924.76,30.74,2597.44,10046.61,1.75
2026-01-06 02:22:00,622.68,1516.63,925.12,30.43,2602.44,10047.36,1.842
2026-01-06 02:23:00,625.34,1517.11,924.35,30.74,2599.17,10058.91,1.929
2026-01-06 02:24:00,625.82,1519.82,926.83,31.09,2581.29,10076.04,1.847
2026-01-06 02:25:00,619.59,1517.27,921.66,29.88,2581.01,9992.54,1.828
2026-01-06 02:26:00,629.14,1521.31,929.89,30.89,2587.2,10099.88,1.936
2026-01-06 02:27:00,621.68,1513.64,922.67,30.94,2586.23,10038.92,1.877
2026-01-06 02:28:00,627.96,1518.46,932.67,31.26,2586.66,10082.33,1.726
2026-01-06 02:29:00,627.29,1519.92,931.55,31.21,2587.89,10090.01,2.089
2026-01-06 02:30:00,629.78,1526.71,931.15,31.21,2597.46,10088.71,1.82
2026-01-06 02:31:00,624.59,1518.62,928.55,31.02,2591.74,10045.43,1.805
2026-01-06 02:32:00,622.66,1513.17,918.56,30.28,2600.02,10035.25,1.731
2026-01-06 02:33:00,628.01,1523.16,925.07,30.8,2593.94,10078.18,1.817
2026-01-06 02:34:00,622.21,1518.47,925.78,31.16,2586.26,10071.47,1.887
2026-01-06 02:35:00,620.66,1514.72,920.28,30.94,2592.82,10062.22,1.963
2026-01-06 02:36:00,627.19,1521.54,926.07,30.69,2579.54,10070.46,1.84
2026-01-06 02:37:00,626.97,1515.29,932.96,30.91,2572.27,10048.34,1.881
2026-01-06 02:38:00,623.63,1514.28,924.37,30.33,2594.8,10019.71,1.871
2026-01-06 02:39:00,629.06,1526.12,933.13,30.87,2600.23,10082.1,1.809
2026-01-06 02:40:00,623.8,1517.78,930.27,31.0,2592.04,10066.29,1.736
2026-01-06 02:41:00,628.19,1523.1,923.46,31.15,2588.87,10079.97,1.82
2026-01-06 02:42:00,624.79,1514.23,926.33,30.76,2580.44,10058.77,1.985
2026-01-06 02:43:00,625.96,1525.82,928.83,31.68,2602.81,10118.0,1.867
2026-01-06 02:44:00,629.34,1522.0,930.07,31.04,2595.42,10066.58,1.825
2026-01-06 02:45:00,628.09,1521.51,929.0,31.05,2593.61,10061.58,1.907
2026-01-06 02:46:00,624.06,1517.19,931.51,30.58,2590.48,10041.86,1.913
2026-01-06 02:47:00,625.69,1516.06,929.17,30.95,2588.09,10076.17,1.8
2026-01-06 02:48:00,629.82,1529.85,933.04,31.22,2583.35,10086.63,1.96
2026-01-06 02:49:00,624.67,1517.2,927.15,31.9,2595.56,10119.59,1.971
2026-01-06 02:50:00,628.08,1517.72,924.82,31.46,2588.38,10097.59,1.865
2026-01-06 02:51:00,626.76,1525.16,931.12,31.1,2588.93,10088.25,1.753
2026-01-06 02:52:00,624.39,1513.9,925.23,30.92,2605.29,10068.45,1.948
2026-01-06 02:53:00,619.7,1517.96,927.62,30.89,2589.9,10035.79,1.884
2026-01-06 02:54:00,623.67,1514.91,931.74,31.12,2571.99,10069.99,1.9
2026-01-06 02:55:00,625.73,1519.33,927.41,31.24,2588.11,10090.14,1.793
2026-01-06 02:56:00,627.19,1520.31,928.2,30.95,2582.84,10050.46,2.05
2026-01-06 02:57:00,622.9,1507.74,927.06,30.8,2590.52,10070.54,1.805
2026-01-06 02:58:00,625.97,1517.09,924.76,30.86,2579.78,10058.84,1.832
2026-01-06 02:59:00,622.36,1523.97,925.86,31.72,2595.99,10093.4,1.984
2026-01-06 03:00:00,625.3,1515.81,934.06,31.48,2590.37,10098.92,1.919
2026-01-06 03:01:00,625.93,1519.06,927.75,31.23,2587.5,10062.14,1.895
2026-01-06 03:02:00,626.6,1522.08,929.42,31.0,2593.05,10076.31,1.795
2026-01-06 03:03:00,627.83,1521.44,924.54,30.81,2591.01,10070.18,1.784
2026-01-06 03:04:00,627.92,1524.84,931.64,31.55,2591.48,10094.28,1.939
2026-01-06 03:05:00,625.85,1515.39,929.16,30.59,2590.15,10078.63,1.862
2026-01-06 03:06:00,629.61,1523.02,927.33,31.39,2592.64,10100.72,2.067
2026-01-06 03:07:00,625.83,1520.63,931.32,31.79,2596.1,10114.86,1.834
2026-01-06 03:08:00,622.22,1516.52,924.86,30.94,2592.98,10060.47,1.847
2026-01-06 03:09:00,627.92,1526.7,921.94,31.07,2602.53,10119.06,1.948
2026-01-06 03:10:00,622.44,1511.62,924.53,29.98,2585.46,10024.32,1.812
2026-01-06 03:11:00,630.35,1525.82,931.54,30.85,2593.36,10066.08,1.821
2026-01-06 03:12:00,621.16,1526.73,924.59,30.97,2610.96,10064.28,1.889
2026-01-06 03:13:00,626.97,1530.89,937.08,31.73,2593.21,10119.61,2.096
2026-01-06 03:14:00,628.89,1524.71,927.51,30.73,2591.0,10054.75,1.823
2026-01-06 03:15:00,632.11,1523.58,935.83,31.08,2581.41,10067.51,1.757
2026-01-06 03:16:00,627.93,1525.33,927.09,31.44,2587.06,10099.79,1.96
2026-01-06 03:17:00,631.53,1519.15,927.56,31.22,2591.7,10094.09,1.882
2026-01-06 03:18:00,627.91,1519.23,926.84,30.82,2595.16,10051.58,1.79
2026-01-06 03:19:00,626.11,1527.72,925.53,31.47,2598.82,10121.78,1.986
2026-01-06 03:20:00,628.82,1518.22,928.38,31.37,2595.04,10091.06,1.946
2026-01-06 03:21:00,627.86,1525.74,937.56,31.56,2600.46,10132.18,1.892
2026-01-06 03:22:00,621.0,1518.16,925.26,30.87,2583.07,10056.05,1.744
2026-01-06 03:23:00,627.17,1513.36,922.72,31.02,2595.44,10067.89,1.962
2026-01-06 03:24:00,633.67,1541.52,936.62,31.92,2594.78,10148.76,1.908
2026-01-06 03:25:00,624.11,1524.92,932.96,31.27,2593.13,10083.38,1.923
2026-01-06 03:26:00,624.0,1517.89,919.87,31.11,2588.12,10054.79,1.866
2026-01-06 03:27:00,623.65,1524.81,924.36,31.12,2585.27,10102.94,1.961
2026-01-06 03:28:00,621.78,1511.97,923.82,30.82,2580.88,10043.92,1.887
2026-01-06 03:29:00,627.0,1526.0,926.73,31.39,2594.73,10084.18,2.009
2026-01-06 03:30:00,630.95,1523.23,931.12,31.71,2597.98,10131.46,2.0
2026-01-06 03:31:00,624.95,1511.39,932.2,31.31,2591.08,10082.97,1.746
2026-01-06 03:32:00,623.84,1522.27,927.77,30.97,2591.79,10077.56,1.87
2026-01-06 03:33:00,633.69,1534.15,933.39,31.97,2587.94,10123.63,1.952
2026-01-06 03:34:00,626.12,1524.35,927.77,30.19,2595.47,10065.82,1.856
2026-01-06 03:35:00,627.89,1518.66,924.79,31.28,2592.05,10068.73,1.986
2026-01-06 03:36:00,629.07,1522.54,926.46,31.08,2589.93,10101.97,1.958
2026-01-06 03:37:00,629.04,1515.5,931.5,30.95,2598.53,10069.74,1.74
2026-01-06 03:38:00,628.6,1527.82,929.72,31.46,2598.87,10124.08,1.913
2026-01-06 03:39:00,627.05,1521.63,928.11,30.94,2578.25,10042.46,1.871
2026-01-06 03:40:00,628.76,1524.9,930.68,31.5,2593.79,10116.03,1.871
2026-01-06 03:41:00,626.76,1516.45,929.65,31.26,2585.29,10104.62,1.979
2026-01-06 03:42:00,631.29,1519.9,932.19,31.97,2594.91,10126.01,1.989
2026-01-06 03:43:00,627.86,1526.35,927.54,31.49,2567.48,10097.85,1.949
2026-01-06 03:44:00,628.86,1519.77,932.12,31.61,2595.39,10126.64,2.004
2026-01-06 03:45:00,626.71,1521.84,924.35,30.66,2597.24,10068.29,1.999
2026-01-06 03:46:00,630.25,1529.49,938.65,31.04,2591.86,10099.12,1.986
2026-01-06 03:47:00,625.21,1518.85,931.74,31.4,2582.73,10081.2,1.968
2026-01-06 03:48:00,628.56,1525.01,931.15,31.49,2608.58,10103.9,1.923
2026-01-06 03:49:00,627.61,1525.75,929.83,31.48,2602.33,10107.7,1.882
2026-01-06 03:50:00,627.63,1526.63,932.49,31.68,2589.18,10116.69,2.1
2026-01-06 03:51:00,632.69,1543.97,932.35,31.6,2592.85,10155.57,2.006
2026-01-06 03:52:00,635.43,1530.79,935.84,32.21,2579.65,10169.94,1.91
2026-01-06 03:53:00,631.23,1534.6,930.54,31.97,2598.6,10152.21,1.964
2026-01-06 03:54:00,629.03,1526.26,923.03,31.31,2581.04,10079.95,1.875
2026-01-06 03:55:00,622.13,1517.27,930.79,30.21,2595.92,10043.7,1.937
2026-01-06 03:56:00,631.78,1532.25,935.13,31.54,2600.81,10095.38,1.892
2026-01-06 03:57:00,626.03,1521.47,930.13,31.87,2592.48,10106.68,1.804
2026-01-06 03:58:00,630.4,1523.86,935.36,31.17,2585.01,10119.13,1.986
2026-01-06 03:59:00,628.02,1529.5,933.66,31.7,2603.81,10126.72,1.903
2026-01-06 04:00:00,624.82,1528.45,932.91,31.29,2592.31,10087.57,1.725
2026-01-06 04:01:00,629.92,1522.24,925.39,31.46,2593.26,10093.33,1.988
2026-01-06 04:02:00,633.88,1524.19,931.43,31.21,2586.51,10130.48,1.845
2026-01-06 04:03:00,629.57,1518.2,927.97,31.49,2594.53,10105.24,1.847
2026-01-06 04:04:00,627.77,1529.55,928.14,31.11,2590.66,10087.38,1.916
2026-01-06 04:05:00,628.25,1530.04,931.12,31.53,2582.91,10119.44,1.951
2026-01-06 04:06:00,628.19,1520.81,932.33,32.41,2605.1,10141.29,1.916
2026-01-06 04:07:00,631.37,1535.59,933.68,32.03,2609.0,10155.27,2.003
2026-01-06 04:08:00,630.69,1525.12,933.4,31.96,2602.4,10138.06,2.024
2026-01-06 04:09:00,626.43,1524.74,930.02,31.86,2601.32,10140.94,1.886
2026-01-06 04:10:00,628.26,1517.19,929.49,30.58,2604.53,10038.99,1.873
2026-01-06 04:11:00,630.44,1518.43,925.44,31.52,2584.53,10103.38,1.935
2026-01-06 04:12:00,635.08,1523.22,933.49,32.02,2585.61,10133.64,2.049
2026-01-06 04:13:00,622.32,1524.48,926.92,30.99,2589.02,10088.63,1.928
2026-01-06 04:14:00,626.55,1528.55,929.41,31.02,2594.13,10073.48,1.75
2026-01-06 04:15:00,630.36,1528.77,925.97,31.68,2591.28,10121.73,2.126
2026-01-06 04:16:00,631.69,1534.39,934.91,31.8,2587.12,10164.22,1.991
2026-01-06 04:17:00,627.11,1518.38,928.72,31.15,2592.96,10103.53,1.945
2026-01-06 04:18:00,626.0,1527.11,931.28,31.86,2592.88,10122.04,1.933
2026-01-06 04:19:00,626.68,1528.97,941.01,31.71,2600.91,10136.1,1.977
2026-01-06 04:20:00,634.95,1530.7,933.23,32.17,2593.66,10113.44,1.967
2026-01-06 04:21:00,625.49,1528.81,933.03,31.96,2578.65,10128.42,2.009
2026-01-06 04:22:00,627.23,1535.66,931.96,31.86,2597.04,10130.42,1.937
2026-01-06 04:23:00,625.04,1524.25,930.8,31.74,2605.51,10102.12,1.732
2026-01-06 04:24:00,630.08,1528.53,932.0,31.98,2594.31,10133.58,1.917
2026-01-06 04:25:00,629.49,1524.21,930.61,31.64,2601.43,10119.36,1.922
2026-01-06 04:26:00,629.8,1529.12,928.53,31.3,2589.66,10123.76,1.888
2026-01-06 04:27:00,629.13,1528.5,935.45,31.97,2598.64,10134.48,1.866
2026-01-06 04:28:00,629.97,1526.21,930.52,31.92,2587.49,10117.12,1.898
2026-01-06 04:29:00,631.07,1529.45,931.15,31.9,2592.83,10152.13,2.038
2026-01-06 04:30:00,633.81,1524.55,936.66,31.08,2591.45,10115.05,1.96
2026-01-06 04:31:00,634.65,1529.17,937.72,31.33,2597.33,10119.0,1.83
2026-01-06 04:32:00,628.14,1529.15,928.16,32.1,2587.12,10124.04,1.803
2026-01-06 04:33:00,630.68,1521.44,934.15,31.5,2581.46,10110.42,1.789
2026-01-06 04:34:00,632.12,1532.95,930.18,32.13,2597.78,10131.83,1.97
2026-01-06 04:35:00,632.67,1533.49,930.97,32.06,2598.29,10152.67,1.849
2026-01-06 04:36:00,628.9,1514.61,926.57,31.13,2593.45,10094.25,1.908
2026-01-06 04:37:00,631.85,1536.61,931.39,31.98,2600.57,10108.52,1.98
2026-01-06 04:38:00,627.82,1517.61,927.29,30.32,2588.47,10030.96,1.891
2026-01-06 04:39:00,629.83,1522.67,927.52,31.62,2596.03,10125.62,1.916
2026-01-06 04:40:00,631.74,1532.63,933.38,31.94,2591.39,10136.32,2.079
2026-01-06 04:41:00,632.19,1525.5,929.49,31.33,2590.9,10104.8,1.876
2026-01-06 04:42:00,629.68,1528.92,933.6,32.06,2597.02,10139.18,1.968
2026-01-06 04:43:00,623.27,1514.29,926.38,31.0,2609.62,10066.75,1.859
2026-01-06 04:44:00,625.3,1531.84,936.0,31.54,2598.95,10106.13,1.91
2026-01-06 04:45:00,631.51,1540.91,928.22,31.85,2599.09,10149.45,2.032
2026-01-06 04:46:00,632.42,1533.59,937.17,31.87,2601.68,10169.92,2.038
2026-01-06 04:47:00,627.24,1533.44,938.3,32.1,2576.78,10171.51,1.843
2026-01-06 04:48:00,628.04,1526.01,930.72,31.71,2596.94,10141.32,1.877
2026-01-06 04:49:00,631.55,1532.68,931.35,31.81,2601.21,10129.51,2.014
2026-01-06 04:50:00,627.35,1520.93,930.91,31.0,2593.08,10090.43,1.807
2026-01-06 04:51:00,629.78,1529.62,935.45,31.29,2593.35,10123.58,1.861
2026-01-06 04:52:00,630.15,1522.28,923.97,31.13,2585.49,10105.93,1.953
2026-01-06 04:53:00,626.62,1517.15,927.48,30.98,2588.01,10066.65,1.968
2026-01-06 04:54:00,629.17,1524.28,931.87,31.41,2585.82,10092.53,1.981
2026-01-06 04:55:00,629.93,1531.11,936.5,31.82,2602.53,10145.17,1.834
2026-01-06 04:56:00,630.51,1534.22,932.48,31.61,2605.87,10127.67,1.924
2026-01-06 04:57:00,627.13,1527.23,928.62,32.0,2609.71,10137.41,1.925
2026-01-06 04:58:00,626.01,1526.95,930.43,31.5,2586.33,10109.02,1.881
2026-01-06 04:59:00,625.84,1520.07,927.97,31.64,2587.46,10100.72,1.795
2026-01-06 05:00:00,633.12,1528.13,932.49,31.82,2588.27,10138.42,2.066
2026-01-06 05:01:00,626.61,1523.98,931.68,30.72,2583.44,10069.38,1.884
2026-01-06 05:02:00,627.27,1527.11,930.81,32.02,2585.94,10130.49,1.871
2026-01-06 05:03:00,632.31,1538.79,930.48,31.87,2590.4,10144.95,1.991
2026-01-06 05:04:00,631.41,1534.71,939.58,31.49,2600.79,10126.16,1.931
2026-01-06 05:05:00,631.62,1527.22,932.96,31.81,2587.77,10118.83,2.005
2026-01-06 05:06:00,624.9,1524.2,929.68,31.39,2600.32,10077.21,1.861
2026-01-06 05:07:00,632.49,1526.35,931.1,31.53,2604.15,10111.04,1.896
2026-01-06 05:08:00,632.97,1522.82,929.61,31.32,2595.74,10117.63,1.939
2026-01-06 05:09:00,631.27,1521.16,929.09,32.04,2603.52,10123.51,1.998
2026-01-06 05:10:00,633.18,1529.36,931.94,32.27,2584.3,10161.91,1.901
2026-01-06 05:11:00,629.51,1530.62,929.67,31.51,2588.66,10109.04,1.818
2026-01-06 05:12:00,631.68,1532.09,929.48,31.58,2595.28,10125.32,1.986
2026-01-06 05:13:00,627.19,1532.74,936.43,32.22,2596.28,10144.09,1.985
2026-01-06 05:14:00,630.51,1536.8,933.5,31.96,2606.78,10165.98,1.988
2026-01-06 05:15:00,629.9,1528.71,935.7,31.6,2586.42,10142.0,1.967
2026-01-06 05:16:00,629.17,1530.67,932.67,32.4,2590.16,10143.24,1.964
2026-01-06 05:17:00,633.71,1537.51,934.24,31.73,2593.84,10144.83,2.072
2026-01-06 05:18:00,632.41,1533.89,930.22,31.93,2589.64,10126.08,1.963
2026-01-06 05:19:00,632.34,1517.76,928.27,31.59,2584.17,10093.06,1.9
2026-01-06 05:20:00,627.94,1513.08,926.14,30.96,2587.73,10068.32,1.81
2026-01-06 05:21:00,627.61,1534.62,935.11,31.47,2591.83,10126.07,1.915
2026-01-06 05:22:00,634.47,1528.34,930.72,32.06,2606.0,10142.1,2.006
2026-01-06 05:23:00,630.17,1531.57,938.96,32.38,2586.6,10151.01,2.029
2026-01-06 05:24:00,633.02,1519.51,932.35,31.37,2599.16,10096.45,1.802
2026-01-06 05:25:00,636.81,1534.12,936.67,32.05,2605.54,10166.43,2.056
2026-01-06 05:26:00,633.12,1532.21,928.23,31.41,2588.66,10099.49,1.912
2026-01-06 05:27:00,633.93,1529.82,935.46,32.05,2597.88,10177.63,2.184
2026-01-06 05:28:00,632.64,1527.95,938.23,31.83,2599.51,10154.51,2.071
2026-01-06 05:29:00,633.45,1535.98,934.63,32.37,2599.19,10180.33,1.984
2026-01-06 05:30:00,634.74,1529.35,931.16,31.8,2594.73,10133.21,1.859
2026-01-06 05:31:00,630.14,1526.53,931.45,31.45,2588.55,10130.87,1.868
2026-01-06 05:32:00,627.07,1518.45,929.43,31.62,2598.71,10116.33,1.894
2026-01-06 05:33:00,634.33,1537.97,934.26,32.17,2591.79,10151.55,2.114
2026-01-06 05:34:00,634.19,1529.83,935.84,32.2,2595.64,10167.64,1.961
2026-01-06 05:35:00,634.16,1532.94,938.25,31.72,2596.81,10167.56,2.002
2026-01-06 05:36:00,633.2,1538.53,940.38,32.89,2603.98,10211.92,2.018
2026-01-06 05:37:00,633.88,1536.81,931.76,32.39,2609.92,10144.25,1.947
2026-01-06 05:38:00,630.14,1528.44,927.55,30.92,2585.34,10060.55,1.852
2026-01-06 05:39:00,629.44,1528.4,940.61,31.54,2593.79,10115.1,2.052
2026-01-06 05:40:00,626.93,1528.11,930.32,31.55,2581.8,10122.96,2.012
2026-01-06 05:41:00,633.56,1535.68,934.44,32.12,2606.46,10147.18,1.851
2026-01-06 05:42:00,633.8,1533.82,927.93,31.93,2594.69,10140.04,1.826
2026-01-06 05:43:00,633.6,1534.47,930.26,31.83,2591.3,10123.64,2.008
2026-01-06 05:44:00,625.04,1527.79,934.0,31.53,2594.53,10134.41,2.039
2026-01-06 05:45:00,632.87,1534.62,934.7,32.63,2597.19,10192.35,1.936
2026-01-06 05:46:00,631.34,1534.19,932.03,31.77,2588.49,10140.41,1.925
2026-01-06 05:47:00,634.07,1536.68,934.44,32.33,2604.87,10166.54,2.072
2026-01-06 05:48:00,634.01,1536.01,933.56,31.41,2599.53,10141.05,2.011
2026-01-06 05:49:00,630.95,1529.22,936.54,31.63,2600.16,10128.61,1.949
2026-01-06 05:50:00,631.59,1532.08,932.5,32.01,2588.88,10139.75,2.005
2026-01-06 05:51:00,633.67,1536.43,935.09,32.12,2588.64,10144.58,1.944
2026-01-06 05:52:00,632.82,1531.97,936.14,31.83,2593.32,10137.33,1.925
2026-01-06 05:53:00,636.07,1536.38,934.0,31.72,2601.81,10167.71,2.072
2026-01-06 05:54:00,635.65,1531.2,931.8,32.27,2599.02,10157.28,1.923
2026-01-06 05:55:00,634.13,1530.59,932.97,32.32,2588.25,10143.55,1.926
2026-01-06 05:56:00,628.45,1531.33,930.46,31.61,2599.5,10135.42,2.092
2026-01-06 05:57:00,631.59,1538.19,935.81,31.8,2586.63,10141.92,1.893
2026-01-06 05:58:00,627.45,1526.47,932.91,31.61,2587.71,10105.72,2.061
2026-01-06 05:59:00,632.47,1522.54,934.82,32.14,2595.73,10143.57,1.978
2026-01-06 06:00:00,630.28,1520.9,937.57,32.12,2584.86,10137.29,1.958
2026-01-06 06:01:00,631.21,1528.35,930.26,31.89,2585.92,10121.93,1.985
2026-01-06 06:02:00,631.23,1528.5,932.12,31.52,2606.82,10141.74,2.029
2026-01-06 06:03:00,630.77,1528.67,937.29,31.63,2604.89,10130.49,2.06
2026-01-06 06:04:00,632.19,1529.12,933.86,31.61,2611.43,10108.48,1.913
2026-01-06 06:05:00,626.74,1531.7,933.59,31.22,2596.12,10093.25,1.953
2026-01-06 06:06:00,626.03,1526.42,932.37,32.11,2599.89,10150.19,1.934
2026-01-06 06:07:00,629.53,1533.36,936.97,32.25,2594.24,10169.55,1.945
2026-01-06 06:08:00,635.09,1542.44,936.21,32.31,2593.07,10179.51,2.008
2026-01-06 06:09:00,636.38,1528.83,930.97,31.68,2600.92,10130.07,2.01
2026-01-06 06:10:00,630.12,1528.03,930.2,30.82,2602.99,10082.42,1.834
2026-01-06 06:11:00,631.44,1537.2,936.5,31.99,2601.46,10161.35,1.853
2026-01-06 06:12:00,632.3,1527.5,932.87,31.69,2587.12,10127.19,1.867
2026-01-06 06:13:00,628.15,1522.46,932.14,31.9,2597.56,10142.52,1.925
2026-01-06 06:14:00,634.7,1536.39,938.62,31.94,2587.95,10134.41,2.058
2026-01-06 06:15:00,631.84,1537.21,935.94,31.62,2591.19,10125.96,1.88
2026-01-06 06:16:00,632.66,1527.71,931.86,32.03,2606.67,10120.53,1.982
2026-01-06 06:17:00,626.04,1538.14,938.2,32.46,2585.52,10160.09,2.071
2026-01-06 06:18:00,634.31,1529.23,941.05,32.38,2613.46,10185.62,1.943
2026-01-06 06:19:00,635.44,1531.95,933.33,31.86,2598.55,10135.35,2.065
2026-01-06 06:20:00,633.45,1534.31,933.8,32.61,2591.83,10171.4,2.037
2026-01-06 06:21:00,632.24,1529.08,937.46,32.11,2595.98,10168.43,1.911
2026-01-06 06:22:00,631.36,1532.4,934.86,32.39,2590.84,10191.15,1.979
2026-01-06 06:23:00,626.03,1523.92,938.12,31.8,2588.8,10110.16,1.869
2026-01-06 06:24:00,632.99,1530.35,933.33,32.59,2596.45,10179.23,1.978
2026-01-06 06:25:00,627.04,1531.79,937.66,32.0,2591.29,10129.45,1.983
2026-01-06 06:26:00,633.2,1530.82,934.32,32.1,2587.28,10150.48,1.919
2026-01-06 06:27:00,631.98,1525.67,931.12,31.78,2592.45,10137.16,1.988
2026-01-06 06:28:00,627.76,1532.05,928.83,31.29,2583.08,10121.05,1.957
2026-01-06 06:29:00,635.17,1535.71,938.66,32.39,2585.51,10174.64,1.909
2026-01-06 06:30:00,629.06,1518.1,929.22,31.96,2583.43,10123.42,1.975
2026-01-06 06:31:00,633.78,1534.16,935.77,32.73,2609.24,10179.58,2.085
2026-01-06 06:32:00,633.31,1531.64,930.41,31.75,2596.44,10110.85,1.914
2026-01-06 06:33:00,631.15,1528.18,927.02,31.74,2598.15,10115.45,1.997
2026-01-06 06:34:00,632.9,1534.03,933.15,32.48,2594.57,10143.66,1.883
2026-01-06 06:35:00,629.91,1527.32,934.97,30.67,2596.02,10079.12,2.028
2026-01-06 06:36:00,632.95,1528.24,934.62,31.56,2602.66,10112.31,1.984
2026-01-06 06:37:00,629.76,1529.33,931.0,31.22,2596.39,10109.0,1.989
2026-01-06 06:38:00,630.96,1531.05,940.86,32.22,2607.33,10136.83,1.905
2026-01-06 06:39:00,634.1,1535.93,928.95,32.14,2595.17,10169.13,2.046
2026-01-06 06:40:00,631.04,1531.01,935.27,32.52,2600.24,10168.6,2.022
2026-01-06 06:41:00,629.39,1526.11,927.96,31.28,2598.58,10104.32,1.988
2026-01-06 06:42:00,629.99,1534.3,935.85,32.17,2587.4,10153.4,2.078
2026-01-06 06:43:00,626.22,1529.35,931.47,31.56,2593.85,10118.67,1.903
2026-01-06 06:44:00,630.07,1530.42,930.62,31.6,2578.81,10119.56,2.046
2026-01-06 06:45:00,630.02,1535.65,936.28,32.33,2594.33,10166.76,2.048
2026-01-06 06:46:00,635.28,1532.15,932.88,32.18,2592.31,10145.38,1.873
2026-01-06 06:47:00,626.74,1528.54,929.04,31.5,2590.61,10113.98,2.07
2026-01-06 06:48:00,635.77,1528.57,933.82,32.79,2593.03,10190.42,1.969
2026-01-06 06:49:00,628.9,1534.06,936.03,32.36,2599.07,10156.46,1.995
2026-01-06 06:50:00,630.5,1526.29,932.87,31.73,2587.12,10136.78,1.979
2026-01-06 06:51:00,627.2,1533.41,929.17,32.46,2609.53,10148.26,1.894
2026-01-06 06:52:00,629.65,1529.48,931.24,32.27,2599.45,10154.75,2.046
2026-01-06 06:53:00,630.48,1534.72,933.4,31.55,2587.27,10123.49,1.913
2026-01-06 06:54:00,627.03,1515.75,929.38,31.39,2597.67,10092.75,1.817
2026-01-06 06:55:00,631.34,1529.07,932.72,32.04,2602.0,10132.5,1.891
2026-01-06 06:56:00,636.0,1533.92,944.22,32.21,2597.81,10153.37,1.831
2026-01-06 06:57:00,628.05,1535.33,937.93,32.09,2586.74,10151.74,1.868
2026-01-06 06:58:00,632.8,1536.14,933.0,30.51,2610.77,10102.42,2.007
2026-01-06 06:59:00,630.42,1536.43,931.63,32.16,2600.93,10178.15,1.878
2026-01-06 07:00:00,630.91,1536.86,940.17,32.5,2585.63,10172.76,2.022
2026-01-06 07:01:00,626.5,1535.32,933.27,31.68,2596.13,10143.21,1.92
2026-01-06 07:02:00,626.74,1527.08,940.59,32.06,2592.73,10143.98,2.054
2026-01-06 07:03:00,626.14,1532.87,931.89,32.32,2595.01,10156.09,1.977
2026-01-06 07:04:00,628.0,1532.42,927.89,31.66,2584.24,10125.95,1.854
2026-01-06 07:05:00,630.57,1531.5,937.89,31.5,2594.95,10144.56,2.015
2026-01-06 07:06:00,630.0,1528.89,934.99,31.87,2588.17,10152.64,1.945
2026-01-06 07:07:00,623.04,1525.65,933.57,31.3,2589.38,10084.55,1.966
2026-01-06 07:08:00,625.16,1529.75,929.45,32.02,2596.93,10127.13,1.977
2026-01-06 07:09:00,629.87,1530.82,929.14,31.2,2590.06,10128.26,1.868
2026-01-06 07:10:00,634.07,1531.74,932.69,32.09,2592.55,10153.92,1.967
2026-01-06 07:11:00,627.81,1523.8,921.1,30.52,2598.03,10066.32,1.85
2026-01-06 07:12:00,634.34,1527.85,931.07,31.44,2585.91,10106.2,1.911
2026-01-06 07:13:00,629.39,1526.02,926.78,31.64,2588.58,10125.56,1.939
2026-01-06 07:14:00,632.71,1538.75,935.78,32.88,2585.47,10170.09,1.865
2026-01-06 07:15:00,630.15,1527.54,933.04,31.64,2587.45,10132.35,1.98
2026-01-06 07:16:00,631.36,1533.61,934.67,33.21,2598.38,10217.61,2.014
2026-01-06 07:17:00,630.96,1527.49,936.38,32.06,2599.25,10134.91,1.857
2026-01-06 07:18:00,631.62,1527.84,932.94,31.69,2587.47,10129.42,1.861
2026-01-06 07:19:00,632.81,1529.95,937.86,32.15,2599.89,10157.48,1.841
2026-01-06 07:20:00,630.48,1531.14,938.09,31.87,2595.16,10139.62,2.119
2026-01-06 07:21:00,635.59,1527.91,935.6,32.0,2584.14,10162.35,1.983
2026-01-06 07:22:00,629.04,1517.7,931.66,31.34,2594.79,10115.75,1.971
2026-01-06 07:23:00,629.56,1518.91,933.21,31.4,2602.82,10112.49,2.053
2026-01-06 07:24:00,634.66,1533.01,940.03,31.96,2580.25,10167.06,2.208
2026-01-06 07:25:00,630.4,1538.23,931.7,32.29,2611.92,10179.6,1.945
2026-01-06 07:26:00,629.92,1524.76,926.65,30.82,2586.53,10065.06,1.853
2026-01-06 07:27:00,629.97,1532.57,932.07,32.3,2582.24,10168.25,1.911
2026-01-06 07:28:00,629.15,1529.26,930.96,31.5,2594.03,10103.61,1.918
2026-01-06 07:29:00,622.24,1513.08,927.83,31.39,2599.72,10107.54,1.789
2026-01-06 07:30:00,625.54,1524.21,923.88,30.62,2589.02,10060.98,1.996
2026-01-06 07:31:00,630.71,1527.97,930.98,31.62,2595.77,10112.92,1.979
2026-01-06 07:32:00,627.6,1532.66,934.53,31.9,2610.79,10127.02,1.935
2026-01-06 07:33:00,629.14,1525.21,932.88,31.21,2594.4,10099.43,1.809
2026-01-06 07:34:00,630.46,1530.01,935.38,32.23,2619.88,10183.34,2.121
2026-01-06 07:35:00,628.45,1526.12,937.11,31.46,2603.56,10117.09,1.907
2026-01-06 07:36:00,625.4,1531.5,931.61,31.11,2592.66,10086.43,2.054
2026-01-06 07:37:00,629.27,1531.34,928.04,32.1,2596.47,10135.02,1.936
2026-01-06 07:38:00,633.84,1528.26,930.62,32.31,2592.51,10158.8,1.988
2026-01-06 07:39:00,628.98,1532.02,930.8,31.74,2595.93,10129.67,1.855
2026-01-06 07:40:00,629.05,1522.12,935.38,31.9,2597.52,10106.44,2.03
2026-01-06 07:41:00,631.89,1526.61,933.32,32.03,2591.56,10151.78,1.842
2026-01-06 07:42:00,627.73,1526.02,928.36,31.62,2581.53,10094.7,1.985
2026-01-06 07:43:00,628.97,1520.75,927.45,31.57,2603.14,10094.74,2.033
2026-01-06 07:44:00,627.86,1519.76,929.85,32.16,2602.1,10139.38,1.831
2026-01-06 07:45:00,632.58,1532.75,933.26,32.08,2583.35,10149.17,2.048
2026-01-06 07:46:00,629.29,1526.89,930.13,31.49,2594.51,10109.3,2.051
2026-01-06 07:47:00,624.97,1521.73,933.78,31.35,2601.04,10101.29,1.964
2026-01-06 07:48:00,626.72,1530.32,933.82,32.4,2602.61,10162.74,2.034
2026-01-06 07:49:00,627.92,1537.98,937.1,31.76,2589.01,10145.88,2.002
2026-01-06 07:50:00,628.93,1528.16,935.3,31.71,2601.9,10132.62,1.964
2026-01-06 07:51:00,633.75,1533.53,937.75,32.98,2596.4,10189.99,1.932
2026-01-06 07:52:00,629.49,1531.46,932.99,32.56,2598.94,10178.45,1.998
2026-01-06 07:53:00,627.88,1532.73,934.8,31.8,2586.08,10116.85,1.919
2026-01-06 07:54:00,627.92,1533.47,932.47,31.61,2560.39,10142.83,2.118
2026-01-06 07:55:00,625.21,1523.58,927.86,31.38,2586.98,10110.93,1.933
2026-01-06 07:56:00,634.62,1523.89,934.71,31.62,2597.65,10114.96,1.939
2026-01-06 07:57:00,626.37,1523.27,932.19,31.6,2591.92,10120.26,1.962
2026-01-06 07:58:00,625.34,1521.13,932.36,31.55,2599.47,10138.23,2.0
2026-01-06 07:59:00,625.87,1521.72,929.6,31.31,2601.0,10083.77,1.851
2026-01-06 08:00:00,629.06,1529.32,931.66,31.9,2590.99,10122.13,2.025
2026-01-06 08:01:00,628.81,1527.32,931.25,31.78,2590.83,10138.21,1.957
2026-01-06 08:02:00,629.82,1526.46,931.34,31.78,2576.0,10118.33,2.004
2026-01-06 08:03:00,624.29,1525.19,926.84,31.5,2579.41,10074.76,1.833
2026-01-06 08:04:00,626.52,1526.88,931.26,31.78,2582.23,10104.49,1.922
2026-01-06 08:05:00,624.88,1521.91,933.41,31.1,2596.72,10086.82,2.035
2026-01-06 08:06:00,629.39,1527.85,932.12,31.61,2591.8,10140.82,2.126
2026-01-06 08:07:00,631.82,1528.45,935.54,31.9,2589.94,10137.04,2.017
2026-01-06 08:08:00,631.64,1531.99,933.01,32.21,2588.4,10120.92,1.858
2026-01-06 08:09:00,631.3,1525.39,933.72,31.48,2585.98,10085.55,1.768
2026-01-06 08:10:00,626.24,1527.04,937.63,31.54,2600.77,10115.5,1.996
2026-01-06 08:11:00,625.67,1520.21,929.37,31.85,2593.87,10108.92,2.095
2026-01-06 08:12:00,624.81,1524.6,924.28,31.33,2599.85,10077.98,1.878
2026-01-06 08:13:00,630.27,1531.14,929.76,31.51,2577.08,10147.49,1.958
2026-01-06 08:14:00,627.68,1523.7,936.59,32.16,2598.64,10141.19,1.989
2026-01-06 08:15:00,628.85,1529.84,934.84,32.11,2591.03,10154.63,2.181
2026-01-06 08:16:00,629.61,1525.76,927.49,30.99,2590.14,10090.12,1.935
2026-01-06 08:17:00,633.58,1530.14,939.13,31.76,2604.76,10129.74,1.973
2026-01-06 08:18:00,629.77,1532.02,929.65,31.69,2590.39,10118.69,1.916
2026-01-06 08:19:00,630.76,1535.16,932.02,31.55,2597.91,10130.72,1.966
2026-01-06 08:20:00,626.29,1519.5,929.62,31.27,2584.53,10097.38,2.017
2026-01-06 08:21:00,628.46,1524.59,934.89,31.49,2593.74,10117.37,1.894
2026-01-06 08:22:00,627.49,1521.02,923.92,31.05,2578.63,10063.66,1.973
2026-01-06 08:23:00,629.87,1524.8,934.69,31.06,2591.75,10085.34,1.996
2026-01-06 08:24:00,631.06,1529.52,933.36,31.37,2597.18,10133.96,1.898
2026-01-06 08:25:00,630.35,1522.0,934.63,31.15,2601.42,10094.58,1.989
2026-01-06 08:26:00,630.8,1526.53,937.56,32.16,2589.26,10177.8,2.168
2026-01-06 08:27:00,628.21,1524.34,929.86,30.5,2587.06,10061.81,1.798
2026-01-06 08:28:00,626.67,1522.5,932.17,31.64,2587.64,10100.52,1.918
2026-01-06 08:29:00,628.49,1532.76,929.57,31.33,2590.14,10084.34,1.936
2026-01-06 08:30:00,630.62,1527.4,927.89,30.63,2583.71,10065.25,1.929
2026-01-06 08:31:00,634.12,1525.44,935.46,31.6,2577.18,10142.59,1.894
2026-01-06 08:32:00,632.45,1533.99,934.2,31.5,2584.99,10114.13,1.843
2026-01-06 08:33:00,628.21,1522.63,933.37,30.81,2591.84,10085.88,1.858
2026-01-06 08:34:00,630.63,1524.89,933.18,31.35,2591.82,10105.83,1.943
2026-01-06 08:35:00,624.22,1518.15,930.25,30.96,2596.05,10070.45,1.866
2026-01-06 08:36:00,634.16,1531.62,936.85,31.73,2600.43,10123.51,2.021
2026-01-06 08:37:00,630.52,1533.85,934.91,32.02,2590.9,10144.16,2.068
2026-01-06 08:38:00,628.42,1528.12,932.19,31.12,2580.03,10098.51,1.86
2026-01-06 08:39:00,624.72,1524.22,925.91,30.88,2594.63,10064.75,1.925
2026-01-06 08:40:00,623.04,1532.6,928.72,31.54,2592.37,10091.63,1.93
2026-01-06 08:41:00,632.13,1523.77,932.51,30.68,2590.32,10089.98,2.124
2026-01-06 08:42:00,630.07,1534.27,933.07,31.54,2602.9,10109.21,1.904
2026-01-06 08:43:00,623.65,1518.16,926.99,30.58,2595.05,10065.86,1.932
2026-01-06 08:44:00,628.39,1522.03,930.6,31.36,2592.82,10075.78,2.068
2026-01-06 08:45:00,629.93,1530.9,940.43,32.45,2596.69,10166.96,1.834
2026-01-06 08:46:00,623.36,1527.43,930.51,31.43,2599.29,10092.54,2.041
2026-01-06 08:47:00,630.04,1528.78,936.05,31.79,2589.18,10149.39,1.927
2026-01-06 08:48:00,625.51,1519.14,932.02,31.79,2586.85,10128.7,1.84
2026-01-06 08:49:00,626.64,1523.64,929.09,31.04,2589.79,10071.24,1.929
2026-01-06 08:50:00,631.32,1524.09,927.24,30.54,2582.76,10084.85,1.933
2026-01-06 08:51:00,625.99,1521.69,928.38,31.3,2592.21,10094.83,1.975
2026-01-06 08:52:00,628.14,1515.51,926.81,31.3,2593.0,10085.89,1.978
2026-01-06 08:53:00,624.5,1521.99,924.0,30.44,2590.65,10059.49,1.885
2026-01-06 08:54:00,630.22,1534.93,933.97,31.69,2590.48,10115.18,2.085
2026-01-06 08:55:00,623.82,1516.64,925.42,31.3,2605.82,10095.36,2.038
2026-01-06 08:56:00,631.02,1529.11,929.35,31.83,2600.73,10110.91,1.977
2026-01-06 08:57:00,630.22,1530.96,935.66,31.1,2591.63,10090.38,1.951
2026-01-06 08:58:00,628.0,1527.39,933.53,31.26,2593.19,10091.38,2.018
2026-01-06 08:59:00,629.82,1525.78,937.48,31.5,2604.01,10105.63,1.94
2026-01-06 09:00:00,627.81,1520.84,928.54,30.65,2588.14,10101.09,1.834
2026-01-06 09:01:00,627.8,1523.74,930.38,31.33,2585.28,10105.83,1.928
2026-01-06 09:02:00,627.21,1515.88,926.69,30.53,2592.2,10038.49,1.849
2026-01-06 09:03:00,626.83,1523.31,932.08,30.73,2596.05,10098.94,1.941
2026-01-06 09:04:00,619.22,1512.75,923.48,30.5,2593.77,10025.11,1.77
2026-01-06 09:05:00,624.62,1521.82,927.12,31.03,2598.46,10075.88,1.825
2026-01-06 09:06:00,630.26,1519.91,933.52,31.41,2587.07,10103.85,2.027
2026-01-06 09:07:00,627.32,1524.83,926.43,31.93,2582.68,10130.19,1.966
2026-01-06 09:08:00,625.22,1528.84,928.65,30.82,2586.91,10069.29,1.881
2026-01-06 09:09:00,624.57,1512.9,926.24,30.75,2595.72,10055.99,1.858
2026-01-06 09:10:00,626.4,1526.38,930.49,31.38,2584.89,10086.89,1.908
2026-01-06 09:11:00,630.13,1527.69,933.25,30.93,2576.09,10068.81,1.918
2026-01-06 09:12:00,627.4,1517.54,926.82,30.33,2592.36,10059.48,1.764
2026-01-06 09:13:00,624.55,1520.49,925.99,31.43,2588.48,10106.17,1.906
2026-01-06 09:14:00,629.82,1527.48,925.64,31.72,2580.03,10127.53,1.974
2026-01-06 09:15:00,626.93,1528.81,924.05,31.48,2593.15,10094.34,1.916
2026-01-06 09:16:00,624.72,1528.82,929.0,31.31,2589.87,10104.57,1.797
2026-01-06 09:17:00,628.46,1524.27,925.34,31.22,2606.56,10109.58,1.943
2026-01-06 09:18:00,630.5,1520.33,927.85,30.58,2592.01,10061.9,1.896
2026-01-06 09:19:00,621.63,1512.33,922.18,30.77,2594.8,10031.33,1.816
2026-01-06 09:20:00,626.38,1523.12,927.64,31.21,2592.07,10085.4,1.846
2026-01-06 09:21:00,621.05,1520.67,926.88,31.42,2587.23,10080.26,1.931
2026-01-06 09:22:00,625.37,1519.99,928.84,31.12,2587.14,10055.31,1.902
2026-01-06 09:23:00,627.82,1523.44,927.54,30.86,2600.59,10078.53,1.951
2026-01-06 09:24:00,633.91,1526.99,930.66,31.38,2599.48,10118.45,2.117
2026-01-06 09:25:00,624.12,1528.96,929.75,31.17,2580.49,10090.16,1.97
2026-01-06 09:26:00,629.83,1524.49,929.56,31.25,2582.11,10082.49,1.859
2026-01-06 09:27:00,624.74,1516.91,925.02,30.37,2581.47,10054.55,1.993
2026-01-06 09:28:00,632.4,1512.85,931.19,31.52,2601.45,10105.0,1.918
2026-01-06 09:29:00,626.69,1525.05,925.73,31.36,2578.72,10094.56,1.908
2026-01-06 09:30:00,628.28,1528.33,933.69,31.22,2599.54,10112.21,1.872
2026-01-06 09:31:00,627.47,1521.29,934.11,30.56,2594.51,10062.49,1.945
2026-01-06 09:32:00,627.04,1522.65,928.7,31.4,2593.81,10096.47,1.906
2026-01-06 09:33:00,630.33,1521.29,929.32,31.87,2589.04,10101.28,2.006
2026-01-06 09:34:00,627.4,1519.42,923.73,31.09,2601.78,10086.94,1.969
2026-01-06 09:35:00,620.53,1523.67,924.29,31.11,2592.8,10077.21,1.846
2026-01-06 09:36:00,631.71,1524.87,934.87,31.83,2583.08,10147.62,1.903
2026-01-06 09:37:00,625.44,1511.16,925.39,30.49,2580.46,10032.41,1.894
2026-01-06 09:38:00,624.02,1514.4,927.75,30.54,2577.77,10052.52,1.991
2026-01-06 09:39:00,627.25,1521.03,928.44,30.95,2601.44,10075.91,1.998
2026-01-06 09:40:00,621.76,1527.79,927.05,31.79,2603.73,10088.51,2.046
2026-01-06 09:41:00,626.17,1520.65,927.3,31.0,2600.42,10072.96,1.924
2026-01-06 09:42:00,627.21,1523.81,925.0,30.93,2591.59,10098.9,2.007
2026-01-06 09:43:00,627.76,1511.19,927.56,31.1,2580.22,10070.51,2.0
2026-01-06 09:44:00,625.58,1512.35,925.74,30.78,2581.91,10037.31,2.041
2026-01-06 09:45:00,627.12,1525.34,936.59,31.55,2584.98,10103.0,1.972
2026-01-06 09:46:00,621.6,1525.35,924.82,31.02,2591.64,10080.2,1.888
2026-01-06 09:47:00,628.96,1522.51,931.07,30.86,2603.15,10081.39,2.012
2026-01-06 09:48:00,625.99,1518.07,929.31,30.25,2601.35,10035.91,1.774
2026-01-06 09:49:00,626.13,1518.9,925.91,30.72,2587.23,10057.73,1.986
2026-01-06 09:50:00,628.89,1516.67,924.39,30.43,2572.53,10039.42,1.991
2026-01-06 09:51:00,618.76,1521.31,927.93,30.14,2580.37,10021.08,1.949
2026-01-06 09:52:00,629.6,1526.38,923.02,31.1,2600.74,10060.27,1.827
2026-01-06 09:53:00,623.23,1522.01,923.89,30.76,2592.3,10040.06,1.902
2026-01-06 09:54:00,629.33,1527.49,926.52,31.43,2589.29,10083.57,2.01
2026-01-06 09:55:00,623.17,1512.25,922.45,30.1,2586.35,10022.25,1.911
2026-01-06 09:56:00,623.34,1518.43,925.07,30.26,2584.32,10036.89,1.885
2026-01-06 09:57:00,619.84,1507.22,929.47,30.34,2580.2,10024.18,1.888
2026-01-06 09:58:00,625.87,1522.36,928.85,31.27,2608.87,10087.6,2.173
2026-01-06 09:59:00,624.74,1508.93,931.28,30.35,2603.62,10025.3,1.793
2026-01-06 10:00:00,626.85,1522.53,930.76,31.17,2585.47,10081.24,1.819
2026-01-06 10:01:00,628.99,1521.59,927.39,31.52,2578.15,10084.59,1.849
2026-01-06 10:02:00,622.94,1520.69,924.91,30.9,2593.04,10072.07,2.083
2026-01-06 10:03:00,624.4,1515.46,924.21,30.9,2589.74,10052.26,1.953
2026-01-06 10:04:00,622.67,1517.27,923.82,30.58,2595.23,10033.78,1.835
2026-01-06 10:05:00,627.82,1518.08,924.93,31.13,2598.96,10083.08,2.101
2026-01-06 10:06:00,623.87,1505.77,921.51,30.66,2580.92,10035.9,1.79
2026-01-06 10:07:00,624.17,1526.91,922.63,30.75,2601.88,10070.81,1.864
2026-01-06 10:08:00,625.47,1515.8,931.88,30.52,2588.29,10057.24,1.805
2026-01-06 10:09:00,626.39,1518.7,927.54,30.93,2596.15,10061.7,1.909
2026-01-06 10:10:00,627.31,1523.39,926.34,30.23,2588.68,10048.42,1.929
2026-01-06 10:11:00,626.68,1512.51,922.11,30.68,2597.9,10041.94,1.898
2026-01-06 10:12:00,621.21,1508.82,922.3,30.08,2571.05,10027.22,1.969
2026-01-06 10:13:00,622.71,1528.25,923.23,31.57,2598.27,10089.34,1.896
2026-01-06 10:14:00,626.51,1512.32,925.1,30.54,2584.12,10048.4,1.869
2026-01-06 10:15:00,616.42,1513.72,922.22,30.01,2588.45,9973.72,1.853
2026-01-06 10:16:00,627.95,1520.67,932.01,31.05,2602.06,10082.71,2.069
2026-01-06 10:17:00,620.18,1516.66,925.92,29.73,2581.86,9984.49,1.875
2026-01-06 10:18:00,623.39,1522.27,929.03,31.38,2584.6,10087.26,1.903
2026-01-06 10:19:00,626.29,1520.07,932.26,30.87,2588.24,10059.78,1.966
2026-01-06 10:20:00,620.47,1518.78,925.21,30.69,2587.49,10053.58,1.879
2026-01-06 10:21:00,623.29,1527.9,923.74,30.9,2583.42,10075.39,1.936
2026-01-06 10:22:00,620.06,1521.97,928.19,30.76,2592.26,10064.95,1.892
2026-01-06 10:23:00,628.3,1526.7,926.8,31.61,2593.14,10076.89,1.819
2026-01-06 10:24:00,622.05,1514.54,922.79,29.38,2592.02,9985.37,1.786
2026-01-06 10:25:00,623.86,1515.33,922.28,30.19,2583.78,10037.25,2.004
2026-01-06 10:26:00,624.78,1514.83,930.21,31.02,2583.46,10054.55,1.921
2026-01-06 10:27:00,623.37,1521.21,927.34,30.35,2588.16,10005.69,1.867
2026-01-06 10:28:00,624.44,1517.57,923.48,30.68,2589.6,10068.64,1.912
2026-01-06 10:29:00,625.3,1511.72,924.44,29.73,2587.59,10013.11,1.838
2026-01-06 10:30:00,622.7,1523.24,932.7,31.63,2587.06,10098.33,1.94
2026-01-06 10:31:00,623.54,1517.36,929.25,30.88,2594.85,10085.49,1.894
2026-01-06 10:32:00,627.37,1514.63,925.48,30.86,2584.22,10073.74,1.934
2026-01-06 10:33:00,625.05,1514.01,928.95,30.64,2589.71,10046.28,1.805
2026-01-06 10:34:00,620.36,1513.6,926.6,30.68,2589.21,10071.22,1.967
2026-01-06 10:35:00,622.13,1505.15,921.84,30.28,2588.77,10003.78,1.847
2026-01-06 10:36:00,617.09,1509.42,924.12,29.72,2597.55,9978.94,1.73
2026-01-06 10:37:00,628.63,1523.32,924.33,30.59,2580.75,10061.16,1.879
2026-01-06 10:38:00,625.96,1515.01,923.08,30.48,2571.75,10051.26,1.862
2026-01-06 10:39:00,628.01,1509.0,918.83,30.8,2585.55,10036.28,1.961
2026-01-06 10:40:00,622.37,1511.5,930.45,30.3,2580.76,10027.85,1.86
2026-01-06 10:41:00,615.95,1506.25,919.44,29.52,2562.93,9952.16,1.747
2026-01-06 10:42:00,621.32,1517.74,927.0,30.47,2604.25,10035.67,1.72
2026-01-06 10:43:00,620.38,1514.71,918.97,29.8,2594.07,10018.09,1.818
2026-01-06 10:44:00,625.42,1518.14,929.88,31.04,2596.71,10063.85,1.998
2026-01-06 10:45:00,619.96,1523.41,925.39,30.91,2588.48,10048.23,1.928
2026-01-06 10:46:00,623.77,1513.52,929.42,30.67,2592.89,10016.33,1.794
2026-01-06 10:47:00,620.89,1510.11,924.22,30.12,2587.24,10044.54,1.873
2026-01-06 10:48:00,618.87,1506.31,917.35,29.08,2595.02,9990.26,1.848
2026-01-06 10:49:00,627.11,1520.42,928.39,30.97,2592.76,10060.68,2.027
2026-01-06 10:50:00,626.17,1518.18,925.33,30.39,2590.17,10040.45,1.884
2026-01-06 10:51:00,626.49,1521.97,922.92,30.35,2591.28,10053.4,1.853
2026-01-06 10:52:00,627.69,1520.49,923.36,31.1,2603.75,10080.58,1.947
2026-01-06 10:53:00,618.91,1506.76,921.09,29.53,2589.19,9973.2,1.878
2026-01-06 10:54:00,621.61,1510.19,922.57,29.72,2580.77,10003.06,1.913
2026-01-06 10:55:00,617.15,1506.15,922.43,30.0,2591.66,10002.06,1.911
2026-01-06 10:56:00,619.5,1513.12,924.46,30.28,2593.23,10010.96,2.03
2026-01-06 10:57:00,622.58,1511.37,922.92,30.26,2588.38,10016.79,1.767
2026-01-06 10:58:00,618.99,1509.3,923.87,30.61,2590.13,10042.66,1.875
2026-01-06 10:59:00,625.61,1518.35,927.61,30.89,2582.64,10058.77,1.899
2026-01-06 11:00:00,620.09,1508.17,920.25,29.52,2589.51,9995.93,1.743
2026-01-06 11:01:00,619.53,1513.21,922.32,30.19,2579.77,10015.31,1.773
2026-01-06 11:02:00,618.73,1504.27,922.45,29.78,2586.08,9979.34,1.812
2026-01-06 11:03:00,622.45,1508.55,925.34,30.49,2585.26,10044.28,1.858
2026-01-06 11:04:00,621.49,1499.63,913.46,29.5,2595.91,9978.45,1.791
2026-01-06 11:05:00,619.55,1507.16,921.4,30.38,2602.96,10043.01,1.743
2026-01-06 11:06:00,620.19,1513.09,924.02,30.45,2581.27,10039.41,1.793
2026-01-06 11:07:00,619.92,1511.32,927.22,29.8,2587.59,9967.49,1.777
2026-01-06 11:08:00,623.97,1517.1,928.06,31.11,2588.54,10054.92,1.877
2026-01-06 11:09:00,622.3,1515.82,926.01,30.4,2592.82,10005.52,1.877
2026-01-06 11:10:00,623.13,1516.93,932.78,29.97,2590.73,10027.47,1.851
2026-01-06 11:11:00,622.96,1510.12,921.72,29.93,2586.29,10012.94,1.806
2026-01-06 11:12:00,621.09,1513.09,928.49,30.07,2589.38,9993.32,1.872
2026-01-06 11:13:00,616.97,1505.24,923.08,30.35,2587.26,10002.31,1.871
2026-01-06 11:14:00,624.7,1503.67,919.25,29.67,2601.34,9993.27,1.769
2026-01-06 11:15:00,624.98,1511.32,918.57,30.4,2583.57,10026.57,2.028
2026-01-06 11:16:00,617.12,1507.39,920.49,29.93,2591.58,10016.25,1.68
2026-01-06 11:17:00,622.54,1512.38,925.13,30.38,2593.88,10023.59,1.922
2026-01-06 11:18:00,623.03,1503.53,919.35,29.57,2591.61,9979.72,1.905
2026-01-06 11:19:00,621.64,1510.21,923.9,30.44,2587.68,10030.22,1.957
2026-01-06 11:20:00,622.0,1510.51,926.28,29.27,2598.6,9968.13,1.849
2026-01-06 11:21:00,625.23,1507.83,923.75,29.72,2572.58,10010.27,1.748
2026-01-06 11:22:00,621.73,1509.25,927.7,30.73,2580.01,9996.68,2.002
2026-01-06 11:23:00,628.84,1512.6,927.27,30.67,2596.11,10049.24,1.782
2026-01-06 11:24:00,620.51,1498.02,922.2,30.25,2581.02,9978.58,1.745
2026-01-06 11:25:00,618.54,1501.79,917.55,30.0,2580.29,9972.05,1.783
2026-01-06 11:26:00,619.28,1502.96,919.83,29.37,2584.51,9983.51,1.734
2026-01-06 11:27:00,618.22,1501.84,918.35,29.47,2580.77,9952.92,1.71
2026-01-06 11:28:00,616.88,1503.73,917.97,29.49,2593.46,9986.37,1.766
2026-01-06 11:29:00,618.86,1502.23,924.53,29.94,2596.16,10000.94,1.694
2026-01-06 11:30:00,618.28,1512.54,925.0,29.55,2589.67,10001.94,1.859
2026-01-06 11:31:00,619.31,1518.51,927.41,29.36,2596.62,9981.81,1.798
2026-01-06 11:32:00,621.78,1502.96,918.06,29.7,2577.54,9993.42,1.823
2026-01-06 11:33:00,620.18,1503.45,919.62,29.47,2588.33,9970.11,1.846
2026-01-06 11:34:00,623.55,1511.0,927.49,30.65,2601.55,10048.18,1.879
2026-01-06 11:35:00,624.32,1500.72,919.37,29.67,2596.51,9995.06,1.792
2026-01-06 11:36:00,622.18,1510.68,913.94,29.7,2599.38,9974.43,1.863
2026-01-06 11:37:00,619.24,1509.43,924.81,30.44,2584.64,10012.01,1.836
2026-01-06 11:38:00,621.51,1509.46,917.72,29.78,2595.37,9978.1,1.765
2026-01-06 11:39:00,620.56,1519.9,925.61,31.05,2588.6,10080.32,1.906
2026-01-06 11:40:00,619.78,1509.44,924.48,29.56,2592.13,9960.81,1.917
2026-01-06 11:41:00,617.96,1514.85,924.38,29.92,2600.2,10021.09,1.82
2026-01-06 11:42:00,620.22,1505.91,924.61,30.47,2583.23,10017.78,1.915
2026-01-06 11:43:00,620.52,1508.56,923.6,29.34,2572.98,9972.62,1.746
2026-01-06 11:44:00,617.39,1502.43,918.19,29.99,2602.51,9970.27,1.825
2026-01-06 11:45:00,618.3,1516.08,922.79,30.12,2592.59,9994.72,1.865
2026-01-06 11:46:00,618.95,1505.23,920.8,30.19,2588.19,10004.03,1.782
2026-01-06 11:47:00,614.88,1496.28,919.25,29.54,2585.8,9953.98,1.782
2026-01-06 11:48:00,618.69,1501.82,913.46,29.94,2571.94,9995.42,1.768
2026-01-06 11:49:00,618.22,1498.87,911.62,28.97,2588.1,9936.77,1.729
2026-01-06 11:50:00,620.0,1500.95,921.21,29.8,2584.76,10002.87,1.849
2026-01-06 11:51:00,621.55,1503.13,920.97,30.2,2588.63,9982.44,1.962
2026-01-06 11:52:00,617.66,1500.61,925.02,30.06,2589.25,10003.04,1.884
2026-01-06 11:53:00,616.19,1502.7,913.19,28.71,2558.89,9923.44,1.789
2026-01-06 11:54:00,621.86,1498.91,916.92,29.45,2590.82,9948.75,1.92
2026-01-06 11:55:00,617.95,1507.91,919.18,29.25,2587.95,9937.02,1.693
2026-01-06 11:56:00,620.69,1499.69,914.47,29.5,2590.25,9968.59,1.93
2026-01-06 11:57:00,617.51,1506.67,917.34,29.66,2587.08,9991.15,1.812
2026-01-06 11:58:00,619.99,1501.59,915.16,29.84,2588.27,9973.92,1.85
2026-01-06 11:59:00,620.71,1513.02,925.85,30.9,2592.22,10050.1,1.946
2026-01-06 12:00:00,619.08,1500.18,916.67,29.58,2589.61,9962.09,1.857
2026-01-06 12:01:00,621.39,1514.89,925.19,29.94,2592.47,9994.23,1.816
2026-01-06 12:02:00,619.32,1505.53,918.42,29.19,2589.35,9953.73,1.878
2026-01-06 12:03:00,614.49,1498.78,914.66,29.52,2601.93,9954.82,1.78
2026-01-06 12:04:00,617.72,1506.9,915.83,29.17,2581.1,9949.03,1.775
2026-01-06 12:05:00,618.94,1495.94,916.42,28.83,2583.39,9935.63,1.794
2026-01-06 12:06:00,615.63,1506.45,917.99,30.02,2601.69,9980.83,1.874
2026-01-06 12:07:00,611.06,1500.51,918.55,29.18,2586.02,9957.91,1.736
2026-01-06 12:08:00,613.57,1498.28,917.75,28.6,2593.6,9929.54,1.723
2026-01-06 12:09:00,622.94,1510.71,920.06,30.59,2590.74,10019.7,1.728
2026-01-06 12:10:00,617.71,1501.15,915.97,28.83,2584.91,9944.64,1.783
2026-01-06 12:11:00,613.19,1489.86,918.62,29.25,2594.88,9951.13,1.895
2026-01-06 12:12:00,620.01,1504.05,924.46,29.51,2592.42,9984.26,2.094
2026-01-06 12:13:00,616.1,1507.57,913.75,29.06,2574.38,9942.48,1.823
2026-01-06 12:14:00,616.14,1506.72,918.06,30.68,2590.64,10009.25,1.99
2026-01-06 12:15:00,616.05,1497.2,913.95,29.12,2578.4,9935.07,1.801
2026-01-06 12:16:00,619.04,1500.89,917.57,29.47,2597.24,9953.2,1.821
2026-01-06 12:17:00,617.94,1497.86,914.56,29.64,2601.29,9958.06,1.806
2026-01-06 12:18:00,615.22,1502.9,919.32,29.99,2604.34,10011.91,1.857
2026-01-06 12:19:00,623.56,1506.12,919.42,30.43,2592.22,10012.21,1.858
2026-01-06 12:20:00,615.25,1503.92,915.74,29.49,2583.43,9954.58,1.788
2026-01-06 12:21:00,619.66,1505.58,919.14,29.9,2590.61,9978.13,1.974
2026-01-06 12:22:00,621.14,1510.94,919.55,29.48,2580.39,9974.87,1.874
2026-01-06 12:23:00,619.12,1500.0,916.95,29.52,2605.93,9955.74,1.758
2026-01-06 12:24:00,616.85,1495.26,922.24,29.38,2596.65,9953.78,1.864
2026-01-06 12:25:00,610.62,1494.75,913.04,29.22,2588.19,9919.37,1.866
2026-01-06 12:26:00,621.52,1501.58,918.82,29.14,2594.75,9945.49,1.708
2026-01-06 12:27:00,614.67,1502.38,915.6,29.95,2583.33,9958.13,1.9
2026-01-06 12:28:00,619.19,1498.6,919.24,29.32,2577.76,9941.87,1.876
2026-01-06 12:29:00,622.36,1506.66,916.58,29.79,2570.68,9987.04,1.87
2026-01-06 12:30:00,611.88,1496.05,914.41,28.83,2586.27,9915.52,1.91
2026-01-06 12:31:00,617.01,1510.78,917.94,29.79,2586.61,9984.26,1.919
2026-01-06 12:32:00,616.23,1500.72,911.78,29.34,2591.57,9962.05,1.788
2026-01-06 12:33:00,620.04,1502.78,915.6,29.69,2587.61,9964.34,1.834
2026-01-06 12:34:00,614.98,1506.25,914.07,29.46,2591.1,9959.44,1.932
2026-01-06 12:35:00,614.5,1487.62,914.72,29.36,2592.06,9914.65,1.747
2026-01-06 12:36:00,615.55,1500.57,913.86,29.1,2574.88,9940.19,1.773
2026-01-06 12:37:00,619.52,1501.08,911.15,29.48,2594.4,9963.05,1.846
2026-01-06 12:38:00,616.5,1502.89,912.1,28.99,2582.97,9931.54,1.78
2026-01-06 12:39:00,614.75,1501.64,916.56,30.08,2591.91,9971.09,2.028
2026-01-06 12:40:00,610.53,1488.19,913.02,28.26,2592.99,9895.04,1.88
2026-01-06 12:41:00,611.5,1491.65,913.51,29.21,2594.73,9938.58,1.979
2026-01-06 12:42:00,622.88,1510.44,919.55,29.79,2589.08,9978.28,1.934
2026-01-06 12:43:00,613.93,1494.74,914.79,28.38,2586.36,9898.35,1.79
2026-01-06 12:44:00,616.67,1501.08,913.77,30.4,2595.26,9980.34,1.678
2026-01-06 12:45:00,610.81,1498.9,908.02,28.75,2573.88,9922.89,1.82
2026-01-06 12:46:00,615.54,1501.04,911.27,29.21,2578.94,9939.83,1.715
2026-01-06 12:47:00,615.48,1502.12,916.81,29.84,2584.95,9956.2,1.692
2026-01-06 12:48:00,612.5,1497.46,916.45,28.7,2574.67,9908.56,1.874
2026-01-06 12:49:00,617.14,1507.16,916.33,29.41,2584.88,9952.87,1.726
2026-01-06 12:50:00,616.75,1498.64,913.27,29.15,2584.03,9942.27,1.748
2026-01-06 12:51:00,614.14,1501.58,918.62,29.03,2586.76,9927.3,1.756
2026-01-06 12:52:00,614.99,1492.69,913.81,29.05,2584.84,9907.67,1.79
2026-01-06 12:53:00,619.49,1500.04,917.58,29.16,2595.27,9944.12,1.802
2026-01-06 12:54:00,617.41,1508.1,919.29,29.04,2592.6,9977.64,1.894
2026-01-06 12:55:00,613.17,1506.44,911.43,29.45,2586.74,9959.23,1.865
2026-01-06 12:56:00,621.58,1505.12,924.58,29.85,2585.76,9988.04,1.716
2026-01-06 12:57:00,614.69,1491.96,911.33,29.23,2586.09,9937.93,1.925
2026-01-06 12:58:00,616.76,1499.28,922.63,29.4,2587.04,9958.53,1.727
2026-01-06 12:59:00,617.99,1493.72,917.91,29.08,2606.97,9946.91,1.728
2026-01-06 13:00:00,613.77,1496.18,913.6,29.16,2574.93,9940.88,1.945
2026-01-06 13:01:00,616.29,1498.45,911.06,29.3,2578.12,9913.51,1.776
2026-01-06 13:02:00,611.78,1493.52,916.04,28.95,2577.25,9921.48,1.879
2026-01-06 13:03:00,612.1,1493.19,912.82,28.86,2587.2,9901.27,1.83
2026-01-06 13:04:00,620.86,1501.28,914.98,29.05,2588.71,9948.05,1.845
2026-01-06 13:05:00,613.19,1497.73,911.22,28.8,2580.97,9914.17,1.726
2026-01-06 13:06:00,615.54,1493.83,917.21,28.88,2593.5,9934.33,1.781
2026-01-06 13:07:00,619.68,1500.6,917.29,29.41,2589.16,9930.96,1.929
2026-01-06 13:08:00,616.96,1497.66,909.28,28.73,2593.8,9933.23,1.741
2026-01-06 13:09:00,615.44,1492.07,911.94,29.11,2595.62,9925.58,1.796
2026-01-06 13:10:00,613.53,1497.07,913.93,29.4,2569.83,9948.19,1.849
2026-01-06 13:11:00,612.59,1485.39,914.02,28.82,2590.67,9904.86,1.743
2026-01-06 13:12:00,618.93,1507.34,920.63,29.31,2578.26,9992.05,1.788
2026-01-06 13:13:00,613.59,1501.84,910.98,27.85,2586.01,9874.76,1.738
2026-01-06 13:14:00,617.28,1498.09,914.4,28.59,2584.04,9890.41,1.748
2026-01-06 13:15:00,614.47,1493.24,918.65,28.88,2586.02,9932.55,1.676
2026-01-06 13:16:00,617.03,1504.49,917.7,29.23,2577.47,9954.29,1.835
2026-01-06 13:17:00,612.45,1492.75,914.23,28.51,2593.04,9894.73,1.873
2026-01-06 13:18:00,616.92,1499.55,920.17,28.87,2576.01,9934.28,1.529
2026-01-06 13:19:00,616.1,1495.86,919.04,28.89,2592.52,9938.98,1.815
2026-01-06 13:20:00,614.74,1487.8,916.56,28.66,2573.46,9897.82,1.529
2026-01-06 13:21:00,614.04,1498.46,918.47,28.95,2587.07,9957.03,1.933
2026-01-06 13:22:00,619.45,1497.28,917.69,29.1,2601.05,9941.59,1.756
2026-01-06 13:23:00,613.22,1492.79,917.74,28.42,2603.61,9892.76,1.766
2026-01-06 13:24:00,615.54,1492.55,912.86,28.85,2572.55,9912.78,1.7
2026-01-06 13:25:00,609.68,1490.06,908.31,29.05,2578.66,9882.0,1.916
2026-01-06 13:26:00,612.91,1503.08,911.71,28.75,2581.75,9923.84,1.956
2026-01-06 13:27:00,614.34,1495.36,918.98,28.64,2602.61,9888.83,1.674
2026-01-06 13:28:00,610.91,1493.37,917.54,28.58,2583.97,9887.55,1.664
2026-01-06 13:29:00,608.57,1493.88,907.77,28.2,2591.73,9851.94,1.803
2026-01-06 13:30:00,618.76,1499.47,910.5,29.01,2588.52,9928.74,1.862
2026-01-06 13:31:00,613.43,1490.49,908.83,28.36,2573.35,9847.15,1.702
2026-01-06 13:32:00,615.49,1492.21,913.64,28.96,2570.44,9908.14,1.693
2026-01-06 13:33:00,609.38,1488.59,911.1,29.07,2580.73,9916.44,1.904
2026-01-06 13:34:00,613.21,1492.79,906.49,28.22,2603.2,9891.48,1.743
2026-01-06 13:35:00,615.83,1506.64,913.24,29.27,2588.74,9943.14,1.778
2026-01-06 13:36:00,613.9,1501.47,917.79,28.58,2593.51,9901.81,1.782
2026-01-06 13:37:00,615.69,1500.11,917.16,28.63,2574.12,9912.1,1.662
2026-01-06 13:38:00,612.98,1499.87,914.07,29.2,2584.41,9951.62,1.761
2026-01-06 13:39:00,607.37,1493.26,913.87,28.4,2590.41,9878.79,1.675
2026-01-06 13:40:00,617.1,1500.93,918.84,29.51,2578.39,9954.48,1.654
2026-01-06 13:41:00,611.68,1493.5,915.99,28.51,2583.21,9867.2,1.678
2026-01-06 13:42:00,615.62,1491.36,913.48,29.84,2580.72,9970.8,1.822
2026-01-06 13:43:00,614.76,1490.99,909.32,28.5,2590.83,9879.95,1.692
2026-01-06 13:44:00,613.32,1492.12,909.87,28.46,2587.48,9881.72,1.746
2026-01-06 13:45:00,618.33,1500.56,916.44,28.61,2590.48,9900.37,1.685
2026-01-06 13:46:00,618.08,1503.85,910.56,29.1,2593.39,9936.53,1.847
2026-01-06 13:47:00,615.18,1489.98,914.21,28.83,2584.2,9926.28,1.869
2026-01-06 13:48:00,614.19,1490.15,912.72,28.42,2592.55,9887.78,1.814
2026-01-06 13:49:00,614.17,1492.34,916.34,28.71,2580.08,9894.78,1.779
2026-01-06 13:50:00,610.4,1489.09,911.55,29.45,2591.13,9928.94,1.858
2026-01-06 13:51:00,616.11,1499.74,912.18,28.92,2570.05,9921.12,1.737
2026-01-06 13:52:00,615.63,1494.34,914.65,28.3,2578.49,9886.17,1.697
2026-01-06 13:53:00,609.4,1497.18,910.43,28.82,2603.2,9891.64,1.759
2026-01-06 13:54:00,618.46,1494.09,911.24,28.71,2591.47,9940.63,1.758
2026-01-06 13:55:00,609.27,1486.93,913.75,28.31,2587.98,9850.87,1.845
2026-01-06 13:56:00,612.53,1485.41,913.04,28.21,2578.07,9891.38,1.926
2026-01-06 13:57:00,610.3,1481.79,912.2,28.5,2575.21,9873.32,1.962
2026-01-06 13:58:00,613.01,1488.06,914.33,28.27,2582.0,9877.14,1.829
2026-01-06 13:59:00,621.7,1490.49,914.74,28.96,2585.05,9915.14,1.812
2026-01-06 14:00:00,611.42,1493.29,908.56,28.86,2599.26,9872.95,1.595
2026-01-06 14:01:00,612.24,1491.3,909.95,28.6,2593.53,9909.67,1.746
2026-01-06 14:02:00,614.12,1497.88,910.77,28.71,2586.7,9921.35,1.729
2026-01-06 14:03:00,607.11,1482.32,904.51,28.04,2583.52,9848.43,1.681
2026-01-06 14:04:00,612.54,1493.1,907.7,28.7,2589.98,9872.0,1.86
2026-01-06 14:05:00,611.22,1495.68,914.28,28.88,2574.9,9911.68,1.897
2026-01-06 14:06:00,608.93,1478.82,901.82,27.58,2566.27,9813.53,1.677
2026-01-06 14:07:00,608.29,1487.34,913.05,28.34,2589.78,9869.94,1.701
2026-01-06 14:08:00,612.92,1495.77,915.65,28.75,2586.52,9924.19,1.773
2026-01-06 14:09:00,611.66,1498.37,915.13,29.16,2575.79,9932.98,1.651
2026-01-06 14:10:00,611.73,1491.25,912.39,28.47,2567.89,9890.97,1.869
2026-01-06 14:11:00,609.42,1494.67,913.99,28.99,2592.07,9897.94,1.837
2026-01-06 14:12:00,606.59,1484.7,909.94,28.96,2581.07,9906.17,1.678
2026-01-06 14:13:00,612.43,1488.25,909.38,28.55,2588.78,9914.86,1.686
2026-01-06 14:14:00,607.87,1485.41,908.6,28.16,2581.51,9864.61,1.879
2026-01-06 14:15:00,616.74,1491.97,906.89,28.38,2583.4,9865.92,1.815
2026-01-06 14:16:00,610.19,1484.14,910.5,28.21,2579.57,9882.21,1.908
2026-01-06 14:17:00,616.04,1494.51,910.25,28.21,2583.77,9884.18,1.701
2026-01-06 14:18:00,615.44,1494.3,915.71,28.43,2589.19,9889.0,1.911
2026-01-06 14:19:00,611.72,1494.35,915.43,28.85,2583.04,9906.36,1.704
2026-01-06 14:20:00,610.24,1490.9,910.18,28.52,2581.05,9866.9,1.764
2026-01-06 14:21:00,612.18,1485.89,906.63,27.91,2587.36,9835.76,1.59
2026-01-06 14:22:00,615.76,1492.68,910.46,29.4,2590.7,9907.92,1.741
2026-01-06 14:23:00,614.95,1492.37,909.15,28.39,2575.53,9890.39,1.784
2026-01-06 14:24:00,610.74,1496.31,908.03,28.53,2583.74,9873.42,1.724
2026-01-06 14:25:00,612.16,1486.29,908.6,28.24,2580.32,9887.44,1.818
2026-01-06 14:26:00,610.95,1484.91,910.58,28.93,2584.65,9888.21,1.703
2026-01-06 14:27:00,612.37,1478.69,913.25,28.53,2594.99,9861.83,1.749
2026-01-06 14:28:00,615.18,1489.26,916.84,28.39,2586.46,9863.73,1.724
2026-01-06 14:29:00,610.52,1488.54,917.43,28.0,2601.57,9880.89,1.735
2026-01-06 14:30:00,615.03,1484.45,912.75,29.06,2587.35,9915.22,1.853
2026-01-06 14:31:00,609.99,1489.23,907.02,28.65,2584.19,9913.42,1.731
2026-01-06 14:32:00,611.2,1483.84,907.17,27.76,2581.72,9819.69,1.705
2026-01-06 14:33:00,608.96,1493.78,909.3,27.99,2585.14,9874.31,1.719
2026-01-06 14:34:00,615.85,1495.5,914.38,28.75,2587.57,9899.67,1.904
2026-01-06 14:35:00,611.73,1485.23,908.89,27.75,2574.52,9834.64,1.726
2026-01-06 14:36:00,611.39,1489.06,911.43,28.07,2581.86,9867.17,1.749
2026-01-06 14:37:00,615.84,1492.87,907.17,28.72,2578.88,9891.65,1.747
2026-01-06 14:38:00,613.02,1486.72,914.59,28.15,2591.67,9859.77,1.78
2026-01-06 14:39:00,619.33,1505.09,917.63,28.68,2569.73,9903.58,1.744
2026-01-06 14:40:00,607.16,1480.11,905.91,27.81,2583.05,9817.53,1.679
2026-01-06 14:41:00,608.48,1484.69,909.69,28.47,2570.76,9846.24,1.699
2026-01-06 14:42:00,608.36,1488.25,911.08,28.76,2588.48,9900.62,1.78
2026-01-06 14:43:00,608.26,1482.47,906.57,27.48,2579.55,9841.91,1.818
2026-01-06 14:44:00,607.7,1487.37,908.17,27.56,2568.24,9842.8,1.707
2026-01-06 14:45:00,607.38,1485.37,906.68,28.37,2591.53,9874.12,1.65
2026-01-06 14:46:00,608.79,1485.45,907.46,28.88,2564.69,9895.52,1.651
2026-01-06 14:47:00,610.74,1487.2,918.45,28.39,2583.75,9874.35,1.987
2026-01-06 14:48:00,612.25,1492.4,911.74,28.39,2589.27,9867.57,1.684
2026-01-06 14:49:00,611.31,1478.52,908.33,27.88,2593.64,9839.01,1.882
2026-01-06 14:50:00,615.34,1497.16,916.86,28.79,2571.73,9889.9,1.747
2026-01-06 14:51:00,619.93,1501.66,912.51,29.86,2583.91,9978.19,1.758
2026-01-06 14:52:00,609.04,1491.31,909.44,28.31,2593.3,9890.43,1.76
2026-01-06 14:53:00,608.96,1481.89,906.98,28.21,2592.45,9854.79,1.791
2026-01-06 14:54:00,608.89,1480.08,904.22,27.43,2592.63,9832.63,1.707
2026-01-06 14:55:00,610.01,1480.46,907.2,27.81,2602.51,9823.35,1.67
2026-01-06 14:56:00,613.62,1485.84,906.68,28.1,2579.39,9860.46,1.62
2026-01-06 14:57:00,608.87,1478.98,901.9,27.81,2585.21,9828.82,1.672
2026-01-06 14:58:00,612.35,1482.77,905.29,28.29,2580.82,9863.55,1.779
2026-01-06 14:59:00,613.09,1500.31,909.47,29.28,2570.77,9940.27,1.681
2026-01-06 15:00:00,613.4,1492.5,909.69,28.7,2583.27,9873.92,1.72
2026-01-06 15:01:00,611.05,1486.0,905.02,28.59,2568.74,9892.05,1.789
2026-01-06 15:02:00,608.2,1481.83,904.99,27.83,2578.11,9829.86,1.819
2026-01-06 15:03:00,610.11,1495.84,910.64,28.65,2572.16,9871.84,1.664
2026-01-06 15:04:00,610.85,1484.13,901.52,28.35,2586.08,9837.37,1.892
2026-01-06 15:05:00,608.88,1481.91,901.03,27.96,2576.59,9844.01,1.77
2026-01-06 15:06:00,611.65,1477.93,910.22,28.22,2569.71,9873.95,1.661
2026-01-06 15:07:00,604.97,1487.99,909.88,28.12,2590.57,9865.08,1.76
2026-01-06 15:08:00,605.53,1474.0,897.3,27.35,2575.78,9787.18,1.637
2026-01-06 15:09:00,610.36,1479.17,908.47,27.79,2579.0,9834.63,1.601
2026-01-06 15:10:00,607.39,1486.85,909.4,27.53,2575.03,9844.68,1.721
2026-01-06 15:11:00,613.91,1486.53,916.38,28.57,2593.02,9869.78,1.741
2026-01-06 15:12:00,607.55,1481.59,911.89,28.38,2585.64,9860.7,1.768
2026-01-06 15:13:00,607.71,1477.79,903.3,27.8,2576.56,9809.09,1.634
2026-01-06 15:14:00,611.64,1485.24,908.86,28.67,2568.62,9872.62,1.684
2026-01-06 15:15:00,606.76,1474.13,906.67,27.86,2602.47,9832.68,1.801
2026-01-06 15:16:00,613.02,1484.67,912.58,28.1,2598.89,9850.06,1.799
2026-01-06 15:17:00,611.06,1473.91,904.22,28.08,2593.96,9833.46,1.627
2026-01-06 15:18:00,604.7,1484.7,908.54,26.96,2575.07,9789.2,1.563
2026-01-06 15:19:00,610.54,1489.43,909.95,27.64,2578.1,9825.73,1.631
2026-01-06 15:20:00,614.85,1488.18,905.55,28.05,2586.34,9852.06,1.829
2026-01-06 15:21:00,613.97,1481.74,905.84,28.43,2576.38,9862.23,1.515
2026-01-06 15:22:00,604.68,1484.72,909.19,27.38,2573.53,9808.62,1.663
2026-01-06 15:23:00,611.15,1477.61,908.42,27.18,2592.64,9796.5,1.775
2026-01-06 15:24:00,603.32,1489.58,913.5,28.61,2584.65,9902.39,1.792
2026-01-06 15:25:00,608.47,1476.65,896.09,27.65,2572.57,9810.71,1.699
2026-01-06 15:26:00,609.48,1482.38,909.51,28.28,2591.46,9870.19,1.826
2026-01-06 15:27:00,612.85,1483.94,913.77,28.37,2580.57,9904.03,1.76
2026-01-06 15:28:00,611.51,1488.89,904.67,28.05,2568.19,9874.93,1.712
2026-01-06 15:29:00,608.56,1482.81,907.22,28.05,2573.92,9848.54,1.797
2026-01-06 15:30:00,609.44,1474.22,903.53,27.45,2577.01,9800.77,1.858
2026-01-06 15:31:00,607.73,1486.5,903.66,27.59,2583.43,9814.32,1.531
2026-01-06 15:32:00,605.6,1476.23,901.88,27.48,2583.08,9815.36,1.651
2026-01-06 15:33:00,609.96,1473.85,909.49,27.85,2591.71,9819.89,1.693
2026-01-06 15:34:00,610.35,1482.84,910.94,28.4,2581.96,9870.54,1.708
2026-01-06 15:35:00,608.89,1479.54,907.87,27.83,2578.44,9827.01,1.727
2026-01-06 15:36:00,606.95,1475.53,911.05,27.76,2591.88,9820.82,1.716
2026-01-06 15:37:00,609.64,1483.05,902.83,28.65,2591.51,9866.1,1.652
2026-01-06 15:38:00,609.03,1486.08,905.76,27.91,2581.72,9859.56,1.791
2026-01-06 15:39:00,612.76,1491.22,914.76,28.12,2585.95,9864.33,1.739
2026-01-06 15:40:00,607.85,1488.58,907.32,28.02,2579.46,9855.21,1.842
2026-01-06 15:41:00,614.63,1489.28,908.28,28.32,2573.65,9847.13,1.822
2026-01-06 15:42:00,610.37,1476.22,907.22,27.82,2600.24,9840.01,1.714
2026-01-06 15:43:00,606.05,1479.9,907.28,27.72,2578.35,9840.42,1.774
2026-01-06 15:44:00,607.44,1481.37,906.41,27.25,2583.08,9789.86,1.514
2026-01-06 15:45:00,606.38,1479.5,903.68,27.75,2569.97,9825.2,1.551
2026-01-06 15:46:00,608.75,1481.07,914.37,27.99,2587.9,9823.03,1.807
2026-01-06 15:47:00,608.06,1483.29,901.57,27.48,2572.0,9813.7,1.703
2026-01-06 15:48:00,611.28,1488.48,912.37,27.5,2595.38,9821.7,1.821
2026-01-06 15:49:00,611.55,1485.89,910.16,28.13,2598.4,9874.79,1.844
2026-01-06 15:50:00,610.0,1479.57,905.07,27.72,2586.87,9831.67,1.603
2026-01-06 15:51:00,613.22,1475.94,906.6,28.42,2583.2,9830.08,1.777
2026-01-06 15:52:00,605.66,1474.29,907.1,27.31,2579.03,9784.95,1.632
2026-01-06 15:53:00,613.97,1490.44,910.44,28.51,2583.66,9875.31,1.733
2026-01-06 15:54:00,612.74,1486.05,901.18,27.9,2585.91,9839.14,1.629
2026-01-06 15:55:00,607.75,1477.51,905.0,27.39,2581.7,9796.76,1.782
2026-01-06 15:56:00,609.43,1474.72,901.46,27.8,2589.6,9816.32,1.755
2026-01-06 15:57:00,608.0,1478.03,905.33,27.52,2573.7,9798.32,1.655
2026-01-06 15:58:00,607.83,1481.91,909.27,27.28,2592.69,9783.31,1.631
2026-01-06 15:59:00,606.93,1477.15,901.41,27.52,2578.09,9809.27,1.773
2026-01-06 16:00:00,606.4,1478.51,898.73,27.45,2575.55,9810.46,1.649
2026-01-06 16:01:00,611.91,1488.95,908.46,28.3,2586.41,9861.75,1.699
2026-01-06 16:02:00,605.32,1474.64,902.59,27.87,2585.89,9835.16,1.67
2026-01-06 16:03:00,607.83,1479.33,907.4,28.4,2568.65,9836.87,1.67
2026-01-06 16:04:00,609.54,1489.82,911.87,28.84,2580.84,9891.96,1.824
2026-01-06 16:05:00,607.76,1485.77,907.67,28.22,2566.74,9877.31,1.777
2026-01-06 16:06:00,606.71,1472.89,905.98,27.53,2577.0,9833.24,1.682
2026-01-06 16:07:00,604.87,1475.91,900.71,27.13,2575.52,9786.28,1.612
2026-01-06 16:08:00,606.27,1471.89,899.6,26.77,2582.38,9771.31,1.685
2026-01-06 16:09:00,605.65,1480.77,906.55,27.59,2575.75,9824.24,1.7
2026-01-06 16:10:00,608.33,1470.95,905.67,27.55,2577.9,9830.79,1.788
2026-01-06 16:11:00,611.94,1472.49,902.93,27.49,2592.06,9813.2,1.656
2026-01-06 16:12:00,610.79,1469.67,901.69,27.74,2598.89,9832.63,1.762
2026-01-06 16:13:00,605.37,1481.52,909.97,28.18,2576.0,9858.06,1.725
2026-01-06 16:14:00,608.25,1476.04,911.71,27.93,2591.04,9845.52,1.759
2026-01-06 16:15:00,602.87,1470.08,906.17,26.86,2583.23,9774.79,1.819
2026-01-06 16:16:00,607.46,1477.12,905.85,27.77,2567.4,9805.09,1.688
2026-01-06 16:17:00,608.47,1478.8,901.8,27.97,2576.22,9837.11,1.904
2026-01-06 16:18:00,608.19,1481.77,908.81,27.41,2557.34,9811.66,1.696
2026-01-06 16:19:00,608.57,1489.89,911.15,28.29,2587.06,9886.44,1.683
2026-01-06 16:20:00,606.82,1485.27,902.78,27.34,2573.43,9824.05,1.847
2026-01-06 16:21:00,607.67,1480.12,903.89,26.83,2581.62,9785.47,1.841
2026-01-06 16:22:00,609.71,1485.57,904.68,27.96,2602.6,9823.67,1.646
2026-01-06 16:23:00,606.74,1483.17,908.96,28.07,2595.18,9834.09,1.665
2026-01-06 16:24:00,604.54,1480.09,908.4,27.49,2575.69,9818.5,1.783
2026-01-06 16:25:00,605.7,1477.49,904.11,27.3,2571.67,9764.78,1.728
2026-01-06 16:26:00,610.61,1478.24,906.56,28.24,2593.53,9853.32,1.677
2026-01-06 16:27:00,602.87,1474.85,904.67,27.11,2572.03,9773.3,1.616
2026-01-06 16:28:00,608.24,1474.74,908.28,27.96,2590.09,9826.95,1.747
2026-01-06 16:29:00,606.99,1477.3,903.46,27.68,2603.38,9809.8,1.701
2026-01-06 16:30:00,607.4,1475.84,905.4,28.03,2588.31,9846.26,1.783
2026-01-06 16:31:00,609.66,1487.47,914.55,28.27,2593.41,9872.71,1.802
2026-01-06 16:32:00,609.45,1483.9,911.26,27.86,2591.13,9838.02,1.805
2026-01-06 16:33:00,607.07,1482.01,902.16,26.79,2576.01,9783.46,1.531
2026-01-06 16:34:00,612.79,1479.61,901.38,27.72,2585.02,9840.7,1.883
2026-01-06 16:35:00,607.18,1474.2,908.05,27.6,2572.68,9780.02,1.734
2026-01-06 16:36:00,610.03,1484.13,911.69,27.41,2592.09,9816.84,1.682
2026-01-06 16:37:00,602.21,1472.15,906.82,26.86,2572.18,9793.56,1.693
2026-01-06 16:38:00,606.33,1472.32,901.59,27.69,2586.9,9804.72,1.761
2026-01-06 16:39:00,606.84,1482.13,907.03,27.75,2591.05,9822.72,1.74
2026-01-06 16:40:00,610.11,1482.53,902.92,28.01,2578.81,9841.87,1.754
2026-01-06 16:41:00,605.39,1476.33,904.36,27.07,2574.45,9776.97,1.683
2026-01-06 16:42:00,612.42,1482.8,904.19,27.91,2580.61,9822.13,1.854
2026-01-06 16:43:00,603.9,1474.25,901.11,27.87,2574.24,9806.91,1.738
2026-01-06 16:44:00,608.0,1489.27,907.36,28.01,2584.6,9857.56,1.837
2026-01-06 16:45:00,607.84,1481.05,902.33,27.52,2573.65,9796.72,1.878
2026-01-06 16:46:00,605.34,1474.49,904.5,27.57,2574.03,9791.53,1.777
2026-01-06 16:47:00,605.33,1482.61,902.35,27.38,2585.88,9810.01,1.737
2026-01-06 16:48:00,606.92,1475.21,910.48,27.28,2584.51,9760.27,1.533
2026-01-06 16:49:00,608.45,1479.87,909.16,28.31,2580.68,9849.24,1.707
2026-01-06 16:50:00,608.64,1479.11,903.65,27.0,2567.65,9792.58,1.871
2026-01-06 16:51:00,602.99,1485.81,901.41,27.97,2590.99,9813.06,1.741
2026-01-06 16:52:00,607.76,1485.02,905.03,27.14,2577.63,9802.76,1.601
2026-01-06 16:53:00,606.16,1476.41,901.81,26.93,2596.69,9776.48,1.674
2026-01-06 16:54:00,605.69,1470.07,900.98,27.24,2579.03,9773.76,1.595
2026-01-06 16:55:00,609.89,1475.39,904.03,28.16,2583.71,9838.84,1.696
2026-01-06 16:56:00,604.95,1473.33,899.71,27.13,2576.74,9776.43,1.659
2026-01-06 16:57:00,606.67,1471.83,904.88,26.84,2581.82,9768.12,1.639
2026-01-06 16:58:00,608.66,1481.71,910.65,27.79,2610.32,9836.02,1.737
2026-01-06 16:59:00,610.12,1481.02,903.12,27.56,2579.08,9819.64,1.556
2026-01-06 17:00:00,601.41,1467.94,901.63,27.51,2591.01,9791.89,1.754
2026-01-06 17:01:00,599.81,1472.64,897.76,27.04,2581.06,9779.92,1.808
2026-01-06 17:02:00,608.96,1473.47,900.88,27.13,2590.16,9791.27,1.553
2026-01-06 17:03:00,608.95,1486.85,914.31,28.18,2569.13,9889.31,1.854
2026-01-06 17:04:00,604.62,1483.63,910.08,27.6,2597.74,9827.63,1.778
2026-01-06 17:05:00,606.21,1472.53,905.4,27.4,2583.92,9802.02,1.737
2026-01-06 17:06:00,607.0,1475.51,902.26,27.09,2578.89,9798.09,1.709
2026-01-06 17:07:00,605.92,1469.23,899.37,26.5,2586.93,9763.68,1.701
2026-01-06 17:08:00,607.38,1478.83,901.41,27.64,2582.25,9799.63,1.776
2026-01-06 17:09:00,606.42,1476.67,907.72,27.23,2572.17,9806.31,1.728
2026-01-06 17:10:00,610.37,1480.29,909.31,27.44,2562.84,9828.67,1.942
2026-01-06 17:11:00,604.07,1479.45,904.21,27.95,2596.21,9812.5,1.664
2026-01-06 17:12:00,601.8,1483.97,907.66,27.54,2579.12,9794.52,1.835
2026-01-06 17:13:00,607.75,1473.53,902.37,27.98,2577.19,9825.32,1.714
2026-01-06 17:14:00,606.32,1482.29,905.0,27.34,2576.27,9785.52,1.666
2026-01-06 17:15:00,601.99,1479.24,906.89,27.59,2592.41,9789.38,1.78
2026-01-06 17:16:00,608.02,1483.09,908.23,27.63,2577.23,9801.06,1.683
2026-01-06 17:17:00,603.36,1484.53,901.4,27.78,2587.7,9836.81,1.871
2026-01-06 17:18:00,607.62,1479.98,909.62,27.16,2578.53,9802.42,1.649
2026-01-06 17:19:00,609.45,1475.73,912.03,27.26,2571.64,9814.49,1.818
2026-01-06 17:20:00,605.83,1476.11,897.51,27.13,2587.6,9781.47,1.743
2026-01-06 17:21:00,605.99,1469.65,897.4,27.04,2589.67,9793.2,1.689
2026-01-06 17:22:00,606.67,1480.32,910.12,27.64,2577.02,9834.55,1.652
2026-01-06 17:23:00,610.09,1480.55,906.47,27.83,2582.22,9836.38,1.653
2026-01-06 17:24:00,608.7,1477.55,904.16,28.08,2582.89,9825.87,1.657
2026-01-06 17:25:00,604.85,1467.59,907.14,27.24,2585.33,9817.02,1.807
2026-01-06 17:26:00,604.71,1478.41,902.32,27.91,2598.4,9839.0,1.737
2026-01-06 17:27:00,607.18,1474.0,902.8,26.92,2578.02,9787.02,1.762
2026-01-06 17:28:00,614.0,1480.71,903.28,27.78,2580.04,9840.48,1.747
2026-01-06 17:29:00,611.19,1478.22,907.52,27.68,2579.86,9803.99,1.622
2026-01-06 17:30:00,599.43,1470.91,905.62,26.79,2572.35,9768.61,1.715
2026-01-06 17:31:00,609.97,1480.29,904.66,27.31,2567.27,9798.32,1.755
2026-01-06 17:32:00,604.64,1475.9,903.39,27.38,2582.0,9795.46,1.564
2026-01-06 17:33:00,613.85,1491.76,907.35,28.04,2586.74,9836.2,1.684
2026-01-06 17:34:00,604.17,1478.19,903.54,27.4,2581.54,9810.42,1.649
2026-01-06 17:35:00,604.55,1479.91,904.62,27.57,2580.15,9788.17,1.599
2026-01-06 17:36:00,607.96,1478.08,908.37,27.51,2574.59,9817.25,1.731
2026-01-06 17:37:00,604.84,1479.73,897.5,27.75,2583.84,9818.3,1.742
2026-01-06 17:38:00,606.55,1476.79,910.42,27.68,2583.47,9825.7,1.83
2026-01-06 17:39:00,609.92,1485.73,905.65,27.86,2585.76,9821.91,1.787
2026-01-06 17:40:00,607.54,1478.65,907.82,27.59,2582.71,9774.6,1.667
2026-01-06 17:41:00,605.16,1476.65,905.79,27.41,2584.52,9806.59,1.688
2026-01-06 17:42:00,611.11,1476.44,904.41,27.12,2590.83,9778.57,1.835
2026-01-06 17:43:00,604.23,1475.33,906.64,27.5,2586.31,9815.93,1.759
2026-01-06 17:44:00,605.64,1472.49,900.81,26.87,2583.79,9770.06,1.78
2026-01-06 17:45:00,613.86,1479.88,901.84,27.32,2567.45,9807.25,1.6
2026-01-06 17:46:00,610.28,1482.84,906.82,27.88,2591.01,9837.94,1.607
2026-01-06 17:47:00,603.44,1475.85,902.11,26.84,2577.6,9770.87,1.656
2026-01-06 17:48:00,607.16,1476.23,906.82,27.6,2582.92,9830.23,1.807
2026-01-06 17:49:00,609.98,1483.73,906.18,27.24,2572.84,9849.23,1.869
2026-01-06 17:50:00,608.74,1479.39,909.89,28.17,2599.11,9832.9,1.669
2026-01-06 17:51:00,611.06,1478.7,897.46,27.85,2561.43,9803.01,1.752
2026-01-06 17:52:00,609.6,1488.6,915.96,28.86,2596.94,9900.78,1.812
2026-01-06 17:53:00,606.49,1483.1,904.6,27.56,2585.68,9829.9,1.635
2026-01-06 17:54:00,606.78,1480.54,909.02,27.33,2566.6,9818.91,1.653
2026-01-06 17:55:00,604.49,1480.17,907.41,27.0,2597.36,9799.03,1.699
2026-01-06 17:56:00,605.5,1471.01,898.36,27.52,2585.08,9796.47,1.604
2026-01-06 17:57:00,603.89,1475.29,908.14,27.58,2561.83,9789.42,1.904
2026-01-06 17:58:00,609.03,1472.99,908.32,27.76,2578.71,9825.17,1.64
2026-01-06 17:59:00,609.37,1477.94,910.72,27.88,2586.18,9820.51,1.685
2026-01-06 18:00:00,604.72,1474.79,905.62,27.5,2594.79,9799.2,1.737
2026-01-06 18:01:00,605.16,1479.14,904.03,27.17,2577.72,9796.87,1.725
2026-01-06 18:02:00,605.19,1478.37,901.47,27.42,2559.23,9781.75,1.746
2026-01-06 18:03:00,606.25,1481.97,902.01,27.83,2593.36,9814.86,1.637
2026-01-06 18:04:00,607.93,1487.16,905.92,27.28,2585.48,9809.96,1.607
2026-01-06 18:05:00,610.8,1480.35,908.13,27.99,2564.45,9830.8,1.737
2026-01-06 18:06:00,607.85,1470.98,904.57,26.87,2582.35,9761.29,1.611
2026-01-06 18:07:00,606.39,1482.57,903.19,27.43,2585.0,9807.65,1.655
2026-01-06 18:08:00,607.74,1473.76,902.81,27.16,2577.47,9773.07,1.627
2026-01-06 18:09:00,611.36,1477.19,906.26,27.66,2575.01,9813.39,1.653
2026-01-06 18:10:00,609.83,1477.04,897.67,27.68,2576.41,9804.64,1.595
2026-01-06 18:11:00,610.31,1481.45,910.59,27.82,2580.44,9849.66,1.657
2026-01-06 18:12:00,606.29,1484.48,902.87,27.16,2582.78,9770.07,1.66
2026-01-06 18:13:00,603.94,1477.47,905.01,27.22,2587.75,9808.52,1.805
2026-01-06 18:14:00,607.15,1480.06,910.28,27.48,2564.32,9810.14,1.878
2026-01-06 18:15:00,601.94,1477.79,899.68,27.3,2582.92,9793.96,1.779
2026-01-06 18:16:00,609.89,1486.39,901.82,27.66,2585.06,9801.25,1.729
2026-01-06 18:17:00,606.06,1476.0,897.15,27.4,2582.44,9799.49,1.79
2026-01-06 18:18:00,606.09,1468.47,903.24,27.13,2577.24,9783.69,1.685
2026-01-06 18:19:00,604.89,1476.0,906.91,28.04,2593.35,9822.61,1.745
2026-01-06 18:20:00,605.55,1475.36,900.72,27.48,2592.44,9814.82,1.776
2026-01-06 18:21:00,607.96,1473.62,900.19,27.12,2577.68,9787.13,1.744
2026-01-06 18:22:00,609.42,1486.12,906.35,27.22,2581.33,9822.81,1.801
2026-01-06 18:23:00,610.08,1476.0,903.93,27.49,2587.73,9811.49,1.771
2026-01-06 18:24:00,600.47,1468.5,900.2,26.7,2589.93,9762.84,1.626
2026-01-06 18:25:00,611.41,1483.44,906.25,27.25,2574.32,9793.23,1.756
2026-01-06 18:26:00,604.52,1471.8,907.06,27.0,2571.33,9763.77,1.625
2026-01-06 18:27:00,610.26,1485.3,906.18,27.24,2583.65,9808.87,1.773
2026-01-06 18:28:00,599.8,1475.06,904.29,27.47,2572.95,9821.33,1.691
2026-01-06 18:29:00,608.3,1480.74,906.16,27.54,2567.21,9842.62,1.635
2026-01-06 18:30:00,604.89,1467.04,896.02,26.98,2573.64,9776.75,1.582
2026-01-06 18:31:00,606.94,1474.87,905.97,27.04,2584.08,9790.58,1.876
2026-01-06 18:32:00,608.62,1481.03,902.15,28.47,2595.18,9842.18,1.654
2026-01-06 18:33:00,604.44,1473.53,903.06,27.46,2574.47,9774.92,1.768
2026-01-06 18:34:00,602.75,1485.93,906.71,27.56,2579.59,9786.34,1.754
2026-01-06 18:35:00,604.94,1484.04,904.53,27.21,2582.77,9810.78,1.79
2026-01-06 18:36:00,608.22,1484.07,909.07,27.53,2576.45,9813.46,1.638
2026-01-06 18:37:00,606.49,1468.33,894.28,26.42,2573.19,9745.87,1.641
2026-01-06 18:38:00,613.55,1480.47,910.09,28.35,2585.29,9838.44,1.658
2026-01-06 18:39:00,608.85,1487.08,906.88,27.76,2572.0,9812.09,1.796
2026-01-06 18:40:00,607.35,1474.57,898.3,27.67,2576.61,9842.13,1.857
2026-01-06 18:41:00,612.31,1475.68,906.1,27.57,2579.74,9806.33,1.71
2026-01-06 18:42:00,605.96,1473.65,891.85,26.62,2582.44,9767.8,1.86
2026-01-06 18:43:00,610.05,1491.46,906.9,27.28,2568.73,9793.34,1.726
2026-01-06 18:44:00,603.14,1483.32,905.02,27.5,2580.51,9811.47,1.7
2026-01-06 18:45:00,609.01,1483.1,904.85,27.76,2571.32,9813.77,1.726
2026-01-06 18:46:00,603.99,1486.35,904.97,27.94,2576.52,9822.79,1.763
2026-01-06 18:47:00,613.08,1477.53,912.29,27.65,2588.17,9819.4,1.604
2026-01-06 18:48:00,604.07,1477.46,901.64,27.15,2579.92,9784.54,1.72
2026-01-06 18:49:00,607.45,1487.74,903.4,26.68,2594.75,9807.35,1.701
2026-01-06 18:50:00,603.87,1468.59,908.54,28.0,2581.16,9816.07,1.699
2026-01-06 18:51:00,610.42,1488.79,910.56,28.24,2591.89,9878.12,1.753
2026-01-06 18:52:00,613.02,1489.07,913.45,28.44,2590.54,9879.04,1.843
2026-01-06 18:53:00,610.34,1486.71,903.74,28.98,2584.08,9879.06,1.765
2026-01-06 18:54:00,609.85,1479.5,900.46,27.7,2572.41,9846.78,1.651
2026-01-06 18:55:00,609.24,1480.29,902.26,27.8,2581.49,9831.29,1.737
2026-01-06 18:56:00,605.79,1484.52,907.1,27.96,2578.17,9834.07,1.713
2026-01-06 18:57:00,609.33,1476.38,903.31,27.96,2577.4,9822.23,1.725
2026-01-06 18:58:00,605.33,1476.15,900.12,26.98,2581.07,9766.97,1.681
2026-01-06 18:59:00,608.45,1490.15,902.81,28.24,2571.17,9842.45,1.767
2026-01-06 19:00:00,609.92,1480.53,908.29,27.84,2575.78,9842.72,1.627
2026-01-06 19:01:00,607.92,1480.93,904.31,27.47,2572.81,9794.64,1.597
2026-01-06 19:02:00,599.06,1479.97,895.88,27.38,2578.7,9790.19,1.696
2026-01-06 19:03:00,610.16,1482.51,902.99,27.33,2574.82,9796.15,1.686
2026-01-06 19:04:00,607.67,1471.61,900.82,26.74,2573.22,9741.62,1.595
2026-01-06 19:05:00,606.1,1487.11,910.51,27.58,2583.41,9831.21,1.567
2026-01-06 19:06:00,603.16,1472.18,900.13,26.97,2576.46,9771.99,1.711
2026-01-06 19:07:00,611.66,1483.67,908.84,27.53,2582.53,9835.58,1.698
2026-01-06 19:08:00,608.04,1473.18,906.05,27.29,2572.19,9800.19,1.736
2026-01-06 19:09:00,606.38,1467.9,899.74,27.73,2574.64,9803.9,1.734
2026-01-06 19:10:00,609.34,1482.49,907.91,27.89,2598.61,9830.22,1.787
2026-01-06 19:11:00,608.24,1481.73,908.09,27.49,2575.56,9800.65,1.625
2026-01-06 19:12:00,606.65,1485.53,910.54,27.47,2565.68,9836.48,1.736
2026-01-06 19:13:00,604.34,1471.47,903.7,27.25,2583.14,9781.88,1.865
2026-01-06 19:14:00,609.13,1466.84,903.47,27.47,2575.72,9806.94,1.734
2026-01-06 19:15:00,605.53,1474.05,896.13,27.05,2581.57,9761.68,1.804
2026-01-06 19:16:00,604.96,1477.22,904.26,27.2,2578.7,9756.52,1.738
2026-01-06 19:17:00,609.43,1479.03,905.1,28.09,2587.92,9861.95,1.682
2026-01-06 19:18:00,614.02,1486.53,909.64,28.29,2583.26,9875.88,1.956
2026-01-06 19:19:00,605.77,1476.46,909.04,27.71,2579.55,9806.38,1.826
2026-01-06 19:20:00,610.35,1477.73,900.79,27.31,2590.47,9804.53,1.61
2026-01-06 19:21:00,605.75,1484.14,904.95,27.28,2562.94,9789.01,1.69
2026-01-06 19:22:00,607.4,1482.38,902.84,27.64,2572.75,9857.71,1.893
2026-01-06 19:23:00,607.32,1476.05,903.46,27.53,2575.13,9816.03,1.772
2026-01-06 19:24:00,609.07,1482.59,903.24,28.38,2569.55,9850.92,1.598
2026-01-06 19:25:00,608.38,1471.59,903.35,27.54,2577.43,9804.04,1.657
2026-01-06 19:26:00,603.91,1481.39,906.23,27.94,2577.45,9824.77,1.664
2026-01-06 19:27:00,608.37,1482.49,906.63,27.93,2589.81,9823.15,1.845
2026-01-06 19:28:00,611.18,1481.45,904.76,28.07,2581.43,9826.37,1.77
2026-01-06 19:29:00,606.39,1474.85,904.54,27.23,2579.15,9793.3,1.682
2026-01-06 19:30:00,605.18,1481.0,905.51,27.86,2578.74,9817.29,1.66
2026-01-06 19:31:00,606.97,1477.56,903.83,27.86,2572.37,9791.55,1.759
2026-01-06 19:32:00,605.71,1480.75,902.78,27.59,2588.83,9815.19,1.711
2026-01-06 19:33:00,605.87,1479.57,907.48,27.56,2592.27,9838.12,1.751
2026-01-06 19:34:00,606.72,1481.64,899.75,27.81,2573.12,9843.98,1.79
2026-01-06 19:35:00,614.02,1482.7,914.41,27.82,2595.0,9823.98,1.741
2026-01-06 19:36:00,605.17,1473.95,905.76,26.78,2575.12,9784.01,1.592
2026-01-06 19:37:00,606.96,1476.67,912.45,27.47,2575.88,9820.38,1.793
2026-01-06 19:38:00,610.29,1482.47,909.62,27.72,2586.12,9831.52,1.815
2026-01-06 19:39:00,613.3,1493.56,911.36,28.44,2588.67,9878.69,1.935
2026-01-06 19:40:00,601.53,1474.34,895.37,27.77,2580.28,9793.37,1.657
2026-01-06 19:41:00,613.06,1474.1,909.18,27.8,2579.02,9817.58,1.826
2026-01-06 19:42:00,611.55,1486.63,913.57,27.93,2592.95,9863.22,1.857
2026-01-06 19:43:00,609.53,1479.02,901.21,28.42,2576.28,9804.08,1.799
2026-01-06 19:44:00,606.78,1480.17,907.6,27.93,2582.2,9842.13,1.753
2026-01-06 19:45:00,604.33,1479.45,907.62,27.84,2597.29,9867.54,1.685
2026-01-06 19:46:00,608.7,1481.81,906.66,27.33,2571.0,9814.98,1.698
2026-01-06 19:47:00,608.62,1490.68,911.6,27.6,2578.84,9835.95,1.646
2026-01-06 19:48:00,612.43,1481.95,908.93,27.68,2591.2,9848.53,1.624
2026-01-06 19:49:00,607.48,1492.1,906.51,28.52,2588.35,9877.54,1.826
2026-01-06 19:50:00,608.25,1477.57,908.73,27.38,2590.24,9850.73,1.679
2026-01-06 19:51:00,609.06,1474.69,900.65,27.95,2571.45,9823.71,1.569
2026-01-06 19:52:00,609.53,1479.92,907.65,28.2,2585.48,9846.33,1.753
2026-01-06 19:53:00,605.65,1469.2,905.06,27.65,2579.93,9828.3,1.796
2026-01-06 19:54:00,605.28,1483.65,905.57,28.46,2601.83,9865.19,1.807
2026-01-06 19:55:00,604.51,1479.07,909.7,27.59,2588.99,9835.98,1.657
2026-01-06 19:56:00,605.93,1482.11,899.68,27.15,2580.82,9797.08,1.662
2026-01-06 19:57:00,606.32,1477.08,908.78,28.11,2585.14,9844.7,1.775
2026-01-06 19:58:00,606.89,1480.77,904.99,27.48,2581.95,9810.32,1.791
2026-01-06 19:59:00,608.46,1485.69,913.4,27.89,2588.67,9850.69,1.782
2026-01-06 20:00:00,605.04,1486.72,907.92,27.65,2575.12,9822.06,1.797
2026-01-06 20:01:00,607.53,1486.05,902.91,28.83,2595.37,9885.87,1.759
2026-01-06 20:02:00,604.5,1482.22,904.81,27.9,2571.07,9814.19,1.753
2026-01-06 20:03:00,610.11,1487.38,913.35,28.31,2585.18,9862.56,1.773
2026-01-06 20:04:00,607.68,1475.03,907.06,27.88,2576.26,9844.9,1.655
2026-01-06 20:05:00,610.57,1489.83,905.48,28.06,2583.06,9841.27,1.599
2026-01-06 20:06:00,609.26,1482.51,907.3,27.48,2589.92,9823.21,1.659
2026-01-06 20:07:00,605.96,1471.26,908.62,27.33,2566.31,9771.72,1.635
2026-01-06 20:08:00,612.66,1486.33,906.97,28.52,2582.44,9869.1,1.867
2026-01-06 20:09:00,605.53,1487.21,904.0,28.33,2570.95,9835.01,1.726
2026-01-06 20:10:00,612.37,1484.53,908.43,27.78,2580.63,9845.07,1.676
2026-01-06 20:11:00,611.58,1486.0,906.99,27.52,2570.64,9827.39,1.715
2026-01-06 20:12:00,607.65,1472.11,907.97,27.89,2583.47,9827.36,1.747
2026-01-06 20:13:00,605.92,1476.21,904.44,27.53,2578.3,9815.33,1.687
2026-01-06 20:14:00,610.74,1488.54,910.05,28.23,2588.85,9845.38,1.697
2026-01-06 20:15:00,610.16,1486.36,911.82,27.97,2591.68,9819.08,1.693
2026-01-06 20:16:00,607.68,1487.79,906.85,28.6,2583.54,9860.19,1.77
2026-01-06 20:17:00,610.85,1485.09,910.4,27.98,2589.99,9844.54,1.728
2026-01-06 20:18:00,615.75,1485.81,912.7,28.41,2594.58,9861.85,1.717
2026-01-06 20:19:00,610.25,1485.26,904.98,27.72,2575.1,9835.05,1.675
2026-01-06 20:20:00,613.47,1480.51,912.58,28.08,2594.51,9849.24,1.772
2026-01-06 20:21:00,610.31,1480.35,903.35,28.03,2582.78,9850.39,1.716
2026-01-06 20:22:00,610.85,1484.58,904.05,28.02,2575.24,9850.35,1.792
2026-01-06 20:23:00,610.11,1482.21,908.06,28.81,2586.39,9874.31,1.89
2026-01-06 20:24:00,608.92,1493.31,905.47,27.56,2582.05,9838.96,1.649
2026-01-06 20:25:00,608.35,1483.24,908.18,27.97,2571.61,9845.05,1.723
2026-01-06 20:26:00,612.37,1485.13,904.87,27.84,2573.6,9833.41,1.607
2026-01-06 20:27:00,608.32,1479.67,910.12,27.88,2595.17,9824.71,1.71
2026-01-06 20:28:00,617.34,1478.76,911.59,28.49,2587.47,9906.23,1.939
2026-01-06 20:29:00,613.18,1495.8,911.43,28.4,2596.21,9883.43,1.818
2026-01-06 20:30:00,611.2,1484.96,910.5,27.91,2579.77,9851.31,1.694
2026-01-06 20:31:00,607.17,1476.62,913.38,27.58,2576.96,9858.25,1.79
2026-01-06 20:32:00,610.62,1477.84,905.54,28.17,2569.1,9837.44,1.648
2026-01-06 20:33:00,609.34,1492.28,906.21,27.47,2590.2,9834.54,1.646
2026-01-06 20:34:00,609.34,1487.86,911.56,27.67,2586.45,9852.77,1.801
2026-01-06 20:35:00,610.07,1477.79,914.17,28.46,2580.34,9864.05,1.732
2026-01-06 20:36:00,608.47,1485.77,910.47,28.69,2578.93,9906.92,1.771
2026-01-06 20:37:00,608.47,1480.06,906.4,27.84,2591.7,9840.48,1.736
2026-01-06 20:38:00,611.62,1490.93,910.2,28.33,2582.74,9878.3,1.747
2026-01-06 20:39:00,606.98,1484.84,906.68,28.58,2582.55,9871.22,1.867
2026-01-06 20:40:00,610.06,1474.58,905.43,27.88,2578.18,9848.31,1.629
2026-01-06 20:41:00,618.08,1487.92,911.53,28.38,2580.39,9865.3,1.694
2026-01-06 20:42:00,609.45,1487.38,914.09,28.22,2588.87,9886.25,1.792
2026-01-06 20:43:00,610.73,1489.54,912.03,28.26,2572.16,9861.11,1.662
2026-01-06 20:44:00,615.95,1486.17,907.79,28.67,2584.94,9881.75,1.709
2026-01-06 20:45:00,610.0,1486.43,910.91,28.66,2591.52,9871.17,1.831
2026-01-06 20:46:00,614.15,1490.06,910.0,28.15,2583.88,9888.69,1.708
2026-01-06 20:47:00,612.94,1485.2,909.97,28.19,2592.18,9867.77,1.826
2026-01-06 20:48:00,610.15,1486.97,906.66,28.33,2593.46,9841.64,1.634
2026-01-06 20:49:00,618.8,1498.22,916.54,28.72,2591.64,9884.92,1.937
2026-01-06 20:50:00,608.18,1494.89,911.22,28.35,2579.85,9878.06,1.822
2026-01-06 20:51:00,610.49,1479.34,909.56,27.65,2581.59,9819.57,1.783
2026-01-06 20:52:00,607.92,1483.8,903.93,27.73,2584.65,9819.87,1.696
2026-01-06 20:53:00,611.72,1491.5,907.16,28.3,2580.37,9877.47,1.768
2026-01-06 20:54:00,610.64,1481.35,908.12,28.3,2579.4,9859.53,1.97
2026-01-06 20:55:00,610.87,1483.17,920.3,28.35,2579.13,9864.96,1.671
2026-01-06 20:56:00,609.63,1485.56,908.89,28.37,2605.23,9897.02,1.737
2026-01-06 20:57:00,607.61,1478.78,908.88,28.17,2581.65,9869.61,1.735
2026-01-06 20:58:00,614.58,1486.8,908.49,27.74,2591.05,9835.65,1.751
2026-01-06 20:59:00,608.41,1492.26,910.73,28.32,2577.15,9877.07,1.822
2026-01-06 21:00:00,613.41,1483.73,906.87,28.04,2596.48,9845.05,1.784
2026-01-06 21:01:00,608.95,1487.47,911.88,28.45,2581.12,9878.14,1.682
2026-01-06 21:02:00,609.28,1479.38,904.26,27.42,2582.14,9815.67,1.786
2026-01-06 21:03:00,615.86,1495.67,910.59,28.86,2569.84,9887.3,1.836
2026-01-06 21:04:00,614.62,1488.44,909.88,28.7,2593.98,9901.27,1.791
2026-01-06 21:05:00,608.89,1487.74,914.43,28.59,2594.27,9864.17,1.708
2026-01-06 21:06:00,609.32,1484.12,903.07,28.24,2573.07,9837.45,1.762
2026-01-06 21:07:00,609.49,1478.0,907.33,27.74,2592.34,9847.09,1.724
2026-01-06 21:08:00,614.19,1488.94,906.96,28.11,2572.93,9864.72,1.755
2026-01-06 21:09:00,612.7,1495.76,914.05,28.47,2589.73,9891.66,1.78
2026-01-06 21:10:00,611.96,1488.86,913.81,28.44,2581.72,9874.96,1.696
2026-01-06 21:11:00,615.14,1489.39,901.45,28.63,2594.98,9881.82,1.774
2026-01-06 21:12:00,616.21,1481.51,907.44,28.45,2586.18,9879.13,1.855
2026-01-06 21:13:00,616.1,1490.25,916.67,29.13,2594.2,9944.84,1.873
2026-01-06 21:14:00,610.63,1489.6,910.68,28.93,2594.4,9887.06,1.76
2026-01-06 21:15:00,602.48,1474.86,908.92,27.47,2579.34,9814.28,1.704
2026-01-06 21:16:00,609.08,1490.72,911.14,29.01,2585.18,9910.51,1.933
2026-01-06 21:17:00,611.59,1495.28,915.78,29.2,2577.69,9940.5,1.746
2026-01-06 21:18:00,609.68,1485.08,910.99,28.03,2580.67,9850.39,1.8
2026-01-06 21:19:00,614.46,1488.1,907.41,28.68,2599.9,9886.63,1.873
2026-01-06 21:20:00,616.67,1487.49,909.15,28.47,2589.24,9853.58,1.663
2026-01-06 21:21:00,615.5,1479.04,908.14,28.15,2574.8,9852.72,1.737
2026-01-06 21:22:00,610.76,1485.57,912.34,28.33,2597.36,9882.16,1.861
2026-01-06 21:23:00,614.82,1495.72,909.74,29.4,2589.15,9926.8,1.747
2026-01-06 21:24:00,613.44,1484.08,914.17,28.64,2591.15,9887.37,1.788
2026-01-06 21:25:00,610.61,1490.48,912.48,29.2,2590.34,9936.34,1.701
2026-01-06 21:26:00,610.0,1487.44,912.61,28.91,2588.27,9897.68,1.751
2026-01-06 21:27:00,610.76,1487.01,908.41,28.42,2567.98,9873.24,1.877
2026-01-06 21:28:00,616.66,1490.17,912.41,29.09,2593.22,9883.68,1.674
2026-01-06 21:29:00,610.4,1483.92,911.09,28.19,2565.48,9861.86,1.627
2026-01-06 21:30:00,609.75,1488.45,914.47,28.83,2592.69,9888.71,1.774
2026-01-06 21:31:00,615.04,1491.12,913.51,29.19,2586.96,9930.03,1.851
2026-01-06 21:32:00,614.56,1504.22,917.09,28.76,2591.59,9897.71,1.745
2026-01-06 21:33:00,613.25,1493.08,915.35,28.15,2584.93,9865.57,1.735
2026-01-06 21:34:00,611.16,1492.52,909.01,28.34,2592.58,9880.22,1.83
2026-01-06 21:35:00,614.21,1480.1,912.19,28.7,2584.8,9891.53,1.877
2026-01-06 21:36:00,618.02,1492.92,918.73,28.64,2587.75,9913.05,1.837
2026-01-06 21:37:00,619.35,1496.79,913.75,29.08,2589.84,9941.3,1.893
2026-01-06 21:38:00,614.72,1494.69,912.58,29.0,2600.95,9923.65,1.801
2026-01-06 21:39:00,613.95,1497.16,913.53,28.72,2588.97,9878.63,1.72
2026-01-06 21:40:00,612.32,1490.18,908.08,28.91,2575.08,9915.72,1.678
2026-01-06 21:41:00,616.08,1490.27,913.05,28.57,2580.1,9890.13,1.668
2026-01-06 21:42:00,610.88,1488.35,912.86,27.95,2588.38,9863.94,1.749
2026-01-06 21:43:00,605.91,1486.02,909.72,28.82,2594.21,9877.58,1.873
2026-01-06 21:44:00,612.52,1482.4,907.8,28.71,2578.46,9880.29,1.696
2026-01-06 21:45:00,614.69,1495.79,915.35,28.97,2602.87,9898.62,2.031
2026-01-06 21:46:00,611.82,1488.3,911.43,28.3,2586.35,9898.55,1.771
2026-01-06 21:47:00,615.51,1485.82,907.05,28.03,2586.11,9842.11,1.663
2026-01-06 21:48:00,612.0,1497.78,913.41,28.36,2574.71,9893.28,1.737
2026-01-06 21:49:00,616.48,1502.49,915.69,28.98,2594.23,9907.86,1.786
2026-01-06 21:50:00,608.18,1489.57,908.52,28.23,2579.82,9858.47,1.865
2026-01-06 21:51:00,613.63,1483.9,916.89,28.47,2578.01,9873.61,1.776
2026-01-06 21:52:00,611.05,1490.01,912.5,28.4,2582.14,9891.64,1.68
2026-01-06 21:53:00,612.44,1497.0,912.06,28.24,2595.5,9885.6,1.916
2026-01-06 21:54:00,617.2,1495.23,915.49,28.94,2589.95,9931.52,1.761
2026-01-06 21:55:00,609.11,1488.79,907.32,27.91,2575.32,9833.92,1.673
2026-01-06 21:56:00,608.7,1488.51,905.06,27.53,2577.45,9815.07,1.763
2026-01-06 21:57:00,613.32,1490.16,919.18,28.95,2596.88,9915.57,1.877
2026-01-06 21:58:00,623.48,1500.98,910.04,28.28,2582.66,9888.44,1.855
2026-01-06 21:59:00,615.16,1496.43,918.05,28.73,2589.62,9903.64,1.649
2026-01-06 22:00:00,613.46,1491.12,917.5,28.49,2589.81,9858.12,1.886
2026-01-06 22:01:00,613.6,1489.26,909.41,28.74,2557.57,9897.82,1.701
2026-01-06 22:02:00,609.82,1488.81,915.47,28.92,2595.52,9910.3,1.845
2026-01-06 22:03:00,615.72,1488.79,914.8,28.79,2578.18,9900.0,1.823
2026-01-06 22:04:00,618.64,1495.57,919.26,29.19,2584.0,9948.43,1.872
2026-01-06 22:05:00,609.26,1501.72,911.23,28.69,2596.1,9868.69,1.746
2026-01-06 22:06:00,620.24,1497.91,912.62,28.67,2596.27,9892.04,1.873
2026-01-06 22:07:00,618.59,1499.49,921.83,29.53,2591.33,9961.45,1.836
2026-01-06 22:08:00,611.3,1500.83,908.69,28.77,2590.58,9893.64,1.894
2026-01-06 22:09:00,616.21,1501.91,909.32,29.17,2593.58,9919.54,1.711
2026-01-06 22:10:00,613.36,1494.31,915.91,28.77,2597.62,9930.2,1.952
2026-01-06 22:11:00,611.8,1499.47,915.46,29.28,2599.18,9944.37,1.682
2026-01-06 22:12:00,614.44,1493.06,915.42,29.21,2585.75,9897.2,1.922
2026-01-06 22:13:00,614.44,1499.64,912.64,29.33,2579.79,9917.7,1.76
2026-01-06 22:14:00,610.97,1497.25,917.02,29.01,2584.01,9927.0,1.842
2026-01-06 22:15:00,611.86,1491.12,915.79,28.7,2585.51,9886.96,1.742
2026-01-06 22:16:00,612.81,1491.42,915.79,28.87,2585.37,9920.31,1.73
2026-01-06 22:17:00,617.45,1502.74,915.15,29.71,2579.69,9971.81,1.809
2026-01-06 22:18:00,618.62,1501.94,920.51,29.17,2590.29,9946.09,1.888
2026-01-06 22:19:00,615.87,1501.84,910.19,29.02,2573.82,9935.01,1.846
2026-01-06 22:20:00,616.42,1501.38,912.95,29.06,2587.25,9940.3,1.92
2026-01-06 22:21:00,609.06,1496.13,915.29,29.02,2585.95,9893.55,1.828
2026-01-06 22:22:00,614.64,1491.82,911.05,28.51,2585.77,9895.99,1.815
2026-01-06 22:23:00,614.1,1491.68,914.94,29.58,2593.64,9947.03,1.96
2026-01-06 22:24:00,613.49,1494.98,918.81,29.34,2593.02,9958.52,1.873
2026-01-06 22:25:00,616.2,1492.07,916.27,28.4,2602.34,9888.68,1.702
2026-01-06 22:26:00,611.22,1491.39,915.95,29.04,2581.63,9919.95,1.706
2026-01-06 22:27:00,619.36,1504.26,924.11,29.61,2590.93,9994.95,2.012
2026-01-06 22:28:00,614.42,1499.86,914.28,29.07,2587.37,9916.74,1.795
2026-01-06 22:29:00,616.24,1506.13,916.9,29.41,2588.6,9957.93,1.839
2026-01-06 22:30:00,618.98,1488.19,912.17,28.8,2575.63,9919.34,1.757
2026-01-06 22:31:00,614.55,1508.15,916.5,28.59,2575.82,9907.32,1.669
2026-01-06 22:32:00,613.84,1497.48,915.85,29.83,2587.0,9950.09,1.985
2026-01-06 22:33:00,615.51,1501.9,925.19,29.25,2574.1,9944.0,1.724
2026-01-06 22:34:00,618.54,1501.85,920.67,29.3,2584.22,9948.58,1.748
2026-01-06 22:35:00,613.69,1492.33,908.49,28.75,2579.35,9887.89,1.755
2026-01-06 22:36:00,613.55,1500.56,918.66,28.68,2583.24,9916.12,1.764
2026-01-06 22:37:00,615.21,1497.24,915.53,29.53,2595.72,9942.69,1.775
2026-01-06 22:38:00,615.69,1498.51,911.9,29.33,2578.33,9950.39,1.883
2026-01-06 22:39:00,613.6,1502.03,918.22,28.37,2592.04,9902.12,1.88
2026-01-06 22:40:00,622.15,1502.59,921.01,29.0,2581.78,9934.61,1.812
2026-01-06 22:41:00,616.74,1504.38,922.04,29.31,2584.11,9968.99,1.867
2026-01-06 22:42:00,616.3,1490.91,913.55,29.0,2589.6,9922.6,1.733
2026-01-06 22:43:00,616.42,1502.48,923.62,28.98,2584.27,9937.52,1.865
2026-01-06 22:44:00,613.56,1495.35,916.65,28.67,2578.48,9915.93,1.781
2026-01-06 22:45:00,617.12,1494.8,911.81,28.99,2582.73,9917.88,1.774
2026-01-06 22:46:00,618.11,1502.1,923.63,29.22,2572.36,9940.37,1.898
2026-01-06 22:47:00,617.96,1494.41,918.57,29.23,2588.77,9918.54,1.69
2026-01-06 22:48:00,616.29,1502.5,914.67,28.86,2559.85,9891.42,1.867
2026-01-06 22:49:00,611.36,1507.94,913.67,28.87,2592.6,9912.73,1.796
2026-01-06 22:50:00,615.96,1492.76,905.0,28.8,2589.9,9899.37,1.752
2026-01-06 22:51:00,616.88,1505.78,920.36,29.08,2600.03,9956.94,1.975
2026-01-06 22:52:00,612.15,1491.39,910.95,28.45,2601.23,9868.56,1.832
2026-01-06 22:53:00,623.77,1490.83,914.28,28.95,2592.97,9912.56,1.664
2026-01-06 22:54:00,610.04,1497.82,912.89,28.88,2579.86,9897.02,1.866
2026-01-06 22:55:00,617.43,1500.32,915.69,29.32,2604.5,9954.57,1.881
2026-01-06 22:56:00,613.51,1495.55,915.01,28.72,2575.78,9908.61,1.695
2026-01-06 22:57:00,616.91,1507.86,915.05,29.17,2571.43,9942.54,1.818
2026-01-06 22:58:00,617.36,1508.61,916.37,30.05,2602.81,9976.8,1.916
2026-01-06 22:59:00,620.58,1507.59,921.52,30.16,2593.98,10007.08,1.73
2026-01-06 23:00:00,611.34,1489.73,912.01,28.32,2570.03,9900.9,1.854
2026-01-06 23:01:00,618.5,1497.94,912.58,29.87,2577.2,9978.28,1.821
2026-01-06 23:02:00,616.05,1496.4,912.01,28.86,2590.27,9922.01,1.794
2026-01-06 23:03:00,614.75,1494.8,915.82,29.25,2578.92,9922.53,1.899
2026-01-06 23:04:00,617.07,1503.28,918.19,29.44,2581.03,9947.4,1.766
2026-01-06 23:05:00,623.55,1501.46,924.97,30.12,2604.07,9985.94,1.77
2026-01-06 23:06:00,620.02,1500.43,923.01,29.75,2604.59,9961.88,1.896
2026-01-06 23:07:00,616.83,1498.04,917.98,29.43,2587.69,9938.86,1.829
2026-01-06 23:08:00,619.93,1504.59,917.75,30.22,2587.5,9995.26,1.831
2026-01-06 23:09:00,614.02,1493.31,911.81,29.12,2592.92,9918.06,1.696
2026-01-06 23:10:00,617.89,1498.09,918.12,29.23,2582.64,9954.74,1.801
2026-01-06 23:11:00,614.93,1495.56,919.7,28.63,2567.85,9917.87,1.756
2026-01-06 23:12:00,623.56,1504.59,920.41,29.03,2564.57,9942.74,1.803
2026-01-06 23:13:00,618.08,1506.09,916.83,29.62,2586.66,9957.76,1.707
2026-01-06 23:14:00,624.84,1502.93,919.07,29.02,2594.71,9968.33,1.787
2026-01-06 23:15:00,623.31,1499.38,917.68,29.32,2587.03,9948.98,1.86
2026-01-06 23:16:00,616.9,1494.92,912.62,29.3,2593.5,9951.84,1.822
2026-01-06 23:17:00,619.7,1511.36,919.53,30.26,2596.03,9996.44,1.85
2026-01-06 23:18:00,619.41,1502.63,918.15,29.67,2599.09,9977.24,1.773
2026-01-06 23:19:00,620.15,1507.1,920.89,29.55,2589.34,9973.21,1.772
2026-01-06 23:20:00,619.36,1511.13,916.78,29.9,2589.85,9967.99,1.819
2026-01-06 23:21:00,622.83,1509.5,918.13,29.68,2587.73,9977.8,1.847
2026-01-06 23:22:00,613.12,1504.97,921.3,29.5,2585.56,9967.47,1.774
2026-01-06 23:23:00,616.9,1506.66,916.54,29.37,2574.84,9962.02,1.851
2026-01-06 23:24:00,620.08,1507.07,920.0,29.9,2597.76,9986.91,1.871
2026-01-06 23:25:00,615.1,1494.84,918.65,28.98,2583.05,9928.83,1.728
2026-01-06 23:26:00,617.43,1513.85,925.77,29.99,2585.57,10005.44,1.97
2026-01-06 23:27:00,618.68,1492.71,920.98,29.72,2582.67,9951.59,1.763
2026-01-06 23:28:00,615.45,1501.14,917.98,29.22,2575.85,9940.48,1.748
2026-01-06 23:29:00,615.56,1497.98,916.9,29.34,2586.6,9958.85,1.784
2026-01-06 23:30:00,624.53,1514.92,924.28,29.95,2593.6,10014.92,1.772
2026-01-06 23:31:00,621.19,1503.43,917.12,29.5,2581.64,9958.6,1.695
2026-01-06 23:32:00,616.77,1500.07,920.31,29.33,2595.65,9960.43,1.921
2026-01-06 23:33:00,615.87,1501.57,918.38,29.42,2584.51,9963.25,1.911
2026-01-06 23:34:00,617.28,1512.99,916.8,29.44,2575.63,9974.26,1.777
2026-01-06 23:35:00,621.44,1500.55,914.31,29.55,2598.42,9962.53,1.889
2026-01-06 23:36:00,621.97,1503.81,919.74,29.22,2589.16,9966.13,1.789
2026-01-06 23:37:00,614.17,1494.06,914.58,28.97,2592.44,9913.79,1.718
2026-01-06 23:38:00,620.1,1505.82,918.63,29.61,2595.25,9981.26,1.833
2026-01-06 23:39:00,616.17,1507.97,916.76,29.9,2580.5,9978.86,1.83
2026-01-06 23:40:00,622.43,1513.94,927.6,30.07,2584.57,9996.39,1.944
2026-01-06 23:41:00,623.74,1516.46,922.61,30.12,2597.44,10007.24,1.685
2026-01-06 23:42:00,619.71,1505.31,923.15,29.79,2602.35,9968.64,1.82
2026-01-06 23:43:00,621.56,1510.73,925.89,30.58,2589.96,10014.64,2.061
2026-01-06 23:44:00,615.28,1502.75,923.12,29.61,2581.8,9946.64,1.646
2026-01-06 23:45:00,624.01,1505.54,922.61,29.27,2601.18,9969.92,1.798
2026-01-06 23:46:00,615.47,1504.95,915.62,29.49,2582.83,9973.15,1.821
2026-01-06 23:47:00,617.84,1495.37,912.9,29.27,2589.74,9954.2,1.843
2026-01-06 23:48:00,620.79,1507.41,920.12,29.82,2584.47,9974.4,1.906
2026-01-06 23:49:00,625.25,1503.57,929.57,30.34,2592.43,10035.74,1.91
2026-01-06 23:50:00,623.01,1503.58,922.09,29.23,2579.48,9952.61,1.956
2026-01-06 23:51:00,625.52,1516.14,928.91,30.47,2587.82,10049.64,1.881
2026-01-06 23:52:00,618.16,1506.15,917.06,29.92,2583.43,9988.74,1.943
2026-01-06 23:53:00,627.84,1511.2,928.36,30.25,2594.48,10007.44,1.863
2026-01-06 23:54:00,621.91,1503.08,922.36,29.3,2589.03,9970.11,1.906
2026-01-06 23:55:00,619.86,1504.92,922.74,29.95,2596.18,10006.31,1.823
2026-01-06 23:56:00,620.07,1506.18,925.22,29.62,2582.57,10007.32,1.803
2026-01-06 23:57:00,623.5,1513.01,921.75,29.42,2587.27,10001.33,1.765
2026-01-06 23:58:00,619.79,1507.84,924.02,29.82,2593.02,9977.55,1.83
2026-01-06 23:59:00,616.14,1496.91,917.99,30.22,2596.17,10010.56,1.821
2026-01-07 00:00:00,622.35,1506.62,922.33,30.48,2578.6,10032.88,1.923
2026-01-07 00:01:00,617.97,1511.68,923.36,30.95,2593.07,10042.14,1.959
2026-01-07 00:02:00,620.67,1505.13,918.42,29.41,2581.9,9987.66,1.941
2026-01-07 00:03:00,619.3,1500.36,913.21,29.02,2594.81,9965.13,1.906
2026-01-07 00:04:00,621.06,1506.36,930.46,30.03,2604.7,10023.77,1.976
2026-01-07 00:05:00,623.25,1509.97,918.27,28.97,2566.53,9962.24,1.893
2026-01-07 00:06:00,622.9,1500.52,925.5,29.76,2583.4,9993.89,1.774
2026-01-07 00:07:00,619.45,1508.22,918.92,30.27,2591.37,10009.64,1.899
2026-01-07 00:08:00,620.45,1510.61,920.1,29.95,2588.49,9990.55,1.803
2026-01-07 00:09:00,619.41,1510.49,921.25,30.38,2596.79,10009.85,1.866
2026-01-07 00:10:00,620.25,1507.99,927.03,29.78,2588.6,9976.3,1.846
2026-01-07 00:11:00,626.65,1518.94,927.29,30.18,2585.48,10021.4,1.688
2026-01-07 00:12:00,622.96,1510.87,919.99,29.83,2580.64,9997.68,1.784
2026-01-07 00:13:00,617.5,1505.43,919.76,29.85,2578.63,9980.65,1.813
2026-01-07 00:14:00,619.98,1507.81,924.22,29.52,2582.66,9992.59,1.639
2026-01-07 00:15:00,619.86,1512.25,926.83,29.7,2585.82,10037.43,2.006
2026-01-07 00:16:00,618.44,1511.26,918.95,29.82,2591.14,9979.03,1.862
2026-01-07 00:17:00,622.82,1503.32,915.67,29.87,2587.1,9986.21,1.867
2026-01-07 00:18:00,629.13,1511.98,923.07,30.89,2585.16,10037.96,1.983
2026-01-07 00:19:00,627.36,1514.04,927.21,30.67,2582.27,10037.42,1.958
2026-01-07 00:20:00,621.87,1509.44,917.67,30.13,2583.44,10004.48,1.93
2026-01-07 00:21:00,622.82,1519.43,923.95,30.13,2584.98,10015.55,1.964
2026-01-07 00:22:00,624.79,1513.81,920.65,29.85,2583.05,10003.84,1.897
2026-01-07 00:23:00,623.25,1510.54,923.84,30.11,2594.8,10013.6,1.907
2026-01-07 00:24:00,619.5,1507.63,926.91,30.72,2601.26,10036.64,1.936
2026-01-07 00:25:00,622.21,1507.75,918.2,29.51,2577.71,9954.38,1.727
2026-01-07 00:26:00,618.77,1509.12,925.76,30.32,2598.1,10006.54,1.706
2026-01-07 00:27:00,626.1,1514.97,929.09,30.58,2596.06,10041.75,1.74
2026-01-07 00:28:00,623.46,1510.13,934.64,29.87,2590.61,10007.3,1.932
2026-01-07 00:29:00,627.03,1515.29,927.23,30.4,2601.42,10008.14,1.834
2026-01-07 00:30:00,625.81,1512.71,927.96,30.74,2588.92,10035.79,1.878
2026-01-07 00:31:00,621.1,1512.97,922.79,30.53,2593.54,10036.83,1.914
2026-01-07 00:32:00,627.77,1515.87,930.65,30.72,2591.6,10044.23,2.021
2026-01-07 00:33:00,623.55,1527.87,931.9,30.85,2591.4,10054.38,1.969
2026-01-07 00:34:00,619.96,1509.09,922.51,30.16,2593.39,10021.32,1.904
2026-01-07 00:35:00,617.75,1514.16,922.76,30.06,2589.64,10009.64,1.911
2026-01-07 00:36:00,617.56,1513.31,916.74,29.16,2590.82,9953.8,2.011
2026-01-07 00:37:00,618.0,1516.07,920.34,29.88,2583.37,9996.0,1.787
2026-01-07 00:38:00,624.12,1507.83,922.08,30.22,2583.68,9997.38,1.979
2026-01-07 00:39:00,619.34,1514.71,921.62,30.39,2584.03,10013.86,1.883
2026-01-07 00:40:00,622.26,1510.68,925.29,30.8,2587.9,10049.58,1.906
2026-01-07 00:41:00,623.34,1522.84,927.82,30.85,2598.78,10045.95,1.959
2026-01-07 00:42:00,625.86,1518.0,929.32,30.66,2587.38,10056.37,1.771
2026-01-07 00:43:00,620.9,1513.31,923.93,30.36,2596.01,10049.01,1.826
2026-01-07 00:44:00,629.89,1519.01,925.92,30.92,2593.82,10072.28,1.964
2026-01-07 00:45:00,624.03,1513.59,929.79,30.35,2586.45,10028.19,1.93
2026-01-07 00:46:00,621.01,1509.34,917.51,29.85,2598.42,9975.74,1.896
2026-01-07 00:47:00,620.76,1516.45,924.89,30.68,2596.39,10041.58,1.962
2026-01-07 00:48:00,624.14,1514.02,929.48,30.99,2591.06,10055.37,2.078
2026-01-07 00:49:00,627.96,1521.07,927.5,29.84,2589.26,10026.12,1.841
2026-01-07 00:50:00,628.64,1501.82,927.75,29.84,2589.75,10002.84,1.904
2026-01-07 00:51:00,620.71,1519.19,926.94,30.41,2577.92,10032.5,1.958
2026-01-07 00:52:00,623.01,1508.87,921.61,30.49,2583.37,10027.8,1.924
2026-01-07 00:53:00,618.15,1516.37,929.17,30.91,2593.72,10028.97,1.886
2026-01-07 00:54:00,626.82,1505.75,926.31,30.54,2578.51,10058.7,1.858
2026-01-07 00:55:00,621.47,1517.93,926.49,30.66,2585.37,10063.28,1.908
2026-01-07 00:56:00,626.52,1523.58,931.06,30.64,2587.93,10056.15,2.022
2026-01-07 00:57:00,626.43,1510.84,922.94,30.32,2613.61,10038.31,2.078
2026-01-07 00:58:00,624.97,1520.31,932.05,30.53,2596.47,10056.27,1.779
2026-01-07 00:59:00,619.37,1514.23,924.92,30.09,2597.9,10006.02,1.877
2026-01-07 01:00:00,625.01,1513.49,928.64,30.06,2581.92,9986.35,1.717
2026-01-07 01:01:00,623.84,1505.11,927.58,30.18,2592.23,10011.31,1.822
2026-01-07 01:02:00,621.37,1520.12,926.29,30.3,2576.32,10038.93,1.923
2026-01-07 01:03:00,626.63,1527.66,928.35,31.17,2589.79,10091.09,1.855
2026-01-07 01:04:00,621.14,1518.9,923.51,30.18,2594.24,10033.52,1.863
2026-01-07 01:05:00,626.19,1509.75,925.3,30.78,2579.11,10040.04,1.856
2026-01-07 01:06:00,624.35,1511.45,923.99,30.96,2593.78,10044.91,1.924
2026-01-07 01:07:00,629.25,1519.17,927.58,30.04,2593.98,10033.02,1.865
2026-01-07 01:08:00,621.38,1517.35,922.47,30.19,2584.48,10010.57,1.973
2026-01-07 01:09:00,624.23,1518.41,923.29,30.27,2583.58,10035.19,1.895
2026-01-07 01:10:00,622.31,1508.8,928.61,30.35,2584.16,10025.44,1.822
2026-01-07 01:11:00,624.35,1514.74,922.26,30.47,2587.56,10037.08,1.776
2026-01-07 01:12:00,625.32,1518.54,925.91,30.6,2589.09,10070.4,1.862
2026-01-07 01:13:00,619.32,1513.8,925.7,31.03,2595.08,10054.45,1.901
2026-01-07 01:14:00,625.29,1516.39,930.22,30.41,2585.94,10033.98,1.939
2026-01-07 01:15:00,627.14,1522.14,927.72,31.2,2605.55,10098.77,2.014
2026-01-07 01:16:00,621.88,1517.43,925.68,30.76,2603.79,10054.99,1.99
2026-01-07 01:17:00,626.17,1521.07,931.93,30.91,2594.07,10084.74,1.989
2026-01-07 01:18:00,624.53,1526.11,932.7,31.19,2589.74,10092.67,2.028
2026-01-07 01:19:00,620.57,1513.89,927.9,30.42,2587.19,10065.99,1.9
2026-01-07 01:20:00,625.22,1510.76,926.05,29.83,2592.65,10031.67,1.882
2026-01-07 01:21:00,630.55,1522.76,936.18,31.66,2598.34,10141.77,1.948
2026-01-07 01:22:00,622.56,1521.18,925.31,30.82,2590.07,10071.67,1.868
2026-01-07 01:23:00,631.1,1524.69,925.64,30.54,2588.6,10073.32,2.043
2026-01-07 01:24:00,624.2,1523.92,928.05,30.81,2594.43,10069.87,1.916
2026-01-07 01:25:00,628.42,1521.19,928.97,30.83,2592.26,10072.37,1.842
2026-01-07 01:26:00,627.73,1523.24,935.21,30.85,2586.85,10065.26,1.858
2026-01-07 01:27:00,621.27,1514.33,930.14,30.86,2591.85,10052.97,2.084
2026-01-07 01:28:00,627.02,1524.96,929.19,31.56,2587.34,10084.71,1.964
2026-01-07 01:29:00,623.18,1516.51,928.62,30.12,2582.93,10001.32,1.909
2026-01-07 01:30:00,625.25,1515.37,936.71,30.92,2592.26,10087.68,1.904
2026-01-07 01:31:00,629.02,1523.93,925.17,31.21,2587.33,10078.13,1.76
2026-01-07 01:32:00,627.86,1517.38,927.66,31.49,2586.34,10085.32,1.843
2026-01-07 01:33:00,627.42,1516.68,927.97,30.38,2599.19,10049.67,1.861
2026-01-07 01:34:00,624.96,1520.66,929.75,30.77,2588.76,10077.44,1.888
2026-01-07 01:35:00,625.38,1514.41,928.88,30.33,2605.65,10051.92,1.914
2026-01-07 01:36:00,627.31,1532.23,927.87,31.21,2597.84,10101.2,2.026
2026-01-07 01:37:00,629.86,1525.1,933.2,31.54,2586.52,10107.97,1.967
2026-01-07 01:38:00,622.76,1520.91,930.76,31.26,2600.78,10067.2,1.962
2026-01-07 01:39:00,621.19,1516.56,927.08,31.63,2587.26,10105.51,2.036
2026-01-07 01:40:00,630.37,1519.91,930.99,31.21,2607.93,10083.64,2.059
2026-01-07 01:41:00,626.27,1520.35,927.83,31.1,2593.87,10081.52,1.867
2026-01-07 01:42:00,625.18,1519.13,922.04,30.89,2595.56,10059.91,1.955
2026-01-07 01:43:00,622.47,1511.8,929.88,30.71,2590.9,10045.31,1.945
2026-01-07 01:44:00,624.56,1523.01,929.54,30.9,2592.71,10043.65,1.928
2026-01-07 01:45:00,626.67,1513.66,922.53,30.51,2588.57,10038.81,1.871
2026-01-07 01:46:00,629.86,1528.12,935.85,31.89,2586.77,10136.06,1.913
2026-01-07 01:47:00,632.74,1519.97,937.24,31.36,2595.87,10109.63,1.953
2026-01-07 01:48:00,628.83,1517.69,930.39,31.26,2600.67,10092.2,1.969
2026-01-07 01:49:00,621.31,1504.67,921.24,29.87,2579.18,9995.2,1.951
2026-01-07 01:50:00,624.76,1516.1,925.36,30.1,2602.39,10030.34,1.884
2026-01-07 01:51:00,631.01,1524.5,924.52,31.22,2596.64,10075.55,1.841
2026-01-07 01:52:00,630.76,1528.2,934.38,32.16,2590.57,10133.06,1.908
2026-01-07 01:53:00,627.34,1513.24,927.79,31.25,2588.92,10094.37,1.856
2026-01-07 01:54:00,631.96,1523.41,934.79,31.3,2607.34,10091.06,1.941
2026-01-07 01:55:00,620.33,1522.15,927.76,31.68,2600.65,10109.37,1.855
2026-01-07 01:56:00,628.91,1523.51,933.48,31.08,2601.26,10083.56,1.879
2026-01-07 01:57:00,632.55,1530.0,931.01,31.47,2591.02,10106.33,2.091
2026-01-07 01:58:00,624.66,1515.01,929.69,31.2,2596.98,10093.77,1.937
2026-01-07 01:59:00,628.66,1518.66,925.14,31.03,2595.08,10087.4,1.952
2026-01-07 02:00:00,629.66,1528.05,930.86,31.94,2592.73,10134.59,1.885
2026-01-07 02:01:00,623.16,1525.84,933.46,31.21,2592.92,10081.07,1.936
2026-01-07 02:02:00,631.2,1525.01,936.69,31.92,2602.67,10125.94,1.848
2026-01-07 02:03:00,626.23,1522.87,927.67,30.81,2604.06,10060.98,1.933
2026-01-07 02:04:00,629.67,1525.02,935.86,31.24,2591.37,10115.43,1.871
2026-01-07 02:05:00,629.6,1525.51,934.21,31.61,2582.25,10099.47,2.062
2026-01-07 02:06:00,625.93,1524.16,929.09,31.06,2605.66,10093.16,2.106
2026-01-07 02:07:00,629.77,1522.9,933.04,31.35,2606.6,10114.67,1.919
2026-01-07 02:08:00,624.52,1531.62,930.39,30.87,2595.03,10075.61,1.81
2026-01-07 02:09:00,631.49,1522.66,932.58,30.82,2606.88,10093.76,1.915
2026-01-07 02:10:00,629.86,1520.74,930.26,30.93,2594.39,10073.97,1.802
2026-01-07 02:11:00,633.29,1522.22,927.38,31.99,2586.95,10137.08,1.964
2026-01-07 02:12:00,628.67,1527.53,931.78,31.02,2581.67,10084.31,1.872
2026-01-07 02:13:00,624.3,1516.6,928.0,31.42,2581.47,10081.07,2.032
2026-01-07 02:14:00,623.3,1518.06,927.16,31.33,2591.89,10076.26,1.77
2026-01-07 02:15:00,623.12,1514.72,923.19,30.93,2587.22,10053.09,1.811
2026-01-07 02:16:00,628.67,1528.78,936.34,31.08,2588.81,10117.18,2.043
2026-01-07 02:17:00,624.43,1524.24,929.63,31.26,2590.67,10067.84,1.881
2026-01-07 02:18:00,629.47,1531.38,926.7,31.53,2600.37,10118.64,2.097
2026-01-07 02:19:00,626.41,1525.18,936.55,31.81,2588.57,10104.29,1.965
2026-01-07 02:20:00,626.58,1522.58,933.37,31.14,2586.93,10096.78,1.974
2026-01-07 02:21:00,628.08,1524.36,936.02,31.52,2589.57,10116.48,1.999
2026-01-07 02:22:00,626.67,1526.09,931.81,31.17,2599.6,10086.0,1.978
2026-01-07 02:23:00,622.92,1516.19,926.42,30.3,2589.9,10040.43,1.889
2026-01-07 02:24:00,629.34,1526.57,934.96,31.06,2595.38,10109.24,1.955
2026-01-07 02:25:00,626.99,1523.95,934.78,31.01,2605.99,10120.2,2.076
2026-01-07 02:26:00,628.3,1532.69,935.8,32.92,2617.94,10162.23,1.959
2026-01-07 02:27:00,630.99,1528.29,934.46,31.52,2599.61,10144.06,2.014
2026-01-07 02:28:00,623.45,1520.31,922.04,30.52,2595.95,10070.29,1.9
2026-01-07 02:29:00,631.41,1530.4,934.76,31.28,2582.73,10085.4,1.998
2026-01-07 02:30:00,624.3,1519.35,932.24,30.54,2594.46,10067.53,2.033
2026-01-07 02:31:00,631.46,1528.63,938.49,31.99,2596.3,10177.82,1.992
2026-01-07 02:32:00,631.66,1531.71,938.62,31.17,2601.51,10140.94,1.92
2026-01-07 02:33:00,626.29,1531.49,931.02,31.58,2590.14,10112.77,1.912
2026-01-07 02:34:00,627.06,1524.21,932.42,31.1,2594.49,10102.68,2.036
2026-01-07 02:35:00,629.71,1526.62,934.76,31.82,2598.54,10123.58,2.002
2026-01-07 02:36:00,633.0,1528.24,930.0,31.75,2609.2,10131.68,1.984
2026-01-07 02:37:00,635.58,1529.65,934.03,32.1,2607.42,10154.88,1.997
2026-01-07 02:38:00,634.49,1534.89,934.84,31.51,2603.72,10120.89,1.923
2026-01-07 02:39:00,631.71,1520.22,935.76,31.19,2598.37,10094.21,2.024
2026-01-07 02:40:00,627.37,1523.41,936.69,31.43,2590.23,10123.28,1.996
2026-01-07 02:41:00,628.4,1531.58,933.41,31.78,2600.44,10147.55,2.148
2026-01-07 02:42:00,632.4,1523.89,936.02,31.24,2587.11,10113.05,1.97
2026-01-07 02:43:00,632.51,1522.29,933.77,31.74,2591.19,10101.63,1.983
2026-01-07 02:44:00,633.26,1534.59,931.28,31.82,2608.66,10142.67,1.964
2026-01-07 02:45:00,634.23,1534.49,938.03,32.05,2600.73,10193.74,1.999
2026-01-07 02:46:00,627.08,1529.05,934.59,31.69,2595.44,10121.64,1.975
2026-01-07 02:47:00,633.31,1529.91,934.97,31.65,2597.09,10137.65,2.091
2026-01-07 02:48:00,628.28,1524.56,931.25,31.39,2592.21,10104.69,1.928
2026-01-07 02:49:00,626.36,1523.3,932.31,31.71,2576.8,10132.57,1.952
2026-01-07 02:50:00,630.72,1530.76,939.19,31.73,2582.72,10101.56,1.848
2026-01-07 02:51:00,631.39,1535.05,935.61,32.3,2600.74,10177.73,2.233
2026-01-07 02:52:00,627.16,1542.15,935.35,32.23,2587.4,10151.0,1.961
2026-01-07 02:53:00,632.83,1534.46,927.9,32.1,2593.6,10143.22,1.887
2026-01-07 02:54:00,628.19,1540.82,942.17,31.75,2585.11,10155.3,2.027
2026-01-07 02:55:00,630.19,1523.24,935.8,31.46,2587.26,10106.07,1.986
2026-01-07 02:56:00,628.59,1528.16,939.46,31.61,2594.09,10134.55,2.056
2026-01-07 02:57:00,631.77,1527.37,928.61,31.15,2600.51,10108.67,1.984
2026-01-07 02:58:00,630.79,1528.01,937.87,31.39,2602.8,10126.52,1.845
2026-01-07 02:59:00,630.13,1523.67,928.24,31.48,2586.72,10095.34,1.896
2026-01-07 03:00:00,628.58,1533.07,940.99,32.65,2597.11,10148.41,2.092
2026-01-07 03:01:00,626.54,1528.0,928.44,31.74,2583.1,10144.4,2.077
2026-01-07 03:02:00,628.73,1524.81,937.32,31.86,2594.59,10134.95,2.028
2026-01-07 03:03:00,631.5,1528.38,934.75,31.94,2601.9,10138.48,2.115
2026-01-07 03:04:00,631.66,1530.82,938.63,31.89,2594.21,10150.64,1.99
2026-01-07 03:05:00,631.17,1521.84,934.16,31.75,2603.48,10104.59,2.058
2026-01-07 03:06:00,631.98,1530.05,936.84,32.38,2600.9,10136.74,1.961
2026-01-07 03:07:00,628.87,1527.28,943.91,31.71,2596.22,10138.8,2.136
2026-01-07 03:08:00,628.48,1526.2,936.73,31.49,2589.99,10079.61,1.902
2026-01-07 03:09:00,631.98,1534.99,938.44,32.01,2590.81,10159.44,1.924
2026-01-07 03:10:00,630.76,1526.44,932.2,30.88,2580.51,10084.53,1.851
2026-01-07 03:11:00,627.95,1526.4,939.51,31.92,2584.18,10145.34,2.115
2026-01-07 03:12:00,626.87,1522.0,937.48,31.66,2601.04,10107.82,2.089
2026-01-07 03:13:00,633.97,1541.13,938.92,32.45,2608.14,10183.7,1.966
2026-01-07 03:14:00,632.15,1525.28,933.13,31.78,2584.88,10119.39,1.925
2026-01-07 03:15:00,627.32,1526.54,929.04,31.54,2593.76,10111.19,1.78
2026-01-07 03:16:00,632.38,1526.55,936.84,32.15,2581.53,10134.75,1.895
2026-01-07 03:17:00,630.08,1528.01,935.41,31.95,2586.34,10135.44,1.973
2026-01-07 03:18:00,628.07,1529.86,935.34,31.92,2595.43,10114.73,1.953
2026-01-07 03:19:00,634.55,1533.41,942.34,31.52,2589.78,10129.66,1.821
2026-01-07 03:20:00,627.7,1522.39,935.13,31.54,2578.17,10118.57,1.861
2026-01-07 03:21:00,627.98,1529.4,936.74,32.02,2608.49,10150.49,2.157
2026-01-07 03:22:00,628.65,1530.21,933.96,31.7,2594.03,10142.3,2.093
2026-01-07 03:23:00,631.52,1542.62,936.5,32.09,2586.81,10173.76,2.043
2026-01-07 03:24:00,631.43,1536.43,941.1,32.56,2597.02,10182.87,2.054
2026-01-07 03:25:00,632.28,1538.2,940.22,32.39,2594.66,10165.08,2.024
2026-01-07 03:26:00,630.92,1530.35,937.87,31.89,2597.66,10138.65,1.988
2026-01-07 03:27:00,627.66,1518.36,927.86,31.61,2590.09,10100.7,1.964
2026-01-07 03:28:00,629.31,1534.79,934.09,31.6,2596.84,10139.78,1.874
2026-01-07 03:29:00,632.59,1531.45,937.92,32.12,2602.85,10164.89,2.003
2026-01-07 03:30:00,632.34,1540.44,941.13,31.99,2584.94,10169.67,1.866
2026-01-07 03:31:00,630.09,1528.39,937.33,32.29,2589.86,10167.47,2.009
2026-01-07 03:32:00,627.78,1523.88,938.33,31.53,2599.71,10105.48,2.001
2026-01-07 03:33:00,632.64,1526.17,932.18,32.1,2589.59,10131.53,1.946
2026-01-07 03:34:00,638.01,1541.97,937.68,32.31,2595.73,10192.82,2.071
2026-01-07 03:35:00,628.16,1522.31,932.68,31.42,2588.99,10099.32,1.953
2026-01-07 03:36:00,627.66,1529.92,932.31,31.49,2588.92,10084.85,1.984
2026-01-07 03:37:00,632.82,1533.23,936.15,31.86,2591.04,10156.7,2.044
2026-01-07 03:38:00,630.93,1530.3,935.84,31.62,2584.4,10143.53,1.935
2026-01-07 03:39:00,631.21,1525.83,934.34,31.37,2597.59,10129.37,1.876
2026-01-07 03:40:00,633.13,1547.73,936.2,32.79,2604.97,10195.01,1.945
2026-01-07 03:41:00,630.99,1527.76,935.9,32.13,2594.15,10171.6,1.957
2026-01-07 03:42:00,637.07,1533.23,938.02,31.91,2601.67,10133.31,2.058
2026-01-07 03:43:00,626.44,1528.38,933.41,31.45,2589.32,10112.23,2.032
2026-01-07 03:44:00,637.39,1537.6,938.82,33.25,2592.56,10207.56,2.028
2026-01-07 03:45:00,635.37,1534.45,935.69,32.2,2597.99,10149.5,1.986
2026-01-07 03:46:00,633.46,1534.52,936.26,32.51,2600.12,10200.87,1.953
2026-01-07 03:47:00,634.37,1532.21,944.21,32.37,2595.04,10181.35,1.938
2026-01-07 03:48:00,626.71,1526.62,938.45,32.37,2600.58,10161.39,2.054
2026-01-07 03:49:00,631.01,1531.6,943.22,31.55,2583.87,10135.8,1.962
2026-01-07 03:50:00,637.21,1536.46,940.5,33.08,2594.48,10206.26,2.038
2026-01-07 03:51:00,634.67,1535.52,939.23,32.94,2605.23,10221.61,2.134
2026-01-07 03:52:00,628.82,1527.68,930.39,31.7,2600.95,10112.19,2.009
2026-01-07 03:53:00,637.22,1539.94,939.72,32.34,2602.48,10177.55,2.018
2026-01-07 03:54:00,633.82,1527.44,935.57,31.75,2602.52,10140.44,2.096
2026-01-07 03:55:00,632.02,1531.05,932.07,31.79,2591.6,10146.35,1.964
2026-01-07 03:56:00,630.46,1536.86,941.81,32.88,2582.3,10181.39,1.963
2026-01-07 03:57:00,623.66,1533.74,934.45,31.52,2591.44,10118.79,1.879
2026-01-07 03:58:00,632.24,1530.98,937.1,32.88,2600.07,10156.62,2.112
2026-01-07 03:59:00,630.78,1537.07,936.29,31.98,2600.9,10144.49,1.954
2026-01-07 04:00:00,633.21,1534.42,937.56,31.85,2590.66,10153.73,2.015
2026-01-07 04:01:00,632.38,1526.27,932.06,31.9,2587.79,10170.75,2.18
2026-01-07 04:02:00,630.6,1531.48,931.81,32.24,2587.55,10144.11,1.941
2026-01-07 04:03:00,635.0,1540.13,946.53,32.61,2592.19,10196.78,2.065
2026-01-07 04:04:00,630.34,1540.1,938.52,32.71,2580.94,10185.85,2.054
2026-01-07 04:05:00,630.74,1545.94,942.8,33.58,2593.29,10221.67,2.085
2026-01-07 04:06:00,629.84,1529.9,939.69,32.18,2595.11,10150.17,2.084
2026-01-07 04:07:00,628.67,1535.99,935.36,32.09,2593.92,10149.52,2.04
2026-01-07 04:08:00,635.26,1540.71,938.39,32.72,2593.2,10178.79,2.053
2026-01-07 04:09:00,627.35,1529.56,932.4,32.33,2589.53,10158.39,2.153
2026-01-07 04:10:00,630.95,1539.76,934.39,32.08,2591.23,10177.97,1.919
2026-01-07 04:11:00,638.52,1535.56,937.36,32.73,2591.36,10177.71,1.942
2026-01-07 04:12:00,630.21,1530.17,932.87,31.83,2599.86,10136.96,1.993
2026-01-07 04:13:00,633.85,1537.26,935.61,32.79,2595.84,10178.82,2.08
2026-01-07 04:14:00,633.58,1539.17,941.99,32.47,2620.98,10173.67,2.03
2026-01-07 04:15:00,635.27,1545.09,945.2,32.99,2594.0,10199.75,2.006
2026-01-07 04:16:00,632.8,1544.83,937.17,32.31,2599.23,10175.77,2.137
2026-01-07 04:17:00,634.43,1543.62,935.78,32.24,2593.96,10194.21,2.119
2026-01-07 04:18:00,631.11,1527.94,938.03,32.17,2592.07,10150.69,1.963
2026-01-07 04:19:00,627.48,1537.73,940.77,32.33,2607.43,10155.4,2.147
2026-01-07 04:20:00,639.23,1545.69,938.81,32.86,2605.5,10221.85,2.048
2026-01-07 04:21:00,627.93,1533.85,930.92,31.62,2579.71,10124.87,1.965
2026-01-07 04:22:00,634.33,1528.67,927.98,31.25,2585.95,10134.65,1.874
2026-01-07 04:23:00,631.83,1537.51,940.28,32.37,2594.76,10178.93,2.06
2026-01-07 04:24:00,632.17,1545.46,938.87,32.73,2593.51,10225.18,2.239
2026-01-07 04:25:00,637.99,1544.29,941.38,32.38,2583.33,10167.3,2.178
2026-01-07 04:26:00,630.85,1540.17,942.73,32.83,2597.72,10203.22,2.034
2026-01-07 04:27:00,623.82,1523.01,938.48,31.5,2578.2,10111.57,1.931
2026-01-07 04:28:00,628.44,1536.18,940.61,32.63,2596.54,10170.6,2.033
2026-01-07 04:29:00,629.39,1527.84,929.58,31.96,2600.22,10141.29,2.117
2026-01-07 04:30:00,630.93,1534.55,939.36,32.83,2603.88,10206.03,2.082
2026-01-07 04:31:00,628.93,1529.42,938.53,32.18,2593.81,10156.29,2.081
2026-01-07 04:32:00,625.74,1532.91,931.63,31.81,2606.63,10145.4,2.062
2026-01-07 04:33:00,636.61,1542.13,938.57,32.99,2599.43,10202.9,2.154
2026-01-07 04:34:00,635.89,1538.11,941.15,32.78,2604.3,10222.16,2.151
2026-01-07 04:35:00,629.63,1533.66,938.14,32.15,2588.91,10151.98,1.962
2026-01-07 04:36:00,628.26,1537.86,940.81,32.7,2607.97,10177.57,2.05
2026-01-07 04:37:00,631.76,1545.18,937.84,31.95,2595.23,10163.71,1.989
2026-01-07 04:38:00,634.38,1540.72,935.44,32.15,2608.67,10184.29,2.119
2026-01-07 04:39:00,633.98,1534.28,937.7,31.41,2604.61,10124.94,2.029
2026-01-07 04:40:00,633.54,1540.54,939.49,32.62,2597.21,10160.99,2.067
2026-01-07 04:41:00,632.98,1537.38,946.5,32.17,2598.85,10172.68,2.062
2026-01-07 04:42:00,633.28,1542.83,937.47,31.99,2594.06,10170.09,1.909
2026-01-07 04:43:00,634.52,1533.63,939.37,32.61,2589.59,10186.57,2.092
2026-01-07 04:44:00,633.47,1533.87,932.34,31.07,2598.74,10130.97,1.892
2026-01-07 04:45:00,634.08,1530.98,941.53,32.01,2599.73,10166.77,1.947
2026-01-07 04:46:00,632.35,1529.99,938.32,32.71,2582.75,10175.17,2.126
2026-01-07 04:47:00,634.44,1526.99,939.48,31.98,2594.63,10164.78,1.995
2026-01-07 04:48:00,636.56,1543.01,936.2,31.83,2601.33,10141.26,1.893
2026-01-07 04:49:00,631.46,1533.4,931.98,32.08,2606.42,10149.37,1.961
2026-01-07 04:50:00,635.09,1534.7,944.83,32.73,2602.36,10197.12,2.117
2026-01-07 04:51:00,629.09,1541.08,938.65,31.72,2582.11,10137.77,1.962
2026-01-07 04:52:00,631.91,1529.91,939.74,32.13,2586.23,10148.63,2.099
2026-01-07 04:53:00,630.54,1537.71,941.06,32.89,2593.41,10187.47,2.121
2026-01-07 04:54:00,639.73,1539.91,942.99,33.11,2609.76,10248.85,2.191
2026-01-07 04:55:00,637.46,1544.1,943.32,32.56,2591.76,10198.77,2.112
2026-01-07 04:56:00,635.02,1530.61,932.86,31.57,2601.99,10119.2,1.881
2026-01-07 04:57:00,634.38,1539.17,940.94,32.98,2591.98,10207.56,2.047
2026-01-07 04:58:00,640.97,1536.84,945.61,32.9,2601.48,10214.18,2.11
2026-01-07 04:59:00,632.14,1529.74,942.77,31.98,2587.21,10150.14,1.948
2026-01-07 05:00:00,628.92,1523.44,934.72,31.33,2592.32,10127.99,2.032
2026-01-07 05:01:00,636.58,1529.82,929.23,32.57,2588.04,10211.02,2.157
2026-01-07 05:02:00,632.93,1544.38,942.86,32.49,2607.47,10181.04,1.952
2026-01-07 05:03:00,636.37,1547.73,947.1,32.72,2591.52,10210.6,1.927
2026-01-07 05:04:00,631.73,1531.21,936.54,32.37,2583.61,10182.45,2.051
2026-01-07 05:05:00,637.64,1535.62,940.23,32.89,2584.23,10214.66,2.271
2026-01-07 05:06:00,628.73,1530.29,937.39,32.45,2593.61,10139.02,1.997
2026-01-07 05:07:00,631.67,1536.56,937.56,32.32,2592.28,10181.49,1.941
2026-01-07 05:08:00,632.0,1531.81,937.45,32.9,2601.45,10189.6,2.095
2026-01-07 05:09:00,634.91,1541.6,936.99,33.55,2596.25,10237.61,2.126
2026-01-07 05:10:00,636.09,1531.37,937.4,33.14,2606.68,10217.61,2.125
2026-01-07 05:11:00,638.54,1541.11,944.11,32.19,2592.74,10178.36,2.215
2026-01-07 05:12:00,626.03,1531.72,932.85,31.9,2602.5,10138.92,1.905
2026-01-07 05:13:00,637.11,1546.15,946.75,33.09,2590.43,10235.52,2.158
2026-01-07 05:14:00,633.42,1540.52,946.66,32.84,2583.6,10173.21,2.033
2026-01-07 05:15:00,630.46,1531.58,932.77,32.11,2588.12,10149.73,2.046
2026-01-07 05:16:00,627.53,1537.55,932.98,31.22,2583.56,10095.23,1.907
2026-01-07 05:17:00,635.66,1538.43,944.01,32.97,2586.25,10187.37,1.937
2026-01-07 05:18:00,632.5,1531.0,943.82,32.5,2599.66,10191.88,2.186
2026-01-07 05:19:00,631.05,1536.45,937.33,32.19,2592.72,10152.76,2.159
2026-01-07 05:20:00,634.92,1541.11,937.25,32.5,2596.73,10172.59,2.19
2026-01-07 05:21:00,636.03,1543.41,939.32,32.51,2600.11,10179.91,1.983
2026-01-07 05:22:00,637.24,1536.5,939.85,32.01,2581.3,10151.61,2.002
2026-01-07 05:23:00,629.73,1529.04,934.68,32.32,2599.55,10156.85,2.117
2026-01-07 05:24:00,638.77,1540.03,947.53,32.89,2587.99,10224.85,2.075
2026-01-07 05:25:00,637.16,1538.12,939.87,32.78,2591.48,10185.26,1.992
2026-01-07 05:26:00,633.53,1530.56,940.39,32.31,2580.62,10176.53,2.072
2026-01-07 05:27:00,637.6,1535.02,941.4,32.84,2601.36,10185.9,1.949
2026-01-07 05:28:00,632.91,1545.92,940.6,32.82,2582.77,10190.02,1.906
2026-01-07 05:29:00,632.36,1531.44,936.63,32.28,2585.48,10159.16,2.21
2026-01-07 05:30:00,635.22,1539.69,940.44,32.58,2587.37,10192.98,2.031
2026-01-07 05:31:00,628.67,1535.08,934.28,32.18,2593.39,10142.25,2.071
2026-01-07 05:32:00,636.97,1536.28,942.0,32.62,2594.77,10184.03,2.024
2026-01-07 05:33:00,631.69,1532.04,936.88,31.46,2601.92,10168.01,2.049
2026-01-07 05:34:00,633.14,1538.9,936.64,32.14,2594.81,10173.83,2.04
2026-01-07 05:35:00,640.7,1545.08,940.2,33.25,2605.82,10236.61,1.979
2026-01-07 05:36:00,634.6,1542.8,945.85,32.45,2598.79,10176.65,1.991
2026-01-07 05:37:00,634.42,1548.43,942.92,32.88,2589.1,10199.98,2.12
2026-01-07 05:38:00,630.72,1526.96,931.09,32.32,2589.16,10144.27,2.034
2026-01-07 05:39:00,630.46,1535.2,940.29,32.31,2607.22,10160.69,2.022
2026-01-07 05:40:00,633.82,1539.18,939.11,32.04,2606.09,10189.86,1.889
2026-01-07 05:41:00,633.95,1536.9,937.63,32.76,2603.29,10200.7,2.104
2026-01-07 05:42:00,630.59,1528.23,933.0,32.39,2602.56,10154.89,1.981
2026-01-07 05:43:00,637.81,1544.55,941.96,32.23,2598.98,10163.81,1.977
2026-01-07 05:44:00,636.96,1539.99,940.33,33.02,2600.11,10219.49,2.015
2026-01-07 05:45:00,634.73,1553.05,942.64,33.05,2598.4,10234.45,2.104
2026-01-07 05:46:00,632.85,1534.09,939.38,32.57,2609.23,10173.51,2.027
2026-01-07 05:47:00,633.72,1535.67,937.86,31.64,2590.18,10128.9,1.961
2026-01-07 05:48:00,628.03,1541.46,944.73,32.41,2597.36,10168.32,2.139
2026-01-07 05:49:00,631.61,1533.71,936.79,32.13,2581.08,10150.51,2.017
2026-01-07 05:50:00,632.03,1542.84,940.35,32.73,2585.28,10201.52,1.947
2026-01-07 05:51:00,635.54,1531.4,934.35,31.45,2607.27,10099.23,1.915
2026-01-07 05:52:00,635.22,1534.3,941.14,32.06,2599.65,10149.73,2.03
2026-01-07 05:53:00,635.24,1550.4,946.45,33.79,2597.14,10255.87,2.173
2026-01-07 05:54:00,633.98,1535.06,937.05,32.7,2596.82,10187.83,1.971
2026-01-07 05:55:00,633.53,1539.63,949.28,33.12,2586.24,10211.32,1.994
2026-01-07 05:56:00,636.25,1529.97,932.89,31.78,2591.18,10146.92,2.05
2026-01-07 05:57:00,625.61,1533.06,939.19,31.62,2582.51,10135.96,2.006
2026-01-07 05:58:00,637.33,1545.09,945.46,32.95,2594.96,10216.74,2.109
2026-01-07 05:59:00,634.07,1536.15,936.07,32.76,2601.75,10190.68,1.999
2026-01-07 06:00:00,631.68,1538.25,941.09,32.65,2599.77,10186.44,2.116
2026-01-07 06:01:00,631.55,1529.56,932.36,31.81,2607.39,10148.81,2.074
2026-01-07 06:02:00,630.2,1543.37,937.79,32.85,2598.89,10196.56,2.109
2026-01-07 06:03:00,636.05,1536.71,937.34,32.03,2575.37,10162.29,1.989
2026-01-07 06:04:00,636.16,1541.47,943.1,33.16,2613.1,10221.35,2.046
2026-01-07 06:05:00,641.0,1547.97,949.8,33.64,2592.39,10263.03,2.113
2026-01-07 06:06:00,633.69,1537.51,939.05,32.59,2597.81,10196.04,1.917
2026-01-07 06:07:00,636.36,1532.17,939.76,32.14,2596.28,10169.22,1.999
2026-01-07 06:08:00,629.86,1524.34,937.27,32.03,2596.59,10148.42,2.081
2026-01-07 06:09:00,633.9,1528.17,936.19,31.8,2594.42,10132.39,1.929
2026-01-07 06:10:00,638.14,1548.05,943.47,32.39,2597.04,10196.18,2.203
2026-01-07 06:11:00,632.24,1538.54,933.43,32.45,2584.95,10170.59,1.931
2026-01-07 06:12:00,635.94,1531.42,934.4,32.56,2616.14,10168.6,1.954
2026-01-07 06:13:00,645.65,1543.6,938.99,32.73,2601.35,10186.49,1.992
2026-01-07 06:14:00,633.76,1539.09,947.5,33.27,2598.47,10235.75,2.143
2026-01-07 06:15:00,633.43,1540.59,943.81,32.31,2610.62,10179.91,2.013
2026-01-07 06:16:00,630.15,1537.07,942.92,32.16,2586.46,10158.18,1.922
2026-01-07 06:17:00,635.22,1536.5,941.33,32.91,2604.3,10217.55,2.121
2026-01-07 06:18:00,633.56,1537.65,940.25,32.01,2590.19,10147.55,2.03
2026-01-07 06:19:00,637.94,1541.49,937.56,32.54,2598.78,10171.66,1.971
2026-01-07 06:20:00,634.12,1532.32,939.84,32.24,2598.83,10168.23,2.168
2026-01-07 06:21:00,636.75,1543.5,934.37,32.17,2577.79,10195.15,2.115
2026-01-07 06:22:00,632.47,1543.21,945.37,33.29,2586.31,10228.13,2.135
2026-01-07 06:23:00,635.17,1545.63,942.42,32.93,2609.72,10209.36,2.023
2026-01-07 06:24:00,633.82,1546.1,940.72,32.93,2595.19,10213.84,1.993
2026-01-07 06:25:00,633.7,1529.65,940.42,32.14,2611.94,10180.97,2.158
2026-01-07 06:26:00,637.8,1537.88,944.87,32.39,2606.86,10192.51,1.983
2026-01-07 06:27:00,631.3,1537.34,935.07,31.77,2592.76,10144.87,2.049
2026-01-07 06:28:00,636.05,1543.48,947.82,32.54,2594.17,10199.27,2.135
2026-01-07 06:29:00,634.3,1542.7,943.16,32.56,2609.81,10198.88,1.948
2026-01-07 06:30:00,634.22,1539.89,944.77,31.86,2611.93,10159.97,2.005
2026-01-07 06:31:00,639.13,1544.8,943.24,33.62,2595.46,10227.92,2.012
2026-01-07 06:32:00,633.92,1543.74,947.49,33.2,2609.33,10209.11,2.1
2026-01-07 06:33:00,633.5,1542.35,944.57,33.29,2606.36,10237.39,2.034
2026-01-07 06:34:00,637.46,1535.03,940.79,32.89,2606.86,10214.67,2.006
2026-01-07 06:35:00,635.29,1546.19,940.56,33.47,2598.36,10222.72,1.979
2026-01-07 06:36:00,634.73,1531.16,936.84,32.53,2589.66,10158.1,2.015
2026-01-07 06:37:00,631.86,1548.77,945.31,32.35,2587.75,10187.71,1.914
2026-01-07 06:38:00,634.61,1538.94,938.0,32.12,2584.41,10153.05,2.135
2026-01-07 06:39:00,633.01,1536.62,938.97,32.35,2611.09,10177.68,2.023
2026-01-07 06:40:00,634.66,1544.57,939.71,32.65,2596.79,10201.05,2.128
2026-01-07 06:41:00,636.4,1545.16,938.67,32.75,2587.76,10206.48,2.061
2026-01-07 06:42:00,628.35,1533.48,937.91,32.08,2603.0,10156.6,2.043
2026-01-07 06:43:00,635.85,1530.34,935.99,32.44,2591.96,10177.51,1.935
2026-01-07 06:44:00,633.0,1537.67,942.96,32.57,2590.95,10186.81,2.091
2026-01-07 06:45:00,631.5,1535.9,942.0,32.96,2612.94,10192.92,1.959
2026-01-07 06:46:00,640.75,1540.71,946.76,32.63,2586.4,10209.63,2.18
2026-01-07 06:47:00,638.38,1549.03,945.68,33.88,2601.18,10267.67,2.089
2026-01-07 06:48:00,632.43,1543.87,940.65,32.7,2592.71,10219.84,2.136
2026-01-07 06:49:00,634.64,1539.89,933.81,32.47,2589.83,10178.7,1.941
2026-01-07 06:50:00,632.31,1530.94,935.31,32.67,2584.13,10178.78,2.099
2026-01-07 06:51:00,635.81,1531.24,939.08,32.37,2595.81,10165.75,1.892
2026-01-07 06:52:00,632.44,1530.27,937.97,31.76,2587.23,10137.03,1.871
2026-01-07 06:53:00,637.0,1544.49,939.68,32.67,2601.1,10192.45,2.136
2026-01-07 06:54:00,639.71,1543.28,938.89,32.98,2595.93,10190.63,2.127
2026-01-07 06:55:00,631.11,1531.36,939.47,32.47,2593.92,10193.78,2.018
2026-01-07 06:56:00,636.01,1539.36,943.22,33.03,2590.24,10213.53,2.045
2026-01-07 06:57:00,628.52,1532.47,942.05,32.45,2606.71,10163.84,2.014
2026-01-07 06:58:00,634.51,1544.33,940.21,32.41,2602.0,10185.71,2.07
2026-01-07 06:59:00,635.15,1541.71,939.51,33.12,2591.18,10199.16,2.139
2026-01-07 07:00:00,638.41,1540.03,944.9,33.23,2585.83,10200.98,2.035
2026-01-07 07:01:00,635.82,1541.91,939.47,33.22,2582.26,10218.0,1.954
2026-01-07 07:02:00,634.23,1531.62,939.43,33.09,2606.09,10208.24,2.063
2026-01-07 07:03:00,635.97,1540.29,938.81,32.68,2605.1,10229.84,2.033
2026-01-07 07:04:00,631.97,1539.83,937.4,31.9,2603.71,10165.92,2.132
2026-01-07 07:05:00,636.15,1539.31,945.75,32.55,2595.35,10190.99,2.022
2026-01-07 07:06:00,635.76,1539.85,942.14,32.89,2604.12,10225.73,2.183
2026-01-07 07:07:00,637.56,1544.42,937.72,32.87,2604.92,10200.94,2.059
2026-01-07 07:08:00,630.22,1526.42,934.74,31.54,2594.84,10167.4,1.977
2026-01-07 07:09:00,633.44,1535.16,938.34,32.56,2592.98,10178.77,2.134
2026-01-07 07:10:00,636.54,1537.07,942.2,32.96,2589.72,10222.26,2.022
2026-01-07 07:11:00,628.26,1525.08,933.15,31.56,2597.22,10126.6,1.99
2026-01-07 07:12:00,634.2,1537.53,942.87,32.63,2599.58,10159.85,1.994
2026-01-07 07:13:00,634.91,1539.65,943.55,32.48,2593.0,10189.36,1.986
2026-01-07 07:14:00,629.49,1535.28,937.72,31.88,2593.19,10170.05,2.057
2026-01-07 07:15:00,631.57,1535.12,939.19,32.25,2593.32,10158.6,1.973
2026-01-07 07:16:00,633.58,1532.19,936.62,32.09,2600.99,10148.31,1.944
2026-01-07 07:17:00,634.71,1535.48,938.41,32.32,2584.71,10175.26,2.023
2026-01-07 07:18:00,633.48,1531.46,938.85,32.79,2586.42,10163.98,1.977
2026-01-07 07:19:00,629.76,1525.66,940.89,31.98,2585.78,10143.43,1.973
2026-01-07 07:20:00,634.62,1534.04,939.12,32.59,2594.45,10173.44,2.024
2026-01-07 07:21:00,637.58,1533.05,938.71,32.49,2598.37,10178.83,2.088
2026-01-07 07:22:00,634.4,1537.54,937.44,32.56,2586.83,10166.83,1.991
2026-01-07 07:23:00,636.56,1541.69,945.37,33.07,2605.21,10232.75,1.991
2026-01-07 07:24:00,630.53,1527.6,939.32,32.01,2607.16,10168.81,2.071
2026-01-07 07:25:00,633.89,1537.52,939.68,32.96,2600.16,10204.82,2.017
2026-01-07 07:26:00,631.1,1538.63,937.01,32.29,2604.28,10164.75,2.054
2026-01-07 07:27:00,631.8,1535.6,938.06,32.65,2588.64,10181.76,2.131
2026-01-07 07:28:00,633.61,1524.32,933.39,31.27,2585.91,10106.77,1.967
2026-01-07 07:29:00,632.8,1528.0,931.33,32.06,2598.63,10144.68,1.937
2026-01-07 07:30:00,630.34,1529.83,941.16,31.48,2594.04,10140.3,1.985
2026-01-07 07:31:00,633.76,1536.35,944.28,32.12,2588.22,10166.47,1.966
2026-01-07 07:32:00,635.02,1538.12,941.86,32.77,2608.76,10217.87,2.013
2026-01-07 07:33:00,629.06,1522.48,936.71,32.07,2596.91,10144.84,1.976
2026-01-07 07:34:00,628.87,1533.59,937.14,31.63,2599.59,10130.82,1.895
2026-01-07 07:35:00,632.89,1536.72,937.53,31.7,2589.4,10151.72,1.927
2026-01-07 07:36:00,635.63,1532.55,938.74,32.23,2609.18,10176.07,2.091
2026-01-07 07:37:00,633.41,1535.25,941.92,32.69,2594.96,10188.17,2.06
2026-01-07 07:38:00,630.69,1540.06,935.01,32.04,2602.86,10149.64,2.035
2026-01-07 07:39:00,635.25,1543.5,944.17,31.8,2589.97,10147.59,2.066
2026-01-07 07:40:00,633.85,1539.91,938.77,32.94,2598.1,10202.15,1.916
2026-01-07 07:41:00,630.33,1538.64,942.4,32.82,2600.36,10180.3,2.015
2026-01-07 07:42:00,630.59,1533.88,934.78,32.45,2611.28,10165.37,2.146
2026-01-07 07:43:00,636.63,1539.96,933.26,31.84,2592.34,10179.19,2.175
2026-01-07 07:44:00,630.23,1528.14,939.81,31.87,2595.77,10135.26,1.942
2026-01-07 07:45:00,632.02,1537.21,940.2,32.45,2600.79,10184.37,1.973
2026-01-07 07:46:00,632.6,1533.25,935.79,31.9,2584.53,10178.92,1.874
2026-01-07 07:47:00,627.68,1531.76,937.71,31.33,2576.29,10123.2,1.951
2026-01-07 07:48:00,629.86,1542.28,938.01,32.22,2586.76,10150.06,2.056
2026-01-07 07:49:00,631.97,1536.41,943.88,32.42,2603.47,10175.91,2.107
2026-01-07 07:50:00,630.22,1534.14,935.62,32.57,2609.96,10188.79,1.943
2026-01-07 07:51:00,633.2,1542.56,938.55,32.5,2589.17,10196.99,2.04
2026-01-07 07:52:00,634.23,1534.73,942.1,32.54,2585.72,10168.87,1.985
2026-01-07 07:53:00,633.16,1536.02,936.61,31.89,2607.52,10163.28,1.936
2026-01-07 07:54:00,633.94,1535.67,938.13,32.06,2590.95,10169.4,1.979
2026-01-07 07:55:00,628.2,1526.52,937.26,31.68,2591.03,10131.53,2.059
2026-01-07 07:56:00,629.38,1527.03,938.86,31.44,2605.84,10135.73,2.034
2026-01-07 07:57:00,628.06,1512.05,931.25,31.03,2602.89,10093.81,1.985
2026-01-07 07:58:00,634.04,1530.4,937.61,32.15,2601.81,10140.08,2.107
2026-01-07 07:59:00,630.5,1540.36,934.29,31.53,2580.26,10130.25,1.982
2026-01-07 08:00:00,631.47,1525.14,937.86,32.48,2585.41,10169.52,2.017
2026-01-07 08:01:00,629.38,1521.04,930.62,31.93,2602.99,10132.15,2.027
2026-01-07 08:02:00,630.52,1539.26,940.51,31.8,2596.76,10136.98,1.917
2026-01-07 08:03:00,630.73,1532.65,941.39,32.04,2589.58,10177.73,2.103
2026-01-07 08:04:00,631.46,1529.11,932.07,31.93,2591.69,10142.91,2.052
2026-01-07 08:05:00,633.16,1536.06,937.35,31.76,2604.37,10169.64,2.058
2026-01-07 08:06:00,628.68,1525.81,939.15,31.93,2607.09,10153.83,1.957
2026-01-07 08:07:00,630.73,1538.51,939.98,31.96,2594.36,10141.82,2.056
2026-01-07 08:08:00,632.87,1536.2,939.07,32.46,2589.88,10166.84,2.163
2026-01-07 08:09:00,630.12,1535.45,939.36,32.75,2594.71,10206.38,2.107
2026-01-07 08:10:00,630.62,1538.41,938.17,32.36,2606.88,10186.39,2.0
2026-01-07 08:11:00,632.45,1525.78,934.81,31.9,2605.48,10154.3,2.156
2026-01-07 08:12:00,630.22,1532.56,940.13,32.12,2596.91,10166.3,2.061
2026-01-07 08:13:00,631.28,1532.44,941.38,32.15,2590.42,10148.28,2.147
2026-01-07 08:14:00,633.13,1525.09,936.45,31.71,2602.27,10121.23,1.906
2026-01-07 08:15:00,632.71,1541.28,934.13,32.02,2607.73,10150.61,1.957
2026-01-07 08:16:00,633.19,1532.95,935.07,32.67,2584.5,10186.11,2.11
2026-01-07 08:17:00,629.94,1537.21,935.62,32.04,2592.92,10151.54,1.802
2026-01-07 08:18:00,629.62,1527.81,934.37,31.62,2603.78,10145.24,2.158
2026-01-07 08:19:00,628.84,1522.49,934.11,31.32,2594.11,10119.1,2.085
2026-01-07 08:20:00,633.44,1523.15,943.49,32.51,2591.8,10175.28,1.981
2026-01-07 08:21:00,639.31,1535.94,940.22,32.08,2597.36,10179.79,2.139
2026-01-07 08:22:00,629.09,1519.99,929.45,31.18,2595.57,10095.56,1.966
2026-01-07 08:23:00,635.23,1535.17,940.34,31.64,2584.71,10124.47,1.97
2026-01-07 08:24:00,639.42,1532.3,935.79,32.45,2597.43,10200.92,1.985
2026-01-07 08:25:00,637.13,1537.39,940.08,31.74,2598.06,10160.31,2.105
2026-01-07 08:26:00,631.48,1539.81,935.14,31.27,2589.5,10116.8,2.037
2026-01-07 08:27:00,633.03,1540.81,936.97,31.4,2588.03,10138.29,2.024
2026-01-07 08:28:00,632.19,1534.66,939.04,32.33,2590.89,10162.14,1.933
2026-01-07 08:29:00,632.03,1533.9,938.3,32.4,2587.77,10170.92,2.075
2026-01-07 08:30:00,633.94,1530.47,934.28,32.13,2602.38,10172.04,2.114
2026-01-07 08:31:00,633.54,1529.0,934.9,31.46,2586.25,10134.43,2.139
2026-01-07 08:32:00,631.03,1524.96,936.27,31.8,2594.79,10112.97,1.968
2026-01-07 08:33:00,631.87,1540.24,938.54,32.22,2592.0,10156.98,1.98
2026-01-07 08:34:00,631.13,1532.85,943.53,32.2,2590.04,10174.77,1.955
2026-01-07 08:35:00,628.83,1541.94,937.85,31.96,2604.68,10123.96,1.998
2026-01-07 08:36:00,632.07,1529.18,939.52,32.11,2593.86,10154.79,2.087
2026-01-07 08:37:00,634.89,1538.25,939.39,32.83,2591.47,10204.02,2.225
2026-01-07 08:38:00,632.42,1524.86,932.91,31.72,2588.51,10147.63,2.054
2026-01-07 08:39:00,629.9,1539.25,943.07,32.19,2599.0,10190.16,2.162
2026-01-07 08:40:00,630.35,1528.54,932.99,31.58,2601.2,10146.62,2.025
2026-01-07 08:41:00,632.68,1536.18,934.87,32.31,2604.24,10133.21,2.057
2026-01-07 08:42:00,633.22,1535.48,935.36,32.51,2595.37,10201.12,2.023
2026-01-07 08:43:00,633.85,1533.04,937.04,31.96,2592.7,10144.75,2.033
2026-01-07 08:44:00,637.23,1540.89,938.19,32.9,2597.96,10206.21,1.991
2026-01-07 08:45:00,634.5,1536.87,932.99,31.87,2595.65,10139.47,2.094
2026-01-07 08:46:00,629.87,1524.56,940.29,31.27,2586.52,10097.97,2.138
2026-01-07 08:47:00,629.98,1531.48,929.03,32.14,2606.91,10162.65,2.043
2026-01-07 08:48:00,635.99,1533.86,937.62,32.24,2595.2,10157.62,1.99
2026-01-07 08:49:00,636.87,1540.27,943.21,31.91,2599.44,10161.31,2.339
2026-01-07 08:50:00,633.18,1528.32,934.12,31.58,2597.18,10125.83,2.087
2026-01-07 08:51:00,631.93,1531.94,943.3,31.45,2597.99,10151.05,2.14
2026-01-07 08:52:00,631.36,1530.86,938.97,31.73,2587.21,10163.35,2.063
2026-01-07 08:53:00,631.74,1525.92,931.48,31.46,2594.01,10132.94,1.92
2026-01-07 08:54:00,636.73,1540.33,943.52,32.67,2614.21,10182.02,2.033
2026-01-07 08:55:00,630.2,1536.76,934.85,32.04,2607.69,10156.94,2.032
2026-01-07 08:56:00,630.18,1527.58,935.09,32.18,2595.96,10149.56,2.016
2026-01-07 08:57:00,640.37,1540.6,935.55,31.99,2591.44,10141.03,1.923
2026-01-07 08:58:00,629.07,1531.61,933.13,32.1,2577.04,10151.66,2.018
2026-01-07 08:59:00,634.49,1526.31,940.24,31.45,2589.79,10125.49,1.903
2026-01-07 09:00:00,626.49,1520.52,929.41,31.54,2592.68,10113.57,1.877
2026-01-07 09:01:00,629.49,1537.87,928.95,31.63,2590.91,10117.15,1.925
2026-01-07 09:02:00,630.02,1533.92,939.24,32.88,2593.63,10172.77,2.017
2026-01-07 09:03:00,630.87,1532.66,938.38,32.36,2600.94,10181.8,2.031
2026-01-07 09:04:00,630.69,1523.76,936.66,31.75,2585.43,10116.81,1.976
2026-01-07 09:05:00,630.16,1526.17,931.3,31.59,2595.77,10120.79,2.135
2026-01-07 09:06:00,635.95,1535.85,939.82,31.8,2593.73,10147.15,2.005
2026-01-07 09:07:00,629.35,1526.22,936.23,31.96,2586.89,10130.03,1.851
2026-01-07 09:08:00,630.24,1525.76,936.37,32.63,2608.51,10160.05,2.0
2026-01-07 09:09:00,631.65,1524.03,933.24,31.86,2600.09,10134.08,1.981
2026-01-07 09:10:00,626.87,1523.91,933.93,30.78,2585.39,10071.73,1.762
2026-01-07 09:11:00,628.32,1519.29,933.65,31.16,2596.09,10078.64,1.948
2026-01-07 09:12:00,627.51,1525.81,930.69,31.31,2581.39,10093.0,1.917
2026-01-07 09:13:00,626.53,1531.08,928.89,32.24,2588.46,10125.49,1.984
2026-01-07 09:14:00,629.67,1527.95,928.98,31.14,2602.3,10071.73,1.959
2026-01-07 09:15:00,628.08,1523.32,931.56,31.59,2596.98,10135.74,1.988
2026-01-07 09:16:00,628.45,1524.35,930.12,31.32,2593.98,10075.08,1.933
2026-01-07 09:17:00,633.65,1535.95,934.23,32.55,2603.58,10174.76,1.994
2026-01-07 09:18:00,634.11,1533.23,941.99,32.79,2601.15,10189.6,2.095
2026-01-07 09:19:00,625.55,1528.47,934.35,31.54,2590.91,10106.83,1.939
2026-01-07 09:20:00,633.75,1536.58,932.64,32.14,2601.84,10140.37,2.053
2026-01-07 09:21:00,626.33,1525.11,931.34,31.68,2579.95,10117.51,1.893
2026-01-07 09:22:00,623.07,1525.48,931.4,31.53,2588.18,10119.11,1.949
2026-01-07 09:23:00,634.88,1541.34,940.07,32.23,2594.46,10163.23,2.063
2026-01-07 09:24:00,630.9,1528.36,930.56,31.59,2597.96,10120.65,1.894
2026-01-07 09:25:00,626.14,1522.35,931.34,31.77,2591.19,10126.1,1.944
2026-01-07 09:26:00,627.96,1523.84,932.71,31.55,2579.05,10114.09,2.022
2026-01-07 09:27:00,634.18,1531.01,934.41,31.59,2578.34,10124.59,1.927
2026-01-07 09:28:00,627.47,1512.17,932.23,30.5,2589.94,10041.1,2.009
2026-01-07 09:29:00,630.22,1523.02,931.19,31.27,2588.76,10094.96,1.962
2026-01-07 09:30:00,631.39,1524.95,936.37,31.27,2586.6,10128.28,1.968
2026-01-07 09:31:00,630.03,1528.46,935.41,31.8,2584.76,10115.4,2.027
2026-01-07 09:32:00,630.44,1529.74,931.85,31.92,2595.26,10136.37,2.005
2026-01-07 09:33:00,628.59,1532.44,935.96,31.69,2604.64,10137.06,2.003
2026-01-07 09:34:00,626.18,1525.93,928.33,31.4,2593.6,10093.6,1.945
2026-01-07 09:35:00,635.56,1534.12,941.32,32.11,2605.88,10166.17,2.017
2026-01-07 09:36:00,629.51,1517.0,930.58,31.27,2589.96,10104.55,1.887
2026-01-07 09:37:00,631.8,1535.85,939.39,32.44,2599.21,10174.21,2.088
2026-01-07 09:38:00,628.48,1526.12,939.06,32.16,2604.94,10134.68,1.95
2026-01-07 09:39:00,632.49,1532.15,937.84,31.5,2591.78,10106.85,2.051
2026-01-07 09:40:00,628.58,1529.32,929.6,31.58,2594.25,10132.39,1.922
2026-01-07 09:41:00,630.46,1528.73,930.05,31.48,2590.44,10117.01,2.076
2026-01-07 09:42:00,626.22,1528.35,930.52,31.7,2597.96,10111.39,1.915
2026-01-07 09:43:00,627.13,1527.52,934.93,31.18,2599.25,10080.73,2.008
2026-01-07 09:44:00,631.11,1526.55,935.23,31.52,2595.44,10096.15,1.93
2026-01-07 09:45:00,624.01,1514.72,933.78,31.34,2590.67,10093.09,1.975
2026-01-07 09:46:00,626.54,1521.21,932.35,31.38,2580.35,10088.83,1.909
2026-01-07 09:47:00,628.29,1525.32,930.3,31.43,2591.21,10069.57,1.876
2026-01-07 09:48:00,630.23,1517.61,931.0,30.67,2590.29,10075.44,1.916
2026-01-07 09:49:00,630.29,1534.73,933.29,31.97,2594.75,10102.24,2.02
2026-01-07 09:50:00,633.49,1526.92,934.44,31.96,2594.82,10128.52,2.044
2026-01-07 09:51:00,630.76,1528.47,931.42,32.13,2605.76,10110.35,2.019
2026-01-07 09:52:00,634.01,1537.84,942.21,31.88,2589.47,10158.25,2.04
2026-01-07 09:53:00,622.23,1519.5,924.51,30.56,2577.64,10034.92,2.074
2026-01-07 09:54:00,626.67,1526.78,932.69,31.42,2583.77,10103.49,1.905
2026-01-07 09:55:00,632.5,1526.96,937.26,31.62,2587.88,10104.49,1.961
2026-01-07 09:56:00,628.49,1527.56,937.38,31.88,2602.67,10131.83,1.8
2026-01-07 09:57:00,628.06,1527.47,930.51,31.76,2583.36,10124.6,2.023
2026-01-07 09:58:00,622.1,1519.79,925.74,31.35,2582.95,10086.59,1.884
2026-01-07 09:59:00,631.05,1524.51,929.91,31.35,2596.21,10103.22,1.967
2026-01-07 10:00:00,623.99,1517.15,931.28,31.3,2599.84,10106.78,1.915
2026-01-07 10:01:00,627.0,1527.02,934.04,31.78,2581.32,10124.19,1.977
2026-01-07 10:02:00,627.5,1515.78,928.21,30.58,2576.78,10053.1,1.937
2026-01-07 10:03:00,623.71,1529.44,935.82,31.35,2586.61,10103.23,1.914
2026-01-07 10:04:00,631.22,1518.28,932.36,30.81,2597.57,10088.05,1.981
2026-01-07 10:05:00,624.92,1518.69,934.05,31.17,2593.42,10087.04,1.921
2026-01-07 10:06:00,627.01,1519.58,933.97,31.06,2586.64,10096.52,1.912
2026-01-07 10:07:00,625.51,1523.39,925.32,31.35,2598.77,10101.95,2.02
2026-01-07 10:08:00,626.56,1527.91,935.2,31.52,2595.08,10133.57,2.016
2026-01-07 10:09:00,631.23,1540.56,938.49,32.26,2594.56,10167.99,1.893
2026-01-07 10:10:00,627.59,1528.56,935.47,31.79,2580.52,10116.87,1.957
2026-01-07 10:11:00,623.49,1521.48,929.93,31.35,2587.07,10111.72,1.9
2026-01-07 10:12:00,632.41,1521.68,928.39,31.11,2608.46,10100.67,2.073
2026-01-07 10:13:00,626.16,1524.82,934.63,31.4,2589.7,10090.0,1.9
2026-01-07 10:14:00,621.1,1514.42,931.77,30.83,2583.01,10045.75,1.869
2026-01-07 10:15:00,620.04,1520.35,923.35,30.85,2588.02,10056.29,1.932
2026-01-07 10:16:00,628.27,1526.16,936.64,31.27,2593.88,10103.75,2.011
2026-01-07 10:17:00,624.28,1520.01,936.13,31.19,2599.89,10101.22,1.915
2026-01-07 10:18:00,624.01,1516.9,925.23,30.89,2596.71,10073.27,1.956
2026-01-07 10:19:00,630.84,1519.58,926.53,30.94,2586.26,10071.68,1.963
2026-01-07 10:20:00,628.52,1529.63,933.21,31.16,2603.68,10118.79,1.855
2026-01-07 10:21:00,627.93,1518.67,931.76,30.78,2598.41,10077.34,1.984
2026-01-07 10:22:00,628.08,1524.79,936.2,31.78,2589.6,10109.87,1.937
2026-01-07 10:23:00,624.51,1517.98,929.53,30.77,2589.96,10053.81,1.836
2026-01-07 10:24:00,630.36,1529.24,938.03,32.31,2599.5,10149.31,2.156
2026-01-07 10:25:00,625.01,1514.49,924.32,30.85,2599.25,10045.32,1.851
2026-01-07 10:26:00,627.49,1512.41,926.09,30.45,2578.29,10039.9,1.974
2026-01-07 10:27:00,625.58,1523.73,931.81,31.14,2592.99,10090.93,1.997
2026-01-07 10:28:00,622.8,1521.96,927.64,30.69,2589.97,10034.27,1.779
2026-01-07 10:29:00,626.39,1521.17,932.64,31.2,2587.28,10076.06,1.887
2026-01-07 10:30:00,628.87,1520.17,933.79,31.2,2587.08,10071.85,1.856
2026-01-07 10:31:00,625.37,1523.32,927.74,30.91,2600.0,10068.94,2.011
2026-01-07 10:32:00,625.73,1518.92,928.63,30.91,2595.73,10065.86,1.999
2026-01-07 10:33:00,628.46,1523.46,929.89,31.03,2608.93,10082.08,2.077
2026-01-07 10:34:00,631.24,1524.38,928.49,30.53,2585.92,10040.86,1.838
2026-01-07 10:35:00,630.53,1520.89,927.9,31.18,2593.91,10100.78,2.155
2026-01-07 10:36:00,623.81,1519.09,931.18,30.74,2593.58,10056.83,2.003
2026-01-07 10:37:00,619.13,1513.13,936.74,30.77,2598.42,10060.71,2.064
2026-01-07 10:38:00,623.7,1512.04,927.74,30.51,2601.59,10047.28,1.933
2026-01-07 10:39:00,624.09,1514.74,936.63,30.7,2591.12,10038.22,1.892
2026-01-07 10:40:00,622.72,1514.01,931.16,30.07,2581.38,10032.18,1.842
2026-01-07 10:41:00,621.26,1516.61,924.78,30.7,2585.01,10046.44,2.021
2026-01-07 10:42:00,625.62,1511.62,932.38,30.63,2592.53,10064.34,1.927
2026-01-07 10:43:00,621.6,1511.95,928.33,30.33,2599.47,10041.17,1.908
2026-01-07 10:44:00,628.0,1524.96,935.12,31.43,2582.02,10121.0,2.079
2026-01-07 10:45:00,624.43,1519.33,927.94,31.08,2582.33,10072.04,2.01
2026-01-07 10:46:00,623.92,1512.79,930.22,30.2,2597.17,10057.25,1.916
2026-01-07 10:47:00,625.3,1519.44,932.36,30.17,2578.92,10009.69,1.902
2026-01-07 10:48:00,626.98,1526.16,926.57,31.33,2583.74,10099.01,1.993
2026-01-07 10:49:00,625.64,1523.92,932.58,31.06,2601.78,10097.7,1.974
2026-01-07 10:50:00,624.29,1514.4,931.46,31.08,2590.13,10077.47,2.044
2026-01-07 10:51:00,623.63,1520.55,924.65,30.6,2589.16,10068.14,1.984
2026-01-07 10:52:00,626.21,1509.65,923.7,30.1,2600.18,10008.76,1.866
2026-01-07 10:53:00,627.72,1508.35,924.8,30.19,2581.87,10038.12,2.019
2026-01-07 10:54:00,626.56,1510.02,929.32,30.98,2580.15,10035.28,1.865
2026-01-07 10:55:00,621.5,1520.8,929.88,31.27,2604.99,10078.89,1.945
2026-01-07 10:56:00,623.61,1521.87,927.37,30.95,2593.36,10067.05,1.924
2026-01-07 10:57:00,628.77,1527.56,931.5,30.94,2597.77,10088.42,1.93
2026-01-07 10:58:00,621.72,1514.6,928.17,30.65,2588.52,10054.46,1.906
2026-01-07 10:59:00,624.33,1517.65,929.61,31.14,2591.54,10090.15,2.04
2026-01-07 11:00:00,621.44,1517.24,933.39,30.71,2585.17,10049.06,1.932
2026-01-07 11:01:00,622.5,1518.23,926.72,30.39,2592.31,10022.41,2.041
2026-01-07 11:02:00,623.55,1525.77,931.7,30.45,2596.7,10029.91,1.87
2026-01-07 11:03:00,618.81,1522.17,925.24,30.76,2592.43,10050.63,1.881
2026-01-07 11:04:00,626.66,1519.49,928.2,30.29,2598.35,10025.16,1.803
2026-01-07 11:05:00,625.91,1523.09,927.0,30.93,2596.65,10063.21,1.836
2026-01-07 11:06:00,621.18,1517.14,926.56,30.46,2582.33,10047.02,1.865
2026-01-07 11:07:00,626.6,1517.76,932.58,30.36,2589.57,10047.32,1.862
2026-01-07 11:08:00,624.25,1519.82,925.34,31.2,2587.48,10055.95,1.888
2026-01-07 11:09:00,625.26,1514.09,923.74,30.47,2595.99,10027.57,1.922
2026-01-07 11:10:00,626.49,1520.65,923.07,31.14,2594.61,10052.22,1.866
2026-01-07 11:11:00,621.17,1511.28,923.6,30.69,2592.14,10057.46,2.068
2026-01-07 11:12:00,624.36,1518.38,920.62,31.1,2598.45,10037.26,1.91
2026-01-07 11:13:00,625.74,1513.6,930.89,30.52,2575.44,10037.91,1.983
2026-01-07 11:14:00,628.2,1523.66,930.54,31.1,2586.44,10061.22,1.869
2026-01-07 11:15:00,627.07,1516.64,930.58,30.87,2587.26,10064.7,1.911
2026-01-07 11:16:00,628.5,1512.01,927.91,30.54,2592.38,10037.96,1.943
2026-01-07 11:17:00,625.57,1505.88,923.48,30.19,2593.95,10016.39,1.934
2026-01-07 11:18:00,623.22,1517.48,931.4,30.87,2591.79,10074.84,2.022
2026-01-07 11:19:00,620.42,1501.69,921.63,30.33,2578.63,10006.74,1.788
2026-01-07 11:20:00,622.73,1515.05,930.91,31.08,2595.31,10081.51,2.168
2026-01-07 11:21:00,623.78,1510.47,915.03,30.5,2590.77,10022.06,2.033
2026-01-07 11:22:00,619.34,1504.0,920.58,30.76,2578.7,10040.2,1.939
2026-01-07 11:23:00,628.54,1518.32,923.96,31.1,2588.7,10055.98,1.962
2026-01-07 11:24:00,626.74,1533.57,932.83,31.43,2595.72,10098.81,1.991
2026-01-07 11:25:00,626.47,1519.53,926.03,30.66,2605.15,10077.99,1.878
2026-01-07 11:26:00,623.71,1522.45,935.38,30.31,2581.33,10029.61,1.803
2026-01-07 11:27:00,622.43,1510.61,931.51,30.63,2597.08,10048.06,1.836
2026-01-07 11:28:00,619.07,1509.22,926.67,30.02,2580.34,10001.67,1.787
2026-01-07 11:29:00,624.36,1516.63,931.45,30.89,2580.37,10042.23,2.058
2026-01-07 11:30:00,622.57,1524.68,927.15,30.22,2579.02,9995.55,1.845
2026-01-07 11:31:00,620.95,1509.74,921.48,30.13,2594.21,10012.4,1.986
2026-01-07 11:32:00,624.38,1516.71,928.31,31.26,2591.83,10048.93,1.91
2026-01-07 11:33:00,621.14,1511.56,924.01,30.02,2586.69,10008.07,1.884
2026-01-07 11:34:00,624.71,1515.82,927.67,30.69,2594.78,10057.35,1.918
2026-01-07 11:35:00,624.31,1505.92,924.69,29.63,2588.95,9993.25,1.836
2026-01-07 11:36:00,621.83,1513.27,924.79,30.29,2591.76,10051.05,2.071
2026-01-07 11:37:00,620.83,1507.74,922.46,30.19,2587.87,10036.3,1.929
2026-01-07 11:38:00,619.44,1513.02,928.16,30.46,2581.27,10015.45,2.013
2026-01-07 11:39:00,622.64,1510.97,924.32,30.72,2603.98,10040.25,1.941
2026-01-07 11:40:00,621.95,1507.39,922.65,29.85,2600.32,10005.83,2.006
2026-01-07 11:41:00,621.82,1521.46,926.08,30.59,2603.26,10042.33,1.932
2026-01-07 11:42:00,619.61,1511.76,927.18,30.61,2585.77,10030.85,1.893
2026-01-07 11:43:00,622.53,1513.91,926.57,29.92,2584.7,10032.64,1.798
2026-01-07 11:44:00,623.07,1510.67,922.73,30.18,2584.8,9980.09,1.931
2026-01-07 11:45:00,623.92,1515.15,920.33,30.63,2598.58,10028.15,2.035
2026-01-07 11:46:00,618.19,1508.92,927.77,30.38,2589.42,10013.7,1.979
2026-01-07 11:47:00,625.98,1502.1,918.82,30.57,2585.35,10020.69,1.872
2026-01-07 11:48:00,620.79,1511.05,926.09,29.26,2591.12,9982.65,1.938
2026-01-07 11:49:00,618.87,1505.82,923.93,30.03,2583.27,10006.93,1.81
2026-01-07 11:50:00,627.64,1516.92,929.63,30.97,2579.96,10049.24,1.85
2026-01-07 11:51:00,626.36,1516.27,927.12,30.74,2592.1,10056.11,1.881
2026-01-07 11:52:00,620.83,1517.61,923.65,30.4,2585.41,10016.65,1.849
2026-01-07 11:53:00,620.38,1506.61,925.21,30.51,2589.21,10011.01,1.945
2026-01-07 11:54:00,621.52,1506.67,923.81,29.69,2565.98,9963.24,1.925
2026-01-07 11:55:00,618.03,1509.83,924.84,30.15,2582.39,10016.28,1.87
2026-01-07 11:56:00,627.88,1510.3,915.89,30.41,2589.3,10019.89,2.033
2026-01-07 11:57:00,617.29,1506.63,921.91,29.36,2576.1,9983.21,1.835
2026-01-07 11:58:00,623.49,1514.81,928.05,30.57,2578.35,10033.95,2.012
2026-01-07 11:59:00,620.62,1507.27,921.45,30.15,2589.1,9997.47,1.858
2026-01-07 12:00:00,618.93,1508.68,925.26,30.32,2595.34,10021.54,1.909
2026-01-07 12:01:00,618.47,1510.13,926.4,30.48,2582.32,10014.53,1.907
2026-01-07 12:02:00,629.57,1519.06,931.31,30.85,2589.08,10058.95,2.007
2026-01-07 12:03:00,621.46,1505.55,923.36,29.7,2586.0,9974.92,1.853
2026-01-07 12:04:00,616.35,1502.21,915.76,30.35,2576.07,9991.8,1.749
2026-01-07 12:05:00,617.44,1501.73,920.51,29.57,2597.81,9985.8,1.939
2026-01-07 12:06:00,620.76,1509.08,927.4,30.46,2587.76,10008.73,1.897
2026-01-07 12:07:00,625.92,1510.68,925.8,30.55,2588.18,10017.19,2.044
2026-01-07 12:08:00,622.54,1507.08,921.44,30.14,2591.67,9994.66,1.782
2026-01-07 12:09:00,624.83,1520.06,928.4,30.17,2577.21,10020.7,1.891
2026-01-07 12:10:00,623.18,1514.0,926.66,30.34,2597.0,10019.42,1.777
2026-01-07 12:11:00,622.47,1504.93,924.88,29.8,2597.31,10000.34,1.898
2026-01-07 12:12:00,616.61,1514.54,918.54,29.82,2589.91,9997.22,1.896
2026-01-07 12:13:00,622.12,1507.93,925.42,30.37,2593.57,10025.3,2.024
2026-01-07 12:14:00,625.23,1518.81,920.81,30.47,2588.3,10051.87,1.973
2026-01-07 12:15:00,622.27,1510.2,923.69,30.0,2595.98,10004.88,1.853
2026-01-07 12:16:00,619.94,1507.32,927.88,29.31,2581.08,9968.56,1.871
2026-01-07 12:17:00,619.02,1506.63,924.8,30.2,2588.73,10002.64,1.971
2026-01-07 12:18:00,622.79,1515.02,928.75,31.37,2591.92,10072.25,1.812
2026-01-07 12:19:00,619.91,1515.01,921.38,30.54,2588.56,9999.44,1.933
2026-01-07 12:20:00,622.78,1510.97,929.81,30.17,2598.7,10032.31,1.86
2026-01-07 12:21:00,620.39,1514.07,925.32,29.76,2606.33,9998.32,1.86
2026-01-07 12:22:00,616.54,1509.36,916.78,30.04,2588.17,10004.04,1.895
2026-01-07 12:23:00,622.76,1507.96,921.27,29.96,2591.94,9981.57,1.754
2026-01-07 12:24:00,623.35,1513.81,925.79,30.2,2583.14,10017.33,1.784
2026-01-07 12:25:00,622.58,1510.05,923.83,30.4,2597.55,10010.36,1.951
2026-01-07 12:26:00,618.52,1505.51,926.69,30.29,2585.12,10009.55,1.864
2026-01-07 12:27:00,617.95,1501.84,917.88,29.63,2614.18,10003.35,1.89
2026-01-07 12:28:00,622.26,1511.19,924.09,29.99,2575.37,9995.99,1.905
2026-01-07 12:29:00,620.2,1498.15,920.62,29.19,2604.52,9960.2,1.759
2026-01-07 12:30:00,617.93,1507.48,922.38,29.63,2596.06,9980.61,1.815
2026-01-07 12:31:00,627.95,1511.51,926.76,30.71,2582.21,10059.06,1.87
2026-01-07 12:32:00,615.36,1501.76,919.24,29.62,2605.72,9955.61,1.668
2026-01-07 12:33:00,614.2,1515.81,929.02,30.14,2581.83,10009.4,1.883
2026-01-07 12:34:00,618.73,1499.86,915.67,29.77,2585.97,9989.6,1.869
2026-01-07 12:35:00,620.48,1509.18,928.71,30.45,2578.22,9992.42,1.922
2026-01-07 12:36:00,624.39,1520.72,938.26,30.42,2589.53,10046.54,1.959
2026-01-07 12:37:00,619.19,1500.33,918.48,29.45,2586.56,9950.95,1.712
2026-01-07 12:38:00,617.14,1500.83,924.64,29.42,2593.25,9941.38,1.706
2026-01-07 12:39:00,622.25,1507.51,924.62,29.92,2607.96,9988.71,1.832
2026-01-07 12:40:00,614.8,1507.71,922.34,29.36,2583.49,9966.78,1.88
2026-01-07 12:41:00,621.06,1518.31,921.49,29.63,2566.4,9988.0,1.839
2026-01-07 12:42:00,617.08,1500.72,917.75,29.76,2592.85,9968.42,1.802
2026-01-07 12:43:00,623.13,1510.69,921.7,30.22,2584.28,9994.7,1.992
2026-01-07 12:44:00,615.2,1498.47,917.43,29.21,2601.07,9939.14,1.888
2026-01-07 12:45:00,616.5,1493.91,913.89,28.7,2585.67,9924.39,1.887
2026-01-07 12:46:00,619.16,1503.42,918.62,29.76,2582.02,9979.48,1.902
2026-01-07 12:47:00,617.11,1498.22,920.99,29.58,2578.34,9937.11,1.752
2026-01-07 12:48:00,619.99,1511.11,929.33,29.84,2594.06,10004.96,1.954
2026-01-07 12:49:00,617.49,1500.69,915.2,28.98,2583.85,9927.0,2.034
2026-01-07 12:50:00,617.43,1501.72,926.26,29.37,2598.65,9949.03,1.898
2026-01-07 12:51:00,620.63,1511.09,917.76,30.28,2587.16,9998.93,1.882
2026-01-07 12:52:00,621.96,1509.78,916.24,29.41,2598.78,9963.41,1.738
2026-01-07 12:53:00,616.67,1498.66,912.01,29.27,2575.27,9933.63,1.777
2026-01-07 12:54:00,619.89,1510.11,920.02,30.72,2576.01,10026.47,1.969
2026-01-07 12:55:00,622.06,1499.53,922.1,29.24,2594.3,9968.56,1.917
2026-01-07 12:56:00,620.92,1502.35,918.94,29.35,2584.16,9974.03,1.787
2026-01-07 12:57:00,620.03,1500.75,920.15,29.6,2585.6,9969.52,1.905
2026-01-07 12:58:00,619.45,1500.53,921.15,30.22,2580.66,9996.52,1.811
2026-01-07 12:59:00,621.28,1500.06,917.6,29.82,2579.34,9977.88,1.942
2026-01-07 13:00:00,612.05,1503.16,913.37,29.65,2592.08,9951.32,1.9
2026-01-07 13:01:00,621.85,1505.17,912.91,28.97,2586.89,9952.51,1.931
2026-01-07 13:02:00,620.35,1503.75,918.79,29.3,2578.0,9938.22,1.802
2026-01-07 13:03:00,619.27,1505.06,922.94,29.17,2594.8,9989.3,1.941
2026-01-07 13:04:00,618.58,1496.63,914.5,29.6,2596.06,9942.6,1.854
2026-01-07 13:05:00,623.31,1505.2,917.45,30.44,2588.36,10008.82,1.931
2026-01-07 13:06:00,614.47,1497.36,920.83,29.43,2595.41,9961.28,1.865
2026-01-07 13:07:00,618.66,1499.74,922.82,28.82,2579.02,9952.19,1.784
2026-01-07 13:08:00,617.14,1492.52,912.78,28.77,2589.93,9908.08,1.845
2026-01-07 13:09:00,615.58,1498.43,913.02,29.25,2587.08,9920.14,1.864
2026-01-07 13:10:00,616.04,1496.08,919.81,29.04,2579.33,9916.91,1.737
2026-01-07 13:11:00,618.62,1498.75,911.38,29.72,2603.06,9942.06,1.891
2026-01-07 13:12:00,617.7,1494.64,914.23,29.14,2588.35,9938.33,1.883
2026-01-07 13:13:00,620.95,1500.69,921.43,29.87,2582.22,9950.09,1.797
2026-01-07 13:14:00,617.41,1506.28,919.08,29.38,2588.63,9989.24,1.904
2026-01-07 13:15:00,617.51,1496.74,917.47,28.84,2579.0,9924.69,1.782
2026-01-07 13:16:00,613.94,1503.75,913.5,28.69,2576.64,9923.05,1.877
2026-01-07 13:17:00,618.74,1499.76,921.53,29.61,2583.52,9954.49,1.784
2026-01-07 13:18:00,616.56,1505.78,920.81,29.64,2585.59,9993.7,1.993
2026-01-07 13:19:00,618.69,1495.91,922.33,29.35,2579.71,9929.42,1.937
2026-01-07 13:20:00,620.34,1497.73,916.93,29.61,2597.17,9955.56,1.921
2026-01-07 13:21:00,615.2,1493.02,912.07,28.57,2578.32,9885.65,1.958
2026-01-07 13:22:00,613.03,1499.76,915.71,28.9,2578.19,9916.63,1.94
2026-01-07 13:23:00,617.59,1499.86,913.16,28.93,2576.96,9937.28,1.916
2026-01-07 13:24:00,620.47,1503.51,919.76,30.54,2579.7,10027.35,2.04
2026-01-07 13:25:00,617.99,1503.35,916.99,29.36,2595.52,9959.27,1.849
2026-01-07 13:26:00,613.37,1500.68,912.6,29.03,2587.45,9910.02,1.776
2026-01-07 13:27:00,612.21,1496.93,919.34,29.44,2591.59,9927.44,1.912
2026-01-07 13:28:00,621.37,1491.31,917.79,29.01,2594.28,9929.16,1.827
2026-01-07 13:29:00,614.16,1499.67,913.15,29.25,2582.95,9915.95,1.899
2026-01-07 13:30:00,615.35,1503.54,924.41,29.33,2598.48,9943.72,1.785
2026-01-07 13:31:00,617.29,1500.04,915.13,29.28,2581.25,9932.54,1.785
2026-01-07 13:32:00,617.94,1511.63,925.03,29.71,2580.16,10001.01,1.776
2026-01-07 13:33:00,620.27,1508.68,912.74,29.48,2590.78,9971.89,1.78
2026-01-07 13:34:00,622.45,1507.1,919.8,29.35,2588.56,9961.92,1.889
2026-01-07 13:35:00,615.29,1497.41,913.63,29.69,2588.05,9949.07,1.738
2026-01-07 13:36:00,615.28,1491.74,914.13,28.96,2594.13,9925.95,1.754
2026-01-07 13:37:00,618.79,1502.98,920.15,29.4,2587.44,9940.96,1.781
2026-01-07 13:38:00,613.01,1498.11,917.66,28.98,2588.36,9921.92,1.797
2026-01-07 13:39:00,617.09,1505.86,918.77,29.79,2599.34,9988.98,1.89
2026-01-07 13:40:00,616.94,1507.25,918.44,28.94,2588.91,9945.75,2.005
2026-01-07 13:41:00,621.85,1503.49,918.85,28.48,2589.69,9918.8,1.891
2026-01-07 13:42:00,614.53,1498.5,915.66,29.36,2575.86,9956.53,1.81
2026-01-07 13:43:00,618.65,1502.33,923.09,29.76,2618.08,9985.43,1.882
2026-01-07 13:44:00,620.11,1495.61,914.43,28.25,2571.56,9881.57,1.757
2026-01-07 13:45:00,621.42,1507.28,919.53,29.72,2583.59,9974.67,1.943
2026-01-07 13:46:00,611.7,1496.75,922.12,29.45,2581.18,9918.99,1.873
2026-01-07 13:47:00,613.23,1481.91,912.69,29.23,2602.29,9911.06,1.779
2026-01-07 13:48:00,616.34,1491.38,912.05,28.84,2580.6,9910.34,1.852
2026-01-07 13:49:00,616.92,1495.07,916.19,28.62,2588.25,9892.57,1.844
2026-01-07 13:50:00,620.65,1495.2,920.11,29.45,2582.27,9945.45,1.853
2026-01-07 13:51:00,615.65,1496.1,908.36,28.56,2576.09,9884.8,1.834
2026-01-07 13:52:00,618.04,1500.09,911.11,29.6,2591.75,9956.37,1.904
2026-01-07 13:53:00,614.6,1497.92,920.54,29.65,2581.88,9967.71,2.037
2026-01-07 13:54:00,612.99,1498.46,912.96,28.76,2586.76,9902.54,1.912
2026-01-07 13:55:00,612.12,1495.98,916.82,28.87,2591.01,9925.65,1.756
2026-01-07 13:56:00,616.13,1491.67,912.37,28.94,2600.72,9911.86,1.843
2026-01-07 13:57:00,616.0,1491.01,917.11,28.38,2575.66,9919.38,1.999
2026-01-07 13:58:00,620.32,1512.04,924.25,30.24,2588.15,10012.32,1.933
2026-01-07 13:59:00,620.81,1495.1,912.33,29.35,2587.57,9988.96,2.032
2026-01-07 14:00:00,616.48,1490.97,912.59,28.99,2585.69,9917.61,2.037
2026-01-07 14:01:00,617.34,1494.9,919.58,28.47,2605.62,9901.77,1.741
2026-01-07 14:02:00,617.31,1492.51,917.3,29.13,2583.95,9908.66,1.815
2026-01-07 14:03:00,617.8,1505.23,918.39,28.64,2564.59,9893.78,1.815
2026-01-07 14:04:00,612.07,1490.83,922.0,29.11,2584.65,9931.86,1.734
2026-01-07 14:05:00,618.68,1501.47,920.63,29.19,2585.22,9929.96,1.948
2026-01-07 14:06:00,614.86,1499.1,914.1,28.64,2583.54,9912.13,1.851
2026-01-07 14:07:00,612.6,1495.29,910.3,29.16,2579.81,9914.37,1.693
2026-01-07 14:08:00,617.55,1494.35,920.66,29.04,2574.94,9913.25,1.85
2026-01-07 14:09:00,616.39,1492.75,917.3,28.27,2601.42,9877.91,1.735
2026-01-07 14:10:00,616.11,1503.96,918.13,29.25,2589.99,9962.94,1.861
2026-01-07 14:11:00,613.17,1489.59,921.61,28.82,2584.13,9917.23,1.628
2026-01-07 14:12:00,610.16,1492.95,912.84,28.19,2600.63,9864.21,1.773
2026-01-07 14:13:00,611.68,1497.8,916.39,28.47,2578.22,9904.29,1.885
2026-01-07 14:14:00,611.65,1496.46,915.79,28.24,2588.81,9874.13,1.762
2026-01-07 14:15:00,617.54,1499.6,918.85,29.26,2577.16,9955.31,1.715
2026-01-07 14:16:00,618.75,1494.8,917.53,28.89,2591.77,9919.73,1.825
2026-01-07 14:17:00,615.93,1504.83,913.35,29.45,2578.33,9961.93,1.846
2026-01-07 14:18:00,617.47,1494.08,919.1,29.64,2591.24,9963.68,1.989
2026-01-07 14:19:00,612.96,1487.54,911.78,28.81,2600.98,9908.99,1.857
2026-01-07 14:20:00,611.21,1487.31,909.41,28.39,2584.56,9869.39,1.774
2026-01-07 14:21:00,609.51,1489.69,913.13,29.21,2568.85,9935.77,1.746
2026-01-07 14:22:00,609.97,1487.42,910.67,28.36,2584.45,9878.6,1.795
2026-01-07 14:23:00,622.17,1509.57,921.55,29.79,2591.62,9971.28,2.025
2026-01-07 14:24:00,616.99,1501.43,911.67,28.05,2592.37,9904.23,1.848
2026-01-07 14:25:00,616.73,1487.63,911.89,29.19,2598.57,9945.7,1.902
2026-01-07 14:26:00,615.07,1493.2,914.13,28.52,2597.14,9898.57,1.616
2026-01-07 14:27:00,615.91,1488.59,918.76,28.86,2584.39,9911.12,1.897
2026-01-07 14:28:00,613.13,1498.43,913.44,29.09,2581.4,9942.97,1.855
2026-01-07 14:29:00,615.13,1498.97,916.67,29.45,2577.92,9948.12,1.854
2026-01-07 14:30:00,613.21,1500.81,914.8,29.14,2581.51,9921.31,1.845
2026-01-07 14:31:00,612.8,1486.14,920.15,27.94,2587.61,9869.07,1.808
2026-01-07 14:32:00,614.02,1495.95,921.27,29.36,2576.05,9947.22,1.831
2026-01-07 14:33:00,611.94,1491.44,912.38,28.14,2576.91,9882.71,1.763
2026-01-07 14:34:00,614.54,1489.25,913.15,28.89,2589.76,9906.62,1.708
2026-01-07 14:35:00,608.32,1482.1,906.13,27.91,2577.83,9848.67,1.748
2026-01-07 14:36:00,610.67,1500.33,921.65,28.69,2588.57,9915.58,1.916
2026-01-07 14:37:00,613.15,1495.32,910.22,28.65,2579.65,9929.83,1.793
2026-01-07 14:38:00,615.42,1492.19,911.84,29.01,2588.36,9927.1,1.899
2026-01-07 14:39:00,613.45,1491.55,916.28,28.32,2578.59,9893.85,1.725
2026-01-07 14:40:00,608.6,1484.25,918.29,28.25,2569.6,9895.36,1.703
2026-01-07 14:41:00,615.71,1483.47,913.54,28.5,2591.96,9882.4,1.768
2026-01-07 14:42:00,613.89,1499.23,914.54,29.01,2579.69,9906.54,1.894
2026-01-07 14:43:00,615.61,1491.9,915.82,28.76,2582.94,9898.09,1.696
2026-01-07 14:44:00,615.85,1497.25,913.97,28.14,2578.91,9885.62,1.947
2026-01-07 14:45:00,614.9,1494.72,922.59,28.9,2590.09,9918.97,2.001
2026-01-07 14:46:00,608.64,1492.47,915.29,28.47,2586.51,9870.39,1.85
2026-01-07 14:47:00,617.04,1493.55,911.88,28.56,2589.07,9893.16,1.767
2026-01-07 14:48:00,608.29,1496.62,915.68,28.98,2581.23,9916.13,1.79
2026-01-07 14:49:00,610.29,1484.71,913.81,28.09,2583.15,9862.73,1.733
2026-01-07 14:50:00,617.02,1493.02,911.62,28.07,2586.78,9860.03,1.731
2026-01-07 14:51:00,608.98,1485.82,911.27,27.92,2595.55,9853.53,1.764
2026-01-07 14:52:00,609.97,1489.28,911.65,28.17,2585.44,9848.21,1.632
2026-01-07 14:53:00,609.3,1484.68,905.9,28.02,2574.47,9835.62,1.797
2026-01-07 14:54:00,612.48,1487.93,912.09,28.68,2587.54,9910.23,1.733
2026-01-07 14:55:00,613.78,1498.15,915.79,28.8,2583.45,9894.21,1.742
2026-01-07 14:56:00,611.36,1485.01,911.89,28.02,2568.1,9876.49,1.737
2026-01-07 14:57:00,616.89,1493.73,920.63,28.89,2570.97,9918.88,1.859
2026-01-07 14:58:00,615.74,1500.59,918.78,28.82,2585.88,9936.37,1.932
2026-01-07 14:59:00,614.98,1488.68,915.43,28.25,2584.67,9887.92,1.725
2026-01-07 15:00:00,609.41,1486.95,913.74,28.36,2582.7,9901.47,1.913
2026-01-07 15:01:00,615.35,1486.45,911.82,28.25,2591.27,9879.43,1.711
2026-01-07 15:02:00,615.26,1488.86,912.02,28.87,2577.61,9902.3,1.759
2026-01-07 15:03:00,611.58,1491.35,916.38,28.41,2573.13,9879.97,1.873
2026-01-07 15:04:00,613.5,1490.36,916.52,28.23,2577.47,9876.23,1.665
2026-01-07 15:05:00,618.29,1498.18,918.1,29.02,2581.26,9929.28,1.794
2026-01-07 15:06:00,612.01,1502.7,915.09,28.68,2586.06,9939.35,1.772
2026-01-07 15:07:00,607.29,1488.49,910.55,27.81,2575.54,9820.83,1.723
2026-01-07 15:08:00,612.24,1481.02,908.83,27.67,2566.5,9864.92,1.735
2026-01-07 15:09:00,608.64,1485.83,912.3,28.16,2563.39,9872.78,1.657
2026-01-07 15:10:00,609.76,1497.8,910.76,28.56,2585.67,9891.98,1.859
2026-01-07 15:11:00,610.52,1492.86,917.84,29.13,2576.97,9925.68,1.863
2026-01-07 15:12:00,617.51,1498.45,923.77,29.42,2570.97,9951.71,1.928
2026-01-07 15:13:00,606.63,1489.48,908.43,28.68,2590.01,9900.21,1.784
2026-01-07 15:14:00,610.76,1487.13,917.14,28.9,2596.91,9888.52,1.8
2026-01-07 15:15:00,604.86,1498.86,915.92,29.4,2584.87,9916.08,1.9
2026-01-07 15:16:00,612.34,1486.4,908.87,28.0,2585.07,9846.62,1.795
2026-01-07 15:17:00,613.39,1498.68,913.11,28.21,2585.85,9865.0,1.863
2026-01-07 15:18:00,611.1,1485.67,916.32,28.12,2564.91,9859.16,1.853
2026-01-07 15:19:00,610.79,1476.8,910.52,27.71,2589.64,9836.41,1.774
2026-01-07 15:20:00,614.46,1486.47,916.42,28.36,2593.65,9867.44,1.8
2026-01-07 15:21:00,609.94,1485.43,910.96,28.49,2598.14,9860.05,1.782
2026-01-07 15:22:00,612.16,1496.89,912.42,27.95,2581.18,9891.7,1.818
2026-01-07 15:23:00,614.38,1483.78,912.4,28.89,2576.66,9918.95,1.787
2026-01-07 15:24:00,611.7,1480.25,909.95,28.34,2593.72,9844.79,1.804
2026-01-07 15:25:00,610.98,1490.06,911.1,28.5,2588.15,9878.31,1.815
2026-01-07 15:26:00,604.1,1472.22,905.83,27.62,2588.45,9808.78,1.703
2026-01-07 15:27:00,612.29,1478.28,906.53,27.78,2578.3,9860.93,1.819
2026-01-07 15:28:00,613.24,1490.94,915.71,28.39,2585.76,9863.78,1.889
2026-01-07 15:29:00,611.39,1489.35,909.47,28.34,2574.79,9854.04,1.784
2026-01-07 15:30:00,606.39,1490.75,916.54,28.54,2584.39,9885.36,1.811
2026-01-07 15:31:00,609.88,1482.74,906.83,27.62,2579.49,9829.8,1.781
2026-01-07 15:32:00,611.29,1484.06,911.19,28.22,2602.02,9855.55,1.632
2026-01-07 15:33:00,609.66,1492.6,907.39,28.22,2588.78,9884.25,1.776
2026-01-07 15:34:00,611.32,1495.57,915.24,28.43,2567.89,9902.83,2.004
2026-01-07 15:35:00,613.18,1487.53,912.54,28.6,2584.12,9877.69,1.804
2026-01-07 15:36:00,613.99,1489.86,910.04,28.98,2588.02,9901.82,1.746
2026-01-07 15:37:00,613.36,1486.08,914.52,28.53,2581.29,9902.09,1.815
2026-01-07 15:38:00,612.44,1490.3,908.38,27.78,2574.34,9852.86,1.737
2026-01-07 15:39:00,611.02,1487.91,909.94,28.67,2590.89,9915.58,1.842
2026-01-07 15:40:00,608.2,1481.7,911.66,27.55,2573.72,9807.81,1.766
2026-01-07 15:41:00,611.45,1482.49,905.83,27.8,2587.83,9854.31,1.779
2026-01-07 15:42:00,611.81,1485.1,914.64,28.7,2575.71,9876.16,1.871
2026-01-07 15:43:00,613.24,1478.57,915.13,27.56,2577.68,9821.52,1.664
2026-01-07 15:44:00,613.14,1491.28,909.98,28.92,2593.08,9911.05,1.852
2026-01-07 15:45:00,608.7,1485.9,913.12,28.01,2587.43,9861.97,1.873
2026-01-07 15:46:00,609.32,1495.04,912.6,28.92,2585.53,9907.14,1.8
2026-01-07 15:47:00,613.25,1490.13,912.05,28.46,2583.57,9869.42,1.86
2026-01-07 15:48:00,609.94,1484.12,906.2,27.92,2584.69,9873.33,1.779
2026-01-07 15:49:00,614.49,1487.37,913.7,28.18,2577.67,9874.29,1.711
2026-01-07 15:50:00,608.82,1482.84,910.17,27.94,2570.73,9844.97,1.625
2026-01-07 15:51:00,610.68,1482.82,916.96,28.18,2588.42,9870.97,1.751
2026-01-07 15:52:00,611.21,1494.79,906.16,28.77,2596.85,9889.94,1.785
2026-01-07 15:53:00,611.8,1487.63,909.7,27.97,2588.12,9856.0,1.961
2026-01-07 15:54:00,612.32,1478.74,911.65,28.07,2584.64,9838.33,1.776
2026-01-07 15:55:00,611.06,1483.93,913.6,28.19,2573.49,9852.64,1.738
2026-01-07 15:56:00,615.49,1491.05,914.24,28.87,2592.64,9915.99,1.872
2026-01-07 15:57:00,606.1,1486.76,913.89,28.48,2587.67,9869.66,1.764
2026-01-07 15:58:00,611.31,1492.07,910.19,27.77,2589.5,9859.21,1.87
2026-01-07 15:59:00,608.2,1483.23,907.65,27.34,2589.25,9796.6,1.868
2026-01-07 16:00:00,610.29,1485.98,905.68,28.13,2596.59,9871.74,1.81
2026-01-07 16:01:00,606.13,1485.61,914.13,28.61,2575.94,9896.39,1.672
2026-01-07 16:02:00,608.22,1495.31,917.29,28.35,2574.04,9883.36,1.797
2026-01-07 16:03:00,611.69,1485.62,908.13,28.6,2585.9,9892.61,1.799
2026-01-07 16:04:00,613.42,1484.27,911.61,28.21,2576.18,9863.07,1.921
2026-01-07 16:05:00,613.15,1490.49,908.16,28.56,2575.74,9887.4,1.844
2026-01-07 16:06:00,612.73,1485.5,914.61,28.35,2593.62,9870.62,1.765
2026-01-07 16:07:00,609.51,1492.55,912.42,28.81,2576.86,9898.35,1.928
2026-01-07 16:08:00,610.91,1490.49,916.59,28.44,2585.12,9905.36,1.812
2026-01-07 16:09:00,605.22,1484.18,910.07,28.57,2571.21,9881.08,1.794
2026-01-07 16:10:00,608.82,1469.91,907.43,27.45,2582.92,9833.43,1.73
2026-01-07 16:11:00,616.63,1492.72,911.89,27.56,2593.19,9867.3,1.887
2026-01-07 16:12:00,611.81,1484.14,912.81,28.77,2593.48,9868.45,1.752
2026-01-07 16:13:00,611.45,1488.89,914.07,28.33,2593.0,9890.67,1.863
2026-01-07 16:14:00,612.9,1491.39,914.62,28.31,2583.58,9879.49,1.835
2026-01-07 16:15:00,613.61,1492.53,919.06,28.52,2594.78,9922.96,1.841
2026-01-07 16:16:00,607.33,1497.2,914.75,28.44,2588.04,9889.74,1.883
2026-01-07 16:17:00,611.61,1479.55,916.2,27.94,2579.09,9838.44,1.897
2026-01-07 16:18:00,607.94,1478.73,903.85,27.75,2585.04,9822.4,1.664
2026-01-07 16:19:00,610.64,1489.79,908.78,27.91,2590.65,9863.07,1.778
2026-01-07 16:20:00,614.55,1481.54,912.46,27.66,2571.63,9829.44,1.748
2026-01-07 16:21:00,610.6,1486.19,907.75,28.33,2575.18,9865.75,1.801
2026-01-07 16:22:00,615.13,1495.9,915.27,28.45,2582.96,9877.0,1.755
2026-01-07 16:23:00,609.19,1487.36,909.77,28.43,2574.38,9878.16,1.72
2026-01-07 16:24:00,606.49,1490.49,909.59,28.5,2573.98,9871.02,1.788
2026-01-07 16:25:00,609.97,1491.35,911.15,28.2,2580.26,9864.51,1.874
2026-01-07 16:26:00,608.69,1477.72,904.23,27.59,2588.57,9787.73,1.723
2026-01-07 16:27:00,608.79,1485.01,915.55,27.91,2590.66,9845.32,1.812
2026-01-07 16:28:00,608.83,1483.13,916.73,28.66,2586.96,9884.39,1.929
2026-01-07 16:29:00,614.35,1496.5,920.09,28.89,2586.5,9901.47,1.833
2026-01-07 16:30:00,610.59,1489.96,918.54,28.06,2601.05,9883.32,1.885
2026-01-07 16:31:00,614.58,1493.49,912.39,28.94,2581.12,9911.21,1.914
2026-01-07 16:32:00,608.87,1484.9,907.37,28.07,2585.57,9865.17,1.892
2026-01-07 16:33:00,607.94,1482.21,910.5,27.63,2577.86,9837.67,1.94
2026-01-07 16:34:00,615.27,1492.06,912.12,27.84,2572.47,9842.64,1.767
2026-01-07 16:35:00,608.12,1486.03,905.53,28.18,2592.83,9857.67,1.861
2026-01-07 16:36:00,606.77,1474.38,910.59,27.69,2580.75,9853.4,1.802
2026-01-07 16:37:00,610.44,1482.46,905.65,27.87,2588.1,9836.66,1.813
2026-01-07 16:38:00,601.29,1479.12,906.21,27.34,2579.12,9799.53,1.78
2026-01-07 16:39:00,612.86,1476.1,913.26,28.85,2594.69,9892.83,1.909
2026-01-07 16:40:00,614.6,1481.56,911.29,27.96,2575.32,9856.23,1.746
2026-01-07 16:41:00,611.64,1493.5,909.25,28.24,2592.07,9842.28,1.808
2026-01-07 16:42:00,606.51,1472.83,909.28,27.71,2588.93,9816.98,1.658
2026-01-07 16:43:00,609.11,1481.7,912.85,28.16,2569.1,9860.22,1.726
2026-01-07 16:44:00,611.53,1477.62,909.66,28.7,2579.96,9876.64,1.755
2026-01-07 16:45:00,609.01,1473.7,908.23,28.23,2590.36,9827.77,1.814
2026-01-07 16:46:00,611.85,1472.0,906.87,27.42,2594.44,9806.02,1.786
2026-01-07 16:47:00,615.53,1483.13,912.21,28.1,2589.52,9868.93,1.908
2026-01-07 16:48:00,607.1,1485.82,910.12,27.56,2578.11,9804.4,1.83
2026-01-07 16:49:00,609.56,1489.88,911.72,28.13,2576.65,9884.52,1.806
2026-01-07 16:50:00,610.73,1489.25,917.46,28.34,2589.47,9898.42,2.059
2026-01-07 16:51:00,614.29,1496.98,911.69,28.71,2580.7,9876.96,1.817
2026-01-07 16:52:00,613.86,1484.97,910.94,28.13,2579.83,9845.92,1.668
2026-01-07 16:53:00,611.27,1482.9,906.57,28.04,2581.91,9866.7,1.693
2026-01-07 16:54:00,613.7,1490.88,911.62,29.36,2591.74,9891.96,1.869
2026-01-07 16:55:00,611.18,1468.69,903.28,26.84,2594.89,9782.8,1.612
2026-01-07 16:56:00,610.76,1474.6,909.92,27.77,2589.98,9816.72,1.774
2026-01-07 16:57:00,606.14,1489.75,909.87,27.84,2583.13,9849.88,1.756
2026-01-07 16:58:00,609.16,1483.92,905.47,28.34,2575.43,9838.83,1.928
2026-01-07 16:59:00,612.41,1483.4,913.23,28.16,2589.18,9870.04,1.704
2026-01-07 17:00:00,609.05,1485.54,904.37,28.36,2597.57,9880.59,1.884
2026-01-07 17:01:00,613.15,1486.28,904.84,27.66,2591.32,9855.97,1.759
2026-01-07 17:02:00,608.47,1480.28,906.36,28.17,2583.54,9819.84,1.727
2026-01-07 17:03:00,606.4,1477.88,909.44,27.35,2577.51,9807.95,1.876
2026-01-07 17:04:00,607.03,1484.77,905.57,27.98,2585.28,9836.18,1.732
2026-01-07 17:05:00,611.87,1486.47,910.26,27.96,2592.05,9843.72,1.707
2026-01-07 17:06:00,605.01,1487.63,909.9,27.83,2584.7,9844.37,1.741
2026-01-07 17:07:00,610.09,1488.95,912.85,27.74,2583.0,9869.92,1.717
2026-01-07 17:08:00,612.92,1478.95,915.95,27.71,2576.72,9828.59,1.646
2026-01-07 17:09:00,608.14,1481.59,912.22,28.02,2603.91,9853.57,1.723
2026-01-07 17:10:00,605.15,1478.33,911.09,27.54,2574.18,9805.09,1.623
2026-01-07 17:11:00,602.53,1480.27,907.42,28.04,2573.56,9808.0,1.685
2026-01-07 17:12:00,607.4,1484.73,908.09,27.89,2583.44,9826.11,1.695
2026-01-07 17:13:00,613.25,1492.05,912.76,29.08,2583.92,9913.71,1.85
2026-01-07 17:14:00,611.18,1481.5,912.52,27.99,2591.32,9852.05,1.681
2026-01-07 17:15:00,606.38,1487.14,904.12,27.43,2590.67,9828.34,1.816
2026-01-07 17:16:00,609.37,1490.67,909.51,28.06,2573.62,9857.15,1.616
2026-01-07 17:17:00,613.28,1480.5,910.38,28.25,2578.2,9880.66,1.731
2026-01-07 17:18:00,608.09,1480.77,909.73,27.54,2574.57,9811.98,1.74
2026-01-07 17:19:00,617.24,1489.54,910.08,28.06,2589.78,9861.63,1.759
2026-01-07 17:20:00,607.6,1485.38,910.14,27.74,2586.84,9859.26,1.794
2026-01-07 17:21:00,608.28,1489.01,906.06,28.17,2579.53,9835.83,1.666
2026-01-07 17:22:00,609.97,1489.04,911.81,28.04,2584.9,9852.81,1.937
2026-01-07 17:23:00,610.2,1489.61,916.21,28.07,2574.39,9858.79,1.919
2026-01-07 17:24:00,608.18,1479.34,904.99,27.43,2576.09,9823.63,1.557
2026-01-07 17:25:00,601.82,1475.47,905.81,27.12,2570.22,9787.3,1.789
2026-01-07 17:26:00,609.13,1483.52,917.61,27.86,2584.33,9852.76,1.757
2026-01-07 17:27:00,608.23,1486.27,902.4,27.14,2582.36,9803.08,1.741
2026-01-07 17:28:00,613.75,1482.17,904.08,27.76,2574.22,9825.32,1.758
2026-01-07 17:29:00,615.13,1490.76,912.39,28.05,2586.82,9860.09,1.727
2026-01-07 17:30:00,610.78,1487.0,907.17,28.34,2591.86,9859.03,1.781
2026-01-07 17:31:00,612.45,1483.1,912.5,27.98,2574.9,9852.33,1.907
2026-01-07 17:32:00,611.35,1487.35,913.06,27.83,2579.73,9831.71,1.916
2026-01-07 17:33:00,612.18,1489.62,911.3,28.74,2589.21,9902.66,1.812
2026-01-07 17:34:00,606.06,1477.03,903.36,27.8,2581.98,9823.7,1.635
2026-01-07 17:35:00,610.75,1486.93,913.01,27.79,2571.96,9846.97,1.761
2026-01-07 17:36:00,608.43,1476.32,913.29,28.09,2579.01,9836.58,1.749
2026-01-07 17:37:00,613.17,1490.17,910.24,28.03,2580.12,9872.08,1.914
2026-01-07 17:38:00,603.38,1485.05,913.06,27.86,2581.12,9835.24,1.676
2026-01-07 17:39:00,611.92,1494.59,918.12,27.91,2582.56,9863.48,1.642
2026-01-07 17:40:00,611.55,1482.88,910.01,27.58,2594.29,9816.69,1.704
2026-01-07 17:41:00,613.26,1484.54,912.55,28.67,2582.61,9881.5,1.859
2026-01-07 17:42:00,607.97,1489.7,912.37,28.24,2569.51,9855.18,1.712
2026-01-07 17:43:00,606.09,1487.51,911.56,28.05,2583.0,9829.82,1.749
2026-01-07 17:44:00,610.22,1488.59,903.48,27.84,2596.65,9840.05,1.835
2026-01-07 17:45:00,611.82,1486.89,909.24,28.32,2581.89,9854.29,1.662
2026-01-07 17:46:00,611.3,1478.38,905.87,27.79,2579.31,9843.93,1.77
2026-01-07 17:47:00,609.34,1485.57,905.85,27.86,2580.42,9845.0,1.798
2026-01-07 17:48:00,609.82,1475.27,908.43,27.88,2587.15,9834.99,1.824
2026-01-07 17:49:00,609.48,1479.17,907.98,27.94,2579.64,9825.88,1.733
2026-01-07 17:50:00,608.04,1473.17,905.41,27.42,2569.47,9812.43,1.88
2026-01-07 17:51:00,613.17,1479.86,910.47,28.35,2578.1,9860.84,1.751
2026-01-07 17:52:00,606.18,1478.92,905.73,27.62,2581.1,9812.91,1.822
2026-01-07 17:53:00,606.81,1481.94,908.49,27.49,2585.41,9800.47,1.839
2026-01-07 17:54:00,612.32,1490.67,915.12,27.69,2577.99,9839.5,1.571
2026-01-07 17:55:00,609.54,1490.92,912.8,27.88,2580.49,9844.89,1.902
2026-01-07 17:56:00,601.51,1476.84,902.29,27.26,2581.13,9791.12,1.656
2026-01-07 17:57:00,612.81,1485.71,907.48,27.97,2576.37,9838.0,1.739
2026-01-07 17:58:00,610.81,1484.23,912.08,27.86,2582.39,9851.85,1.872
2026-01-07 17:59:00,610.0,1482.65,908.32,27.64,2586.56,9844.02,1.744
2026-01-07 18:00:00,611.22,1488.5,913.51,27.64,2573.97,9860.48,1.784
2026-01-07 18:01:00,610.09,1479.19,907.14,27.96,2584.7,9829.15,1.842
2026-01-07 18:02:00,602.7,1475.97,905.14,27.85,2573.03,9816.48,1.773
2026-01-07 18:03:00,610.78,1488.63,914.63,27.57,2574.6,9852.68,1.704
2026-01-07 18:04:00,609.19,1475.98,909.05,27.62,2576.42,9815.71,1.855
2026-01-07 18:05:00,607.79,1474.57,910.96,27.13,2591.49,9786.09,1.767
2026-01-07 18:06:00,604.86,1485.44,906.7,28.16,2568.79,9836.08,1.648
2026-01-07 18:07:00,612.98,1485.4,908.99,28.12,2579.74,9860.28,1.781
2026-01-07 18:08:00,606.21,1475.97,907.45,27.31,2580.21,9782.4,1.764
2026-01-07 18:09:00,611.75,1495.9,913.54,28.23,2593.28,9872.92,1.768
2026-01-07 18:10:00,604.08,1476.79,907.61,27.66,2598.01,9833.94,1.642
2026-01-07 18:11:00,615.14,1485.04,910.32,28.36,2580.07,9860.11,1.68
2026-01-07 18:12:00,607.02,1478.94,902.51,28.1,2586.73,9833.58,1.718
2026-01-07 18:13:00,610.11,1486.66,902.62,27.64,2582.04,9843.28,1.807
2026-01-07 18:14:00,606.57,1482.21,910.94,27.95,2581.12,9820.87,1.856
2026-01-07 18:15:00,603.07,1474.13,901.5,27.11,2583.17,9796.69,1.634
2026-01-07 18:16:00,616.27,1491.13,913.77,27.9,2571.71,9884.51,1.762
2026-01-07 18:17:00,605.22,1487.73,907.48,27.46,2580.89,9804.29,1.584
2026-01-07 18:18:00,611.86,1479.01,907.76,27.92,2585.93,9831.16,1.767
2026-01-07 18:19:00,615.6,1484.32,913.59,27.93,2576.98,9870.61,1.919
2026-01-07 18:20:00,610.6,1488.11,915.1,28.35,2589.14,9912.26,1.911
2026-01-07 18:21:00,610.22,1486.26,912.32,28.11,2569.82,9865.21,1.772
2026-01-07 18:22:00,601.06,1476.83,908.2,27.12,2581.48,9790.31,1.716
2026-01-07 18:23:00,605.48,1486.17,906.53,28.29,2593.52,9842.89,1.749
2026-01-07 18:24:00,607.86,1476.32,902.76,27.28,2578.98,9790.29,1.718
2026-01-07 18:25:00,614.15,1484.19,921.94,28.27,2575.39,9854.04,1.788
2026-01-07 18:26:00,604.76,1479.78,906.03,27.53,2569.93,9805.77,1.723
2026-01-07 18:27:00,606.56,1481.21,910.05,27.82,2584.33,9802.47,1.75
2026-01-07 18:28:00,605.55,1488.44,905.74,27.71,2590.17,9841.95,1.687
2026-01-07 18:29:00,607.44,1486.14,912.39,28.15,2583.02,9860.62,1.826
2026-01-07 18:30:00,612.4,1481.68,907.88,27.71,2579.55,9855.31,1.836
2026-01-07 18:31:00,612.88,1488.2,910.97,28.65,2568.83,9881.5,2.005
2026-01-07 18:32:00,606.28,1486.59,916.1,28.62,2584.96,9873.51,1.84
2026-01-07 18:33:00,612.06,1487.18,915.29,28.25,2577.52,9849.44,1.771
2026-01-07 18:34:00,613.39,1478.56,906.47,27.45,2576.32,9806.67,1.882
2026-01-07 18:35:00,611.47,1488.0,913.75,28.34,2598.0,9901.87,1.934
2026-01-07 18:36:00,606.54,1482.73,906.39,27.39,2566.74,9801.15,1.693
2026-01-07 18:37:00,613.99,1491.67,909.7,28.21,2570.76,9876.78,1.942
2026-01-07 18:38:00,615.54,1491.16,914.05,29.0,2587.11,9906.72,1.853
2026-01-07 18:39:00,612.52,1487.99,911.2,27.94,2579.99,9850.54,1.673
2026-01-07 18:40:00,610.57,1487.01,914.77,28.08,2579.37,9862.03,1.735
2026-01-07 18:41:00,603.33,1471.73,904.37,27.49,2581.88,9763.72,1.677
2026-01-07 18:42:00,604.99,1485.23,905.99,28.1,2584.67,9838.92,1.896
2026-01-07 18:43:00,608.44,1490.89,905.7,28.76,2576.62,9884.73,1.824
2026-01-07 18:44:00,612.13,1489.63,910.5,28.27,2579.42,9878.2,1.814
2026-01-07 18:45:00,606.25,1475.79,902.91,27.29,2582.02,9813.2,1.755
2026-01-07 18:46:00,609.79,1483.94,908.5,28.33,2584.46,9851.8,1.945
2026-01-07 18:47:00,604.78,1474.08,905.24,27.61,2584.47,9786.89,1.726
2026-01-07 18:48:00,610.56,1486.73,911.39,27.92,2579.0,9865.6,1.763
2026-01-07 18:49:00,606.56,1483.71,904.03,27.05,2583.2,9782.35,1.835
2026-01-07 18:50:00,613.51,1487.12,913.26,28.41,2592.46,9896.36,1.833
2026-01-07 18:51:00,613.87,1488.28,916.37,28.48,2584.4,9875.02,1.917
2026-01-07 18:52:00,608.9,1479.63,909.75,27.56,2579.93,9790.9,1.712
2026-01-07 18:53:00,610.14,1484.97,911.86,28.35,2582.38,9881.1,1.822
2026-01-07 18:54:00,609.32,1480.22,907.54,27.8,2577.68,9838.75,1.922
2026-01-07 18:55:00,608.24,1480.4,910.68,27.47,2575.32,9843.95,1.742
2026-01-07 18:56:00,610.57,1471.61,911.74,27.26,2579.02,9807.65,1.835
2026-01-07 18:57:00,609.47,1483.47,910.9,28.62,2587.28,9866.0,1.673
2026-01-07 18:58:00,606.64,1475.12,905.16,27.42,2573.69,9791.96,1.805
2026-01-07 18:59:00,607.18,1476.71,909.39,27.53,2580.21,9792.31,1.694
2026-01-07 19:00:00,610.43,1481.32,909.04,27.74,2580.9,9833.87,1.845
2026-01-07 19:01:00,610.19,1487.31,911.15,27.79,2596.73,9835.85,1.686
2026-01-07 19:02:00,610.01,1485.96,911.09,27.97,2588.62,9844.32,1.864
2026-01-07 19:03:00,612.91,1484.56,910.01,28.03,2588.43,9842.94,1.775
2026-01-07 19:04:00,613.32,1495.24,916.57,28.97,2592.18,9895.28,1.851
2026-01-07 19:05:00,609.58,1490.28,914.12,27.95,2578.92,9855.93,1.799
2026-01-07 19:06:00,614.84,1488.95,913.65,28.15,2594.5,9861.16,1.785
2026-01-07 19:07:00,608.36,1481.41,914.79,27.84,2584.33,9849.98,1.732
2026-01-07 19:08:00,616.18,1491.47,911.47,27.62,2582.92,9855.64,1.712
2026-01-07 19:09:00,605.99,1487.78,907.69,28.76,2574.82,9888.01,1.869
2026-01-07 19:10:00,609.77,1491.42,910.56,28.76,2580.69,9871.87,1.71
2026-01-07 19:11:00,607.12,1487.29,920.33,28.74,2570.46,9889.45,1.801
2026-01-07 19:12:00,603.55,1482.02,905.82,27.71,2579.89,9819.57,1.683
2026-01-07 19:13:00,608.17,1478.03,900.61,27.84,2576.43,9798.31,1.722
2026-01-07 19:14:00,610.68,1484.73,917.99,27.66,2578.36,9811.31,1.608
2026-01-07 19:15:00,608.25,1486.42,910.36,27.92,2571.01,9825.43,1.862
2026-01-07 19:16:00,615.2,1485.52,909.01,28.36,2589.55,9872.33,1.859
2026-01-07 19:17:00,613.02,1486.89,906.81,28.09,2587.72,9848.09,1.78
2026-01-07 19:18:00,611.03,1480.78,912.01,28.1,2596.85,9857.07,1.805
2026-01-07 19:19:00,603.55,1481.85,909.86,27.38,2593.72,9782.34,1.833
2026-01-07 19:20:00,612.58,1479.58,912.38,27.76,2584.29,9849.49,1.742
2026-01-07 19:21:00,606.74,1481.87,910.15,27.53,2589.37,9801.81,1.857
2026-01-07 19:22:00,611.63,1473.79,906.8,27.81,2585.1,9848.92,1.728
2026-01-07 19:23:00,609.07,1470.45,902.79,27.76,2578.41,9818.46,1.76
2026-01-07 19:24:00,609.87,1486.47,911.21,28.56,2580.6,9843.99,1.67
2026-01-07 19:25:00,611.0,1479.63,910.67,27.6,2586.3,9802.1,1.863
2026-01-07 19:26:00,608.72,1482.54,908.39,28.27,2615.57,9845.23,1.759
2026-01-07 19:27:00,613.21,1491.37,905.66,28.74,2593.81,9886.51,1.839
2026-01-07 19:28:00,612.64,1489.66,913.64,27.48,2585.09,9851.66,1.725
2026-01-07 19:29:00,609.87,1489.0,898.68,27.81,2586.34,9835.06,1.759
2026-01-07 19:30:00,613.63,1482.79,907.66,27.74,2585.59,9817.54,1.683
2026-01-07 19:31:00,605.82,1483.61,909.72,26.82,2580.21,9795.32,1.68
2026-01-07 19:32:00,604.74,1475.49,909.23,27.2,2586.76,9789.71,1.614
2026-01-07 19:33:00,609.87,1483.58,906.01,27.79,2581.11,9831.83,1.752
2026-01-07 19:34:00,619.06,1484.23,914.7,28.02,2575.84,9872.6,1.745
2026-01-07 19:35:00,614.65,1486.66,915.88,27.8,2586.92,9850.33,1.962
2026-01-07 19:36:00,610.19,1488.69,914.12,28.35,2587.9,9848.06,1.693
2026-01-07 19:37:00,609.68,1489.62,910.1,27.28,2582.3,9860.49,1.736
2026-01-07 19:38:00,610.09,1485.95,911.69,28.25,2585.97,9861.21,1.853
2026-01-07 19:39:00,609.47,1486.93,906.35,28.28,2590.58,9845.75,1.701
2026-01-07 19:40:00,611.49,1489.44,913.21,28.14,2582.98,9858.65,1.778
2026-01-07 19:41:00,610.12,1480.88,912.64,27.89,2577.96,9810.93,1.813
2026-01-07 19:42:00,612.24,1482.17,907.88,27.81,2577.02,9840.62,1.828
2026-01-07 19:43:00,615.87,1480.1,913.59,28.03,2581.67,9866.69,1.798
2026-01-07 19:44:00,610.2,1483.29,913.88,28.0,2595.24,9847.5,1.773
2026-01-07 19:45:00,615.44,1494.43,917.17,29.03,2584.73,9933.83,1.921
2026-01-07 19:46:00,607.59,1477.82,901.32,27.35,2584.26,9807.09,1.85
2026-01-07 19:47:00,609.91,1483.91,911.35,27.94,2580.31,9846.1,1.784
2026-01-07 19:48:00,609.34,1482.81,898.77,27.59,2579.01,9830.29,1.809
2026-01-07 19:49:00,611.79,1485.89,915.24,28.12,2576.9,9872.55,1.756
2026-01-07 19:50:00,614.61,1488.89,912.33,28.0,2584.58,9868.55,1.886
2026-01-07 19:51:00,610.58,1491.1,912.41,28.66,2580.48,9890.17,1.873
2026-01-07 19:52:00,611.07,1482.29,913.21,27.8,2593.27,9850.76,1.756
2026-01-07 19:53:00,608.54,1488.72,907.42,27.79,2582.39,9855.01,1.743
2026-01-07 19:54:00,611.28,1479.35,913.89,27.5,2581.89,9829.07,1.911
2026-01-07 19:55:00,615.32,1485.12,909.04,27.65,2580.27,9815.33,1.717
2026-01-07 19:56:00,609.6,1481.07,910.77,28.0,2585.41,9834.18,1.754
2026-01-07 19:57:00,616.56,1476.06,909.39,28.38,2595.44,9861.72,1.69
2026-01-07 19:58:00,609.14,1489.22,910.77,28.46,2575.85,9878.6,1.884
2026-01-07 19:59:00,610.93,1487.72,914.44,28.66,2586.74,9887.51,1.768
2026-01-07 20:00:00,609.91,1490.69,908.29,28.35,2571.5,9875.55,1.802
2026-01-07 20:01:00,611.2,1489.83,907.25,28.27,2593.19,9858.88,1.783
2026-01-07 20:02:00,607.91,1476.49,911.02,27.61,2580.57,9808.2,1.943
2026-01-07 20:03:00,614.07,1495.21,914.37,28.2,2572.14,9876.86,1.945
2026-01-07 20:04:00,603.22,1476.92,907.22,27.61,2572.36,9837.49,1.8
2026-01-07 20:05:00,610.12,1491.93,913.63,28.94,2591.25,9893.27,1.763
2026-01-07 20:06:00,618.31,1497.98,914.73,28.61,2571.38,9892.1,1.824
2026-01-07 20:07:00,607.52,1482.56,909.16,28.43,2585.68,9860.32,1.786
2026-01-07 20:08:00,608.76,1491.93,910.17,27.8,2579.73,9852.57,1.913
2026-01-07 20:09:00,612.93,1488.03,911.68,28.01,2581.72,9855.63,1.994
2026-01-07 20:10:00,611.93,1490.34,915.32,28.22,2579.24,9890.4,1.84
2026-01-07 20:11:00,608.82,1491.09,912.45,28.08,2575.05,9840.22,1.841
2026-01-07 20:12:00,611.67,1487.18,909.07,28.01,2579.53,9859.5,1.948
2026-01-07 20:13:00,614.59,1484.58,911.51,28.3,2588.84,9881.03,1.849
2026-01-07 20:14:00,610.93,1476.87,914.41,29.09,2582.41,9893.66,1.752
2026-01-07 20:15:00,612.04,1482.64,905.9,28.09,2586.07,9840.82,1.77
2026-01-07 20:16:00,610.98,1478.08,905.07,27.66,2579.47,9807.53,1.756
2026-01-07 20:17:00,615.15,1485.96,912.58,28.29,2589.61,9892.84,1.759
2026-01-07 20:18:00,611.32,1482.6,910.09,27.53,2586.25,9846.8,1.787
2026-01-07 20:19:00,616.37,1477.6,915.66,28.61,2579.71,9875.32,1.682
2026-01-07 20:20:00,612.14,1484.01,908.35,27.68,2576.04,9865.72,1.639
2026-01-07 20:21:00,606.13,1483.28,906.81,27.8,2590.34,9840.8,1.775
2026-01-07 20:22:00,611.42,1492.85,912.5,28.21,2577.69,9879.34,1.79
2026-01-07 20:23:00,615.77,1487.49,912.55,28.32,2588.59,9889.33,1.958
2026-01-07 20:24:00,610.75,1493.7,911.59,28.21,2584.14,9871.58,1.764
2026-01-07 20:25:00,606.52,1478.68,910.83,28.22,2580.7,9884.64,1.837
2026-01-07 20:26:00,609.75,1482.19,908.93,27.25,2585.03,9812.44,1.728
2026-01-07 20:27:00,613.06,1498.36,914.56,28.7,2595.79,9896.02,1.674
2026-01-07 20:28:00,618.35,1492.46,912.38,28.5,2588.65,9865.11,1.794
2026-01-07 20:29:00,610.68,1484.18,906.47,27.54,2583.89,9844.97,1.802
2026-01-07 20:30:00,613.85,1475.78,917.83,28.39,2596.95,9873.74,1.761
2026-01-07 20:31:00,611.3,1497.51,913.69,28.64,2571.07,9886.12,1.798
2026-01-07 20:32:00,614.81,1499.49,919.02,28.63,2575.61,9887.34,1.891
2026-01-07 20:33:00,612.3,1490.15,910.92,28.22,2580.04,9868.07,1.78
2026-01-07 20:34:00,617.09,1497.76,915.07,28.54,2596.35,9900.0,1.927
2026-01-07 20:35:00,609.7,1482.54,910.51,28.06,2590.1,9837.1,1.797
2026-01-07 20:36:00,609.23,1488.52,910.32,28.22,2569.61,9857.27,1.879
2026-01-07 20:37:00,611.43,1484.97,908.85,27.12,2578.2,9814.98,1.891
2026-01-07 20:38:00,609.07,1485.93,911.81,28.12,2572.88,9860.69,1.725
2026-01-07 20:39:00,612.93,1492.12,915.79,28.58,2584.33,9891.0,1.905
2026-01-07 20:40:00,615.84,1501.11,917.4,28.93,2593.76,9939.67,1.962
2026-01-07 20:41:00,612.07,1498.24,916.84,28.25,2591.69,9871.25,1.89
2026-01-07 20:42:00,611.48,1492.48,908.95,28.61,2586.56,9885.01,1.793
2026-01-07 20:43:00,610.51,1490.5,918.06,27.72,2579.31,9841.19,1.563
2026-01-07 20:44:00,616.2,1492.97,916.16,29.01,2585.02,9920.18,2.037
2026-01-07 20:45:00,612.74,1485.47,909.11,27.43,2587.44,9822.13,1.644
2026-01-07 20:46:00,613.77,1478.91,914.93,27.77,2601.95,9853.01,1.951
2026-01-07 20:47:00,616.98,1495.4,919.2,29.15,2576.46,9924.2,1.751
2026-01-07 20:48:00,606.35,1485.59,912.26,28.59,2596.54,9869.99,1.703
2026-01-07 20:49:00,611.8,1482.81,911.67,27.92,2585.56,9864.11,1.806
2026-01-07 20:50:00,614.99,1494.88,908.83,28.93,2591.58,9900.58,1.821
2026-01-07 20:51:00,616.69,1492.88,912.28,28.45,2585.79,9882.25,1.988
2026-01-07 20:52:00,611.32,1477.88,912.64,27.7,2594.95,9866.95,1.749
2026-01-07 20:53:00,616.32,1492.07,915.49,28.14,2587.09,9885.8,1.889
2026-01-07 20:54:00,614.77,1498.37,915.47,28.78,2579.64,9895.54,1.864
2026-01-07 20:55:00,609.89,1496.09,919.53,28.38,2588.9,9907.64,1.761
2026-01-07 20:56:00,612.59,1486.53,913.01,28.36,2593.5,9886.72,1.861
2026-01-07 20:57:00,610.92,1485.89,915.91,28.51,2584.53,9887.96,1.811
2026-01-07 20:58:00,614.2,1497.53,923.99,29.37,2570.12,9944.06,1.955
2026-01-07 20:59:00,614.86,1486.37,913.47,28.2,2582.5,9859.32,1.78
2026-01-07 21:00:00,611.7,1480.55,910.95,28.44,2583.88,9850.97,1.91
2026-01-07 21:01:00,612.38,1498.99,914.82,28.7,2585.3,9916.96,1.87
2026-01-07 21:02:00,613.43,1496.57,919.15,29.02,2581.96,9923.69,1.748
2026-01-07 21:03:00,615.04,1491.03,915.08,28.94,2596.01,9910.94,1.693
2026-01-07 21:04:00,612.74,1498.16,916.63,28.85,2565.98,9899.07,1.973
2026-01-07 21:05:00,612.69,1487.5,914.08,28.52,2584.48,9867.28,1.798
2026-01-07 21:06:00,611.28,1491.26,919.8,28.86,2586.71,9921.66,1.838
2026-01-07 21:07:00,614.63,1497.69,918.72,29.2,2602.82,9927.29,1.868
2026-01-07 21:08:00,608.63,1485.35,912.28,27.83,2583.02,9852.11,1.789
2026-01-07 21:09:00,611.77,1490.8,915.25,28.68,2588.61,9901.18,1.837
2026-01-07 21:10:00,618.4,1493.23,913.94,28.55,2585.23,9880.26,1.682
2026-01-07 21:11:00,610.63,1496.54,913.87,28.67,2584.99,9880.25,1.887
2026-01-07 21:12:00,612.93,1491.32,919.58,28.97,2599.52,9910.73,1.849
2026-01-07 21:13:00,612.43,1496.85,914.53,28.68,2576.03,9898.14,1.882
2026-01-07 21:14:00,614.06,1488.49,912.05,28.71,2579.78,9903.14,1.785
2026-01-07 21:15:00,611.98,1491.15,913.33,28.62,2590.44,9884.69,1.815
2026-01-07 21:16:00,614.11,1493.89,912.09,28.64,2585.26,9853.86,1.679
2026-01-07 21:17:00,613.34,1494.15,918.74,29.2,2583.63,9923.09,1.934
2026-01-07 21:18:00,613.37,1488.88,913.67,28.47,2583.5,9875.86,1.8
2026-01-07 21:19:00,612.43,1498.09,917.99,28.77,2593.58,9932.67,1.66
2026-01-07 21:20:00,615.08,1502.45,917.66,29.49,2591.91,9977.82,1.86
2026-01-07 21:21:00,620.17,1501.23,917.9,28.99,2580.44,9929.43,1.881
2026-01-07 21:22:00,610.38,1488.32,910.88,28.68,2586.21,9882.25,1.932
2026-01-07 21:23:00,617.05,1498.4,913.16,29.07,2586.44,9947.26,1.747
2026-01-07 21:24:00,613.37,1493.53,910.91,29.2,2589.81,9926.91,1.953
2026-01-07 21:25:00,615.11,1500.17,919.75,29.31,2584.2,9945.46,1.919
2026-01-07 21:26:00,617.98,1491.3,915.48,28.89,2575.68,9908.95,1.798
2026-01-07 21:27:00,618.37,1501.52,924.84,29.14,2591.89,9938.88,1.929
2026-01-07 21:28:00,609.5,1497.45,911.36,28.63,2589.66,9906.96,1.858
2026-01-07 21:29:00,622.7,1486.89,921.98,28.19,2595.58,9880.82,1.769
2026-01-07 21:30:00,609.26,1488.15,912.04,28.43,2573.24,9868.47,1.893
2026-01-07 21:31:00,620.28,1490.74,912.59,29.05,2585.59,9929.75,1.962
2026-01-07 21:32:00,613.0,1486.57,909.39,28.53,2583.49,9908.64,1.721
2026-01-07 21:33:00,612.32,1495.46,915.47,29.53,2584.17,9960.19,1.903
2026-01-07 21:34:00,613.92,1496.87,919.34,29.83,2573.55,9922.54,1.832
2026-01-07 21:35:00,613.37,1489.32,917.36,28.99,2577.52,9927.11,1.886
2026-01-07 21:36:00,613.29,1495.85,915.01,29.49,2588.34,9930.33,1.824
2026-01-07 21:37:00,616.27,1494.48,921.41,28.58,2582.62,9941.58,1.981
2026-01-07 21:38:00,615.69,1494.62,916.26,28.74,2578.75,9909.17,1.684
2026-01-07 21:39:00,615.95,1499.79,908.45,28.66,2595.66,9879.74,1.827
2026-01-07 21:40:00,616.42,1496.21,921.57,29.01,2604.96,9924.92,1.804
2026-01-07 21:41:00,613.79,1487.77,911.61,28.58,2584.72,9904.42,1.812
2026-01-07 21:42:00,610.95,1490.39,910.46,28.46,2572.34,9883.49,1.661
2026-01-07 21:43:00,612.62,1490.98,913.73,28.97,2588.3,9903.32,1.932
2026-01-07 21:44:00,614.33,1495.44,918.32,29.36,2568.74,9910.79,1.724
2026-01-07 21:45:00,611.55,1495.61,914.61,29.21,2574.96,9919.67,1.879
2026-01-07 21:46:00,617.95,1487.07,906.84,28.46,2588.02,9892.54,1.778
2026-01-07 21:47:00,615.2,1489.62,914.21,28.74,2574.26,9908.52,1.812
2026-01-07 21:48:00,617.92,1503.92,922.48,29.64,2585.64,9977.47,1.935
2026-01-07 21:49:00,617.62,1499.77,915.99,28.65,2573.68,9914.05,1.937
2026-01-07 21:50:00,608.65,1494.23,920.05,28.88,2586.16,9918.27,1.735
2026-01-07 21:51:00,622.8,1501.84,920.97,29.28,2595.95,9950.54,1.834
2026-01-07 21:52:00,614.69,1491.4,917.28,28.89,2581.61,9938.84,1.88
2026-01-07 21:53:00,615.06,1500.49,917.34,29.15,2585.62,9919.91,1.839
2026-01-07 21:54:00,609.5,1493.91,911.78,28.43,2577.4,9872.43,1.875
2026-01-07 21:55:00,621.03,1506.72,921.77,29.85,2582.96,10000.93,2.028
2026-01-07 21:56:00,622.11,1500.05,919.18,29.37,2580.28,9949.59,1.813
2026-01-07 21:57:00,624.0,1506.31,923.53,29.69,2594.98,9994.99,1.836
2026-01-07 21:58:00,613.23,1493.02,915.42,28.64,2573.96,9906.95,1.877
2026-01-07 21:59:00,608.32,1492.29,913.39,28.91,2582.51,9904.19,1.736
2026-01-07 22:00:00,614.84,1501.57,915.25,29.19,2589.42,9929.42,1.888
2026-01-07 22:01:00,613.84,1494.47,913.97,28.92,2593.36,9927.92,1.845
2026-01-07 22:02:00,612.96,1503.13,921.49,29.07,2589.44,9923.41,1.833
2026-01-07 22:03:00,619.29,1498.62,917.27,29.32,2586.35,9949.75,1.923
2026-01-07 22:04:00,615.92,1495.77,912.12,28.9,2581.85,9935.99,1.817
2026-01-07 22:05:00,616.95,1492.62,916.44,29.18,2594.0,9941.1,2.122
2026-01-07 22:06:00,618.87,1500.73,920.05,29.58,2580.42,9960.53,1.851
2026-01-07 22:07:00,617.48,1497.54,917.07,28.82,2578.37,9904.81,1.772
2026-01-07 22:08:00,615.51,1498.56,913.87,28.33,2596.02,9905.02,2.014
2026-01-07 22:09:00,622.17,1503.61,923.86,29.64,2590.59,9969.7,1.88
2026-01-07 22:10:00,617.27,1506.22,921.8,29.42,2590.33,9955.78,1.786
2026-01-07 22:11:00,616.65,1511.1,924.25,29.22,2592.78,9976.88,1.875
2026-01-07 22:12:00,615.59,1501.01,917.96,28.61,2584.62,9909.66,1.982
2026-01-07 22:13:00,614.21,1482.81,915.29,28.63,2572.95,9886.02,1.838
2026-01-07 22:14:00,618.01,1497.43,914.86,29.49,2588.39,9935.48,1.782
2026-01-07 22:15:00,614.46,1496.04,907.78,28.66,2585.99,9929.28,1.927
2026-01-07 22:16:00,615.63,1492.37,918.55,29.22,2579.0,9922.39,1.896
2026-01-07 22:17:00,618.82,1500.03,913.3,28.16,2576.13,9896.07,1.874
2026-01-07 22:18:00,613.45,1506.52,921.42,29.61,2586.36,9944.46,1.732
2026-01-07 22:19:00,621.9,1492.11,919.42,28.96,2575.15,9926.05,1.764
2026-01-07 22:20:00,613.92,1499.82,917.11,28.87,2584.95,9928.19,1.726
2026-01-07 22:21:00,618.47,1508.72,919.23,29.67,2585.55,9968.49,1.855
2026-01-07 22:22:00,616.23,1497.27,916.96,28.88,2585.35,9933.61,1.971
2026-01-07 22:23:00,618.34,1503.33,920.85,29.51,2590.29,9953.26,1.721
2026-01-07 22:24:00,617.04,1500.7,922.58,29.83,2593.45,9989.42,1.804
2026-01-07 22:25:00,619.51,1508.26,918.59,28.63,2581.97,9968.51,1.745
2026-01-07 22:26:00,616.18,1508.4,915.48,29.02,2593.56,9941.25,1.923
2026-01-07 22:27:00,616.23,1503.52,921.26,29.45,2585.39,9955.1,2.021
2026-01-07 22:28:00,614.48,1504.56,921.06,29.84,2601.68,9968.27,1.902
2026-01-07 22:29:00,620.0,1502.76,924.33,29.96,2583.86,9991.02,1.938
2026-01-07 22:30:00,617.65,1506.2,920.54,29.45,2573.6,9938.23,1.855
2026-01-07 22:31:00,609.26,1493.94,915.21,28.5,2591.78,9902.98,1.816
2026-01-07 22:32:00,614.87,1498.48,918.1,29.56,2590.46,9952.82,1.925
2026-01-07 22:33:00,618.63,1507.59,920.45,29.77,2597.27,9968.36,1.809
2026-01-07 22:34:00,618.65,1497.69,925.76,28.72,2588.81,9934.31,1.906
2026-01-07 22:35:00,617.17,1504.77,922.87,30.57,2608.47,10022.15,1.901
2026-01-07 22:36:00,616.82,1505.6,918.96,29.26,2584.96,9937.85,1.855
2026-01-07 22:37:00,615.12,1495.91,922.5,29.62,2596.35,9976.69,1.844
2026-01-07 22:38:00,621.5,1508.94,924.04,29.91,2584.65,9999.2,1.738
2026-01-07 22:39:00,615.85,1496.21,920.14,29.08,2590.87,9949.86,1.927
2026-01-07 22:40:00,619.48,1495.4,918.16,29.65,2592.84,9962.1,1.867
2026-01-07 22:41:00,618.57,1508.14,918.46,29.81,2594.78,9980.13,1.886
2026-01-07 22:42:00,611.23,1497.89,917.09,29.19,2592.27,9927.24,2.001
2026-01-07 22:43:00,617.38,1498.69,919.35,29.29,2560.85,9944.82,1.874
2026-01-07 22:44:00,616.54,1500.97,920.95,29.72,2587.36,9974.81,1.827
2026-01-07 22:45:00,621.06,1504.15,923.24,29.37,2582.67,9958.32,1.75
2026-01-07 22:46:00,625.24,1506.41,926.77,30.18,2585.6,9993.19,1.876
2026-01-07 22:47:00,617.17,1499.95,920.83,29.11,2583.55,9921.08,1.878
2026-01-07 22:48:00,613.83,1494.14,914.11,28.6,2592.44,9890.14,1.705
2026-01-07 22:49:00,619.72,1504.26,925.79,29.76,2589.93,9985.0,1.982
2026-01-07 22:50:00,620.61,1510.86,917.27,29.27,2584.0,9978.68,1.858
2026-01-07 22:51:00,620.85,1498.38,920.53,28.63,2574.57,9933.93,1.841
2026-01-07 22:52:00,618.73,1499.08,924.66,29.53,2600.05,9971.68,1.883
2026-01-07 22:53:00,620.86,1502.62,919.81,30.05,2582.94,9980.24,1.777
2026-01-07 22:54:00,613.04,1501.49,915.52,29.4,2586.62,9968.42,1.839
2026-01-07 22:55:00,618.08,1508.68,919.68,29.1,2603.84,9944.53,1.895
2026-01-07 22:56:00,616.9,1505.19,926.84,29.55,2583.34,9984.91,1.888
2026-01-07 22:57:00,620.43,1503.95,928.64,29.85,2587.21,10013.53,1.879
2026-01-07 22:58:00,614.26,1496.33,922.57,28.91,2588.2,9934.45,1.828
2026-01-07 22:59:00,619.59,1505.12,918.25,29.63,2574.76,9967.15,1.925
2026-01-07 23:00:00,620.13,1496.5,921.23,29.79,2574.86,9993.44,2.014
2026-01-07 23:01:00,619.13,1498.53,929.46,29.7,2584.55,9987.6,1.883
2026-01-07 23:02:00,616.88,1505.34,924.58,29.58,2584.55,9980.29,1.82
2026-01-07 23:03:00,619.62,1506.17,916.12,29.48,2588.27,9956.44,2.069
2026-01-07 23:04:00,625.18,1513.25,927.2,30.32,2581.71,10016.69,2.003
2026-01-07 23:05:00,623.1,1504.26,918.72,29.05,2590.95,9963.64,1.868
2026-01-07 23:06:00,619.76,1508.72,920.68,29.06,2569.44,9943.45,1.814
2026-01-07 23:07:00,617.32,1498.37,920.99,29.12,2585.81,9935.19,1.993
2026-01-07 23:08:00,614.88,1501.08,919.67,29.38,2589.62,9944.6,1.795
2026-01-07 23:09:00,623.6,1507.21,921.98,29.95,2591.3,9994.31,1.904
2026-01-07 23:10:00,614.23,1507.97,926.41,29.87,2586.61,9974.95,1.943
2026-01-07 23:11:00,623.54,1523.52,926.12,29.69,2583.74,10003.34,1.927
2026-01-07 23:12:00,620.6,1507.13,924.83,30.05,2587.22,9996.44,1.829
2026-01-07 23:13:00,617.12,1514.63,933.6,30.71,2599.33,10014.7,1.889
2026-01-07 23:14:00,619.28,1510.14,921.75,29.46,2582.49,9958.75,1.874
2026-01-07 23:15:00,616.62,1502.22,920.24,29.43,2594.98,9955.3,1.779
2026-01-07 23:16:00,616.91,1495.59,919.65,29.83,2597.12,9977.64,1.876
2026-01-07 23:17:00,618.0,1510.6,918.53,29.28,2573.29,9955.98,1.99
2026-01-07 23:18:00,618.22,1504.1,916.65,29.07,2585.82,9947.33,2.01
2026-01-07 23:19:00,620.08,1495.69,925.91,30.27,2581.82,10019.46,1.907
2026-01-07 23:20:00,618.48,1509.92,924.61,29.83,2577.6,10018.64,1.919
2026-01-07 23:21:00,623.71,1509.91,934.41,30.47,2596.31,10027.82,1.916
2026-01-07 23:22:00,620.05,1507.06,921.79,30.02,2592.34,9991.29,1.733
2026-01-07 23:23:00,627.81,1515.17,925.85,30.2,2592.77,10045.67,1.984
2026-01-07 23:24:00,621.8,1508.83,923.7,30.16,2580.55,10009.0,1.937
2026-01-07 23:25:00,619.97,1506.25,916.89,29.38,2588.91,9957.24,1.956
2026-01-07 23:26:00,626.81,1516.79,921.47,30.83,2579.75,10034.63,2.023
2026-01-07 23:27:00,619.13,1507.07,921.69,29.67,2587.58,9950.47,1.918
2026-01-07 23:28:00,618.83,1504.1,915.55,29.7,2582.1,9961.43,1.927
2026-01-07 23:29:00,615.02,1501.54,925.59,30.27,2597.22,9997.95,1.824
2026-01-07 23:30:00,621.01,1497.61,924.36,29.61,2585.1,9977.27,1.904
2026-01-07 23:31:00,624.64,1510.52,926.37,30.01,2590.58,9995.96,1.793
2026-01-07 23:32:00,620.92,1503.54,922.91,29.78,2590.29,9988.07,1.868
2026-01-07 23:33:00,619.46,1514.34,932.48,29.76,2588.32,10000.99,2.04
2026-01-07 23:34:00,622.66,1514.2,925.29,30.27,2590.47,10019.09,1.967
2026-01-07 23:35:00,619.51,1501.7,920.34,29.83,2590.89,9989.03,1.923
2026-01-07 23:36:00,620.27,1503.19,930.79,29.77,2581.2,9986.58,1.895
2026-01-07 23:37:00,617.58,1505.83,921.99,29.37,2590.3,9953.45,1.869
2026-01-07 23:38:00,623.25,1501.47,920.09,29.57,2594.49,9966.3,1.894
2026-01-07 23:39:00,622.05,1516.68,920.69,30.57,2593.1,10026.44,1.938
2026-01-07 23:40:00,622.37,1508.81,924.45,29.96,2586.38,10008.39,1.969
2026-01-07 23:41:00,617.76,1505.03,920.61,29.43,2589.56,9981.42,2.056
2026-01-07 23:42:00,616.45,1494.67,917.61,29.51,2584.05,9950.28,1.984
2026-01-07 23:43:00,619.13,1519.41,919.56,30.58,2589.01,10027.63,1.898
2026-01-07 23:44:00,623.38,1505.56,921.85,29.93,2578.94,9988.38,1.851
2026-01-07 23:45:00,621.3,1513.66,927.81,29.89,2600.46,10013.62,1.879
2026-01-07 23:46:00,620.59,1504.03,920.4,29.7,2603.6,9980.26,1.843
2026-01-07 23:47:00,615.98,1504.79,921.67,29.85,2582.6,9983.16,1.757
2026-01-07 23:48:00,618.76,1512.07,924.11,29.98,2595.91,10018.79,1.935
2026-01-07 23:49:00,625.02,1521.11,930.76,30.71,2603.17,10067.41,1.935
2026-01-07 23:50:00,622.19,1515.67,932.04,30.34,2582.33,10028.26,1.932
2026-01-07 23:51:00,622.59,1515.22,926.37,30.52,2572.28,10016.9,1.884
2026-01-07 23:52:00,627.44,1514.91,922.83,30.34,2601.87,10021.79,1.933
2026-01-07 23:53:00,613.84,1506.37,921.36,29.34,2587.28,9960.77,1.825
2026-01-07 23:54:00,622.45,1504.11,924.27,30.01,2584.93,10004.96,1.863
2026-01-07 23:55:00,618.95,1500.64,916.54,29.15,2587.27,9948.58,2.028
2026-01-07 23:56:00,623.42,1512.95,926.87,30.7,2588.28,10060.31,1.864
2026-01-07 23:57:00,623.6,1515.21,926.44,30.49,2613.47,10023.4,2.18
2026-01-07 23:58:00,625.61,1514.69,926.26,29.84,2585.6,10024.63,1.823
2026-01-07 23:59:00,622.27,1513.76,925.2,30.4,2591.74,10005.96,1.849
2026-01-08 00:00:00,618.81,1508.51,917.63,30.12,2597.99,9968.08,1.783
2026-01-08 00:01:00,619.31,1516.96,923.95,30.73,2601.2,10051.85,1.924
2026-01-08 00:02:00,623.32,1513.59,930.08,30.7,2600.31,10068.33,1.698
2026-01-08 00:03:00,619.6,1505.2,929.83,30.87,2587.19,10043.9,2.027
2026-01-08 00:04:00,623.72,1509.07,921.18,30.36,2588.54,10022.42,1.864
2026-01-08 00:05:00,617.58,1511.58,919.84,29.82,2571.36,9996.48,1.933
2026-01-08 00:06:00,621.95,1523.53,926.17,30.49,2590.43,10054.85,2.096
2026-01-08 00:07:00,622.96,1513.17,921.54,30.53,2591.01,10047.91,1.91
2026-01-08 00:08:00,617.67,1504.93,914.88,30.0,2594.7,9996.82,1.939
2026-01-08 00:09:00,625.05,1510.42,926.06,30.29,2603.47,10005.5,1.842
2026-01-08 00:10:00,620.74,1512.62,924.37,30.08,2594.62,10001.14,1.978
2026-01-08 00:11:00,623.15,1509.52,927.85,30.42,2598.36,10023.42,1.958
2026-01-08 00:12:00,623.79,1511.76,928.22,30.38,2590.12,10035.18,1.84
2026-01-08 00:13:00,623.54,1511.86,924.61,30.44,2599.84,10017.47,2.034
2026-01-08 00:14:00,626.13,1520.95,926.89,30.68,2591.13,10055.36,1.95
2026-01-08 00:15:00,623.29,1517.32,930.54,31.25,2600.34,10059.76,1.949
2026-01-08 00:16:00,622.41,1509.91,931.52,30.37,2596.88,10039.97,2.0
2026-01-08 00:17:00,622.2,1515.89,926.16,30.65,2593.66,10041.9,2.029
2026-01-08 00:18:00,628.58,1525.6,931.11,31.91,2580.52,10101.68,1.917
2026-01-08 00:19:00,618.27,1514.55,926.52,30.8,2599.21,10040.4,2.02
2026-01-08 00:20:00,616.56,1509.95,926.15,30.3,2592.26,10009.0,1.922
2026-01-08 00:21:00,618.64,1512.47,923.49,30.31,2595.21,10018.03,1.907
2026-01-08 00:22:00,618.24,1513.89,927.96,30.41,2592.56,10029.8,1.885
2026-01-08 00:23:00,619.39,1505.87,925.73,29.57,2591.64,9970.8,1.905
2026-01-08 00:24:00,622.15,1512.85,929.8,30.82,2602.09,10071.96,1.86
2026-01-08 00:25:00,620.62,1506.81,926.6,29.34,2584.31,9979.72,1.828
2026-01-08 00:26:00,625.74,1510.45,930.91,30.76,2594.4,10045.51,1.816
2026-01-08 00:27:00,622.17,1508.17,928.2,29.52,2582.39,9992.93,1.972
2026-01-08 00:28:00,624.24,1512.5,925.69,30.33,2594.0,10012.72,1.935
2026-01-08 00:29:00,627.25,1521.82,931.89,30.64,2593.0,10054.14,1.977
2026-01-08 00:30:00,627.02,1526.93,934.8,30.96,2587.34,10089.88,1.953
2026-01-08 00:31:00,615.62,1519.56,928.43,30.36,2589.67,10000.86,1.897
2026-01-08 00:32:00,619.41,1508.44,928.46,30.18,2585.93,10040.9,1.931
2026-01-08 00:33:00,624.09,1512.06,928.37,29.91,2586.11,10006.22,1.944
2026-01-08 00:34:00,623.15,1517.6,923.61,30.22,2592.8,10027.6,1.812
2026-01-08 00:35:00,624.71,1514.48,928.49,30.41,2592.14,10028.3,1.943
2026-01-08 00:36:00,632.75,1518.48,934.19,30.25,2574.72,10030.71,1.974
2026-01-08 00:37:00,624.02,1510.78,932.67,30.75,2592.99,10029.36,1.976
2026-01-08 00:38:00,627.94,1527.83,933.45,31.14,2590.77,10110.7,2.169
2026-01-08 00:39:00,625.98,1518.98,935.22,31.61,2587.3,10044.5,1.971
2026-01-08 00:40:00,619.77,1511.52,926.3,30.19,2581.22,10034.67,2.011
2026-01-08 00:41:00,625.78,1519.53,930.36,31.4,2590.46,10049.7,2.031
2026-01-08 00:42:00,622.78,1522.87,927.58,30.51,2585.42,10018.27,1.868
2026-01-08 00:43:00,630.19,1516.6,934.8,30.94,2601.9,10072.57,2.038
2026-01-08 00:44:00,617.89,1513.31,926.31,30.42,2575.96,10027.37,1.781
2026-01-08 00:45:00,622.47,1512.77,924.62,30.03,2581.56,10009.76,1.855
2026-01-08 00:46:00,622.22,1517.81,931.26,30.6,2582.14,10038.58,2.0
2026-01-08 00:47:00,623.34,1525.48,929.53,31.02,2594.47,10090.27,1.901
2026-01-08 00:48:00,628.55,1528.1,933.24,31.16,2601.16,10074.13,2.063
2026-01-08 00:49:00,626.51,1521.11,927.62,31.36,2596.73,10098.18,2.082
2026-01-08 00:50:00,629.23,1513.32,933.38,30.49,2582.29,10055.46,1.995
2026-01-08 00:51:00,623.59,1517.39,923.99,30.84,2587.61,10055.29,1.984
2026-01-08 00:52:00,625.49,1520.89,930.12,31.24,2585.77,10086.23,1.969
2026-01-08 00:53:00,628.26,1502.91,923.33,29.79,2592.86,9997.69,1.926
2026-01-08 00:54:00,618.71,1515.44,922.6,30.02,2585.67,10009.7,2.003
2026-01-08 00:55:00,624.06,1518.14,930.94,31.19,2580.68,10079.67,2.075
2026-01-08 00:56:00,615.9,1514.65,925.93,30.84,2595.23,10042.76,1.958
2026-01-08 00:57:00,624.16,1516.26,932.3,30.69,2601.13,10054.87,1.853
2026-01-08 00:58:00,627.37,1518.55,929.83,30.91,2589.46,10051.33,1.934
2026-01-08 00:59:00,626.94,1525.12,931.42,31.37,2593.01,10081.17,2.004
2026-01-08 01:00:00,627.5,1523.09,930.06,31.45,2580.11,10084.22,2.05
2026-01-08 01:01:00,624.82,1530.96,934.59,31.38,2576.13,10095.45,2.031
2026-01-08 01:02:00,625.51,1522.66,931.56,30.82,2577.15,10078.44,2.085
2026-01-08 01:03:00,623.96,1520.65,931.26,30.91,2590.53,10051.49,1.903
2026-01-08 01:04:00,625.93,1519.25,933.24,31.13,2589.86,10088.24,1.936
2026-01-08 01:05:00,625.24,1517.25,932.08,30.75,2595.09,10047.1,2.033
2026-01-08 01:06:00,624.66,1523.27,931.68,30.97,2590.58,10084.21,1.913
2026-01-08 01:07:00,630.43,1534.75,937.22,31.93,2602.8,10154.48,1.969
2026-01-08 01:08:00,626.04,1521.89,934.72,31.06,2599.47,10092.7,1.999
2026-01-08 01:09:00,625.1,1524.17,932.55,30.75,2589.48,10081.42,2.044
2026-01-08 01:10:00,625.08,1517.13,928.35,31.13,2584.57,10095.34,2.014
2026-01-08 01:11:00,624.67,1525.24,936.21,31.1,2577.51,10101.58,1.793
2026-01-08 01:12:00,627.93,1523.86,936.1,31.44,2604.15,10097.43,1.987
2026-01-08 01:13:00,624.77,1523.79,932.89,30.99,2585.02,10094.39,1.936
2026-01-08 01:14:00,626.59,1525.64,933.76,30.7,2579.46,10065.26,2.065
2026-01-08 01:15:00,629.27,1524.71,935.13,31.64,2594.67,10122.04,1.898
2026-01-08 01:16:00,626.24,1523.42,934.63,31.8,2580.9,10100.47,2.047
2026-01-08 01:17:00,629.51,1521.19,927.85,31.16,2593.8,10099.86,2.002
2026-01-08 01:18:00,630.78,1519.72,928.14,30.92,2589.88,10094.66,2.017
2026-01-08 01:19:00,626.45,1526.59,932.63,31.16,2600.61,10111.27,2.075
2026-01-08 01:20:00,624.71,1515.84,929.97,30.44,2597.5,10049.41,1.939
2026-01-08 01:21:00,628.47,1523.41,926.8,30.63,2600.04,10059.88,1.972
2026-01-08 01:22:00,622.12,1520.49,925.58,31.13,2592.15,10041.52,2.088
2026-01-08 01:23:00,623.88,1521.53,927.9,30.77,2583.58,10040.15,2.028
2026-01-08 01:24:00,627.47,1525.27,933.96,31.48,2585.12,10116.33,2.09
2026-01-08 01:25:00,627.48,1520.58,932.66,31.24,2586.92,10058.48,2.035
2026-01-08 01:26:00,625.5,1524.4,937.01,30.72,2607.4,10065.72,2.122
2026-01-08 01:27:00,627.74,1526.43,927.77,30.92,2589.89,10077.03,2.027
2026-01-08 01:28:00,625.03,1525.13,933.5,31.31,2594.32,10106.51,2.017
2026-01-08 01:29:00,628.87,1531.77,938.83,31.31,2604.11,10079.0,2.033
2026-01-08 01:30:00,624.2,1522.48,928.42,31.52,2595.4,10115.04,1.97
2026-01-08 01:31:00,629.25,1516.56,929.53,31.44,2585.99,10079.52,2.05
2026-01-08 01:32:00,626.66,1521.09,934.59,31.21,2597.95,10082.76,2.068
2026-01-08 01:33:00,620.08,1523.28,931.59,31.1,2588.02,10065.9,1.944
2026-01-08 01:34:00,629.32,1529.1,935.99,31.54,2596.99,10148.74,2.037
2026-01-08 01:35:00,625.32,1511.15,930.09,30.17,2594.72,10044.58,1.98
2026-01-08 01:36:00,624.01,1521.25,934.69,31.19,2589.6,10120.09,1.969
2026-01-08 01:37:00,624.56,1518.46,933.23,30.91,2593.35,10076.26,1.897
2026-01-08 01:38:00,628.46,1522.55,935.61,31.32,2606.65,10127.5,2.008
2026-01-08 01:39:00,623.83,1517.82,926.33,31.14,2586.29,10062.11,1.973
2026-01-08 01:40:00,627.6,1523.81,935.04,31.24,2603.18,10096.51,2.051
2026-01-08 01:41:00,626.98,1520.64,937.72,31.16,2587.12,10075.91,2.024
2026-01-08 01:42:00,626.25,1525.61,939.0,31.6,2608.29,10128.28,2.024
2026-01-08 01:43:00,634.17,1528.29,935.62,31.41,2585.55,10090.01,2.038
2026-01-08 01:44:00,624.97,1516.33,936.51,30.5,2588.62,10074.23,1.936
2026-01-08 01:45:00,627.36,1518.92,933.01,30.85,2603.48,10065.01,1.849
2026-01-08 01:46:00,633.87,1536.69,938.51,31.73,2605.97,10120.04,2.004
2026-01-08 01:47:00,628.1,1517.95,936.09,31.33,2598.88,10088.5,2.011
2026-01-08 01:48:00,629.26,1517.13,932.45,31.36,2584.43,10107.91,1.962
2026-01-08 01:49:00,630.71,1519.82,937.69,30.69,2592.8,10083.55,1.869
2026-01-08 01:50:00,628.85,1515.51,929.6,31.12,2591.44,10065.24,1.901
2026-01-08 01:51:00,634.14,1541.95,937.25,32.27,2588.88,10175.82,1.977
2026-01-08 01:52:00,628.94,1523.32,930.12,31.51,2599.06,10118.17,1.909
2026-01-08 01:53:00,628.62,1522.86,928.58,31.91,2586.62,10101.38,2.008
2026-01-08 01:54:00,629.71,1524.74,930.27,31.61,2583.18,10118.81,2.114
2026-01-08 01:55:00,630.95,1534.36,935.57,31.46,2580.55,10118.99,2.023
2026-01-08 01:56:00,624.15,1528.23,935.23,31.17,2606.42,10098.63,2.095
2026-01-08 01:57:00,629.6,1530.0,929.17,31.1,2587.54,10070.27,1.766
2026-01-08 01:58:00,626.44,1524.27,926.84,31.38,2589.59,10118.71,2.035
2026-01-08 01:59:00,627.65,1517.82,930.2,31.32,2584.13,10089.61,2.037
2026-01-08 02:00:00,622.49,1528.95,929.42,31.67,2603.9,10104.6,1.945
2026-01-08 02:01:00,628.97,1527.21,942.51,31.55,2582.41,10117.42,1.947
2026-01-08 02:02:00,626.86,1521.9,933.34,31.58,2583.13,10099.66,1.973
2026-01-08 02:03:00,626.0,1521.31,934.63,30.7,2588.42,10054.03,2.032
2026-01-08 02:04:00,630.34,1533.34,936.47,31.88,2594.66,10152.75,1.957
2026-01-08 02:05:00,622.07,1523.05,936.19,30.76,2597.59,10088.21,1.926
2026-01-08 02:06:00,627.25,1524.73,935.05,31.44,2587.47,10102.51,1.9
2026-01-08 02:07:00,630.78,1530.4,936.1,32.18,2607.33,10156.53,2.104
2026-01-08 02:08:00,630.33,1527.1,935.45,31.8,2588.06,10116.33,1.961
2026-01-08 02:09:00,629.13,1528.34,934.07,31.77,2585.32,10115.73,2.009
2026-01-08 02:10:00,625.08,1521.57,931.49,31.92,2584.15,10105.13,2.045
2026-01-08 02:11:00,627.05,1523.22,926.59,30.65,2585.03,10059.92,1.926
2026-01-08 02:12:00,633.48,1528.32,940.78,31.24,2582.91,10086.66,1.873
2026-01-08 02:13:00,632.77,1530.36,937.72,31.74,2600.44,10142.45,2.082
2026-01-08 02:14:00,625.02,1527.56,932.69,31.74,2585.25,10112.32,2.06
2026-01-08 02:15:00,634.69,1524.29,935.53,31.14,2591.81,10102.55,2.133
2026-01-08 02:16:00,632.36,1529.3,934.48,31.72,2585.0,10111.74,2.038
2026-01-08 02:17:00,630.25,1516.01,935.7,30.71,2582.12,10067.49,1.979
2026-01-08 02:18:00,626.44,1541.29,935.74,31.67,2602.05,10110.9,2.035
2026-01-08 02:19:00,628.74,1518.61,935.88,31.88,2606.29,10117.71,2.004
2026-01-08 02:20:00,634.37,1533.42,938.19,32.04,2606.05,10180.12,2.076
2026-01-08 02:21:00,626.8,1530.31,937.24,31.32,2581.93,10123.78,1.976
2026-01-08 02:22:00,629.35,1527.68,933.72,31.52,2582.48,10109.24,2.032
2026-01-08 02:23:00,633.68,1524.87,939.54,31.59,2609.24,10116.27,2.04
2026-01-08 02:24:00,628.34,1524.7,936.16,31.69,2591.96,10131.24,2.018
2026-01-08 02:25:00,634.77,1530.5,944.3,31.61,2582.91,10129.0,1.954
2026-01-08 02:26:00,631.62,1523.39,935.71,31.07,2601.27,10095.84,1.88
2026-01-08 02:27:00,623.07,1519.24,930.98,31.45,2593.39,10101.96,1.962
2026-01-08 02:28:00,624.95,1526.21,930.42,31.1,2597.35,10100.32,1.952
2026-01-08 02:29:00,633.17,1533.32,934.67,31.79,2575.91,10126.62,1.996
2026-01-08 02:30:00,629.76,1534.48,936.91,32.29,2593.3,10180.5,2.042
2026-01-08 02:31:00,632.87,1532.61,941.1,31.49,2601.11,10119.08,2.157
2026-01-08 02:32:00,632.99,1532.84,937.45,32.46,2589.99,10160.13,2.028
2026-01-08 02:33:00,632.63,1530.24,939.62,32.69,2605.83,10181.64,1.974
2026-01-08 02:34:00,629.18,1525.91,933.31,31.61,2583.75,10138.73,2.04
2026-01-08 02:35:00,629.58,1529.01,934.82,31.25,2592.24,10109.44,1.981
2026-01-08 02:36:00,634.79,1527.79,930.07,32.02,2607.34,10136.1,2.185
2026-01-08 02:37:00,631.37,1537.67,940.45,32.16,2586.95,10186.99,2.109
2026-01-08 02:38:00,632.77,1530.74,936.36,32.42,2597.01,10152.96,2.124
2026-01-08 02:39:00,636.67,1538.09,943.29,32.53,2600.76,10184.93,2.086
2026-01-08 02:40:00,630.29,1524.52,938.36,31.58,2594.62,10128.49,2.045
2026-01-08 02:41:00,628.9,1524.87,938.93,31.63,2591.61,10121.34,1.98
2026-01-08 02:42:00,629.05,1530.68,934.13,32.01,2586.74,10124.99,2.022
2026-01-08 02:43:00,625.25,1528.78,938.04,31.3,2595.78,10136.88,1.965
2026-01-08 02:44:00,629.55,1535.53,945.57,32.07,2593.32,10135.19,2.001
2026-01-08 02:45:00,627.49,1521.34,929.74,31.3,2580.31,10074.91,2.005
2026-01-08 02:46:00,633.15,1528.72,934.78,31.7,2602.86,10132.89,2.064
2026-01-08 02:47:00,629.52,1529.39,937.28,31.88,2587.1,10141.22,2.059
2026-01-08 02:48:00,630.82,1516.89,935.08,31.86,2582.91,10136.33,1.988
2026-01-08 02:49:00,634.18,1539.49,940.91,32.3,2590.25,10157.64,2.235
2026-01-08 02:50:00,627.68,1525.69,937.49,31.09,2585.44,10095.04,1.991
2026-01-08 02:51:00,628.78,1531.51,937.42,31.6,2591.47,10119.57,2.041
2026-01-08 02:52:00,630.7,1529.96,939.51,32.55,2586.37,10190.72,2.191
2026-01-08 02:53:00,634.54,1531.63,945.81,32.44,2599.03,10168.62,1.994
2026-01-08 02:54:00,631.99,1534.65,943.49,33.12,2607.0,10181.71,2.067
2026-01-08 02:55:00,633.91,1540.18,940.0,32.07,2596.26,10167.66,2.214
2026-01-08 02:56:00,630.65,1532.74,941.21,32.1,2583.35,10154.68,2.091
2026-01-08 02:57:00,632.17,1541.49,942.16,32.37,2588.97,10189.97,2.153
2026-01-08 02:58:00,634.47,1532.84,936.08,32.32,2597.72,10181.53,2.051
2026-01-08 02:59:00,624.97,1528.88,939.06,31.27,2577.62,10114.92,1.984
2026-01-08 03:00:00,628.02,1525.76,931.2,31.33,2584.0,10127.82,1.943
2026-01-08 03:01:00,630.31,1535.39,945.59,32.4,2581.81,10156.82,2.217
2026-01-08 03:02:00,635.04,1536.81,934.69,31.76,2594.67,10124.94,1.991
2026-01-08 03:03:00,633.3,1525.31,939.34,31.67,2610.98,10123.15,1.917
2026-01-08 03:04:00,633.18,1533.99,944.88,32.21,2585.81,10180.34,2.174
2026-01-08 03:05:00,629.53,1529.73,933.72,31.82,2600.75,10137.07,1.985
2026-01-08 03:06:00,636.68,1533.41,935.24,32.22,2591.62,10186.34,2.142
2026-01-08 03:07:00,630.51,1538.71,940.98,31.82,2583.63,10136.46,2.092
2026-01-08 03:08:00,627.05,1532.05,941.84,31.67,2606.02,10118.68,2.104
2026-01-08 03:09:00,627.69,1536.35,942.11,32.08,2612.57,10164.75,1.953
2026-01-08 03:10:00,631.03,1530.34,935.08,31.62,2597.43,10134.78,2.066
2026-01-08 03:11:00,626.63,1527.72,942.41,31.65,2596.94,10132.42,1.947
2026-01-08 03:12:00,634.34,1533.69,944.33,32.12,2594.93,10142.57,2.048
2026-01-08 03:13:00,632.2,1540.68,938.47,32.38,2594.43,10173.07,2.142
2026-01-08 03:14:00,628.08,1535.52,939.41,31.51,2597.14,10142.26,1.906
2026-01-08 03:15:00,636.93,1538.36,943.84,32.77,2601.76,10192.0,2.057
2026-01-08 03:16:00,637.06,1536.95,942.07,32.67,2609.51,10188.19,2.012
2026-01-08 03:17:00,634.78,1533.08,934.72,31.88,2590.02,10136.59,2.051
2026-01-08 03:18:00,622.7,1526.61,929.46,31.43,2592.89,10076.63,1.893
2026-01-08 03:19:00,628.95,1540.83,936.09,32.21,2594.56,10163.9,2.119
2026-01-08 03:20:00,635.3,1529.17,941.01,32.27,2603.33,10160.67,2.041
2026-01-08 03:21:00,623.53,1531.89,935.77,32.31,2614.42,10162.75,2.059
2026-01-08 03:22:00,628.02,1523.73,942.95,32.37,2603.59,10160.26,2.079
2026-01-08 03:23:00,631.52,1537.6,940.03,32.01,2601.26,10153.93,1.831
2026-01-08 03:24:00,631.01,1539.52,941.96,32.28,2603.19,10180.91,1.996
2026-01-08 03:25:00,632.96,1535.4,944.11,32.39,2605.23,10159.42,2.177
2026-01-08 03:26:00,631.5,1545.17,942.04,33.03,2616.26,10207.04,2.009
2026-01-08 03:27:00,636.29,1533.67,938.88,32.18,2580.79,10138.5,1.956
2026-01-08 03:28:00,633.53,1533.52,941.04,32.1,2599.46,10148.47,2.021
2026-01-08 03:29:00,632.32,1529.36,937.04,31.79,2574.6,10163.46,2.127
2026-01-08 03:30:00,632.4,1530.53,941.32,32.17,2602.67,10158.69,1.949
2026-01-08 03:31:00,631.17,1538.71,942.49,32.55,2600.64,10188.8,2.068
2026-01-08 03:32:00,633.75,1539.29,942.01,32.91,2592.01,10192.81,2.191
2026-01-08 03:33:00,628.9,1525.12,940.25,32.08,2572.8,10135.61,2.063
2026-01-08 03:34:00,637.55,1538.28,941.26,32.44,2595.37,10169.67,1.991
2026-01-08 03:35:00,634.29,1536.79,941.59,31.76,2597.26,10169.38,2.153
2026-01-08 03:36:00,629.7,1536.37,937.36,31.97,2594.69,10162.11,2.036
2026-01-08 03:37:00,634.54,1531.52,934.22,31.9,2589.69,10148.34,2.086
2026-01-08 03:38:00,631.1,1536.08,935.86,31.97,2587.65,10152.62,1.991
2026-01-08 03:39:00,635.71,1538.77,937.34,32.22,2594.76,10161.74,2.142
2026-01-08 03:40:00,637.2,1538.46,943.37,32.89,2589.75,10187.11,2.061
2026-01-08 03:41:00,635.92,1543.68,947.92,32.62,2602.36,10179.9,2.098
2026-01-08 03:42:00,627.24,1533.6,937.01,31.58,2593.5,10134.76,1.891
2026-01-08 03:43:00,630.28,1528.3,942.43,31.7,2580.61,10141.92,2.164
2026-01-08 03:44:00,641.14,1530.5,937.2,32.13,2597.13,10175.53,2.181
2026-01-08 03:45:00,632.78,1534.47,941.45,32.65,2599.92,10198.4,2.004
2026-01-08 03:46:00,631.3,1536.19,938.5,32.45,2608.33,10167.04,2.191
2026-01-08 03:47:00,630.96,1531.16,941.04,32.74,2603.52,10185.32,1.979
2026-01-08 03:48:00,628.15,1522.14,935.29,31.67,2586.81,10131.52,1.933
2026-01-08 03:49:00,635.51,1533.54,943.58,32.34,2607.07,10174.14,2.058
2026-01-08 03:50:00,629.34,1533.68,941.02,32.6,2584.1,10162.02,2.078
2026-01-08 03:51:00,629.8,1535.18,939.42,31.4,2594.24,10131.88,2.106
2026-01-08 03:52:00,633.35,1540.11,938.12,32.08,2600.48,10142.94,2.038
2026-01-08 03:53:00,634.34,1544.12,937.94,32.95,2608.68,10208.8,2.025
2026-01-08 03:54:00,631.78,1532.93,936.92,31.64,2608.97,10127.79,2.117
2026-01-08 03:55:00,631.6,1529.6,940.91,31.83,2604.41,10136.92,2.026
2026-01-08 03:56:00,632.33,1532.96,938.0,32.83,2595.66,10202.17,2.154
2026-01-08 03:57:00,636.95,1534.59,936.02,32.21,2600.12,10169.67,2.147
2026-01-08 03:58:00,637.19,1537.73,941.21,32.59,2598.61,10203.79,2.06
2026-01-08 03:59:00,631.51,1538.31,938.99,32.32,2590.42,10185.37,2.067
2026-01-08 04:00:00,634.38,1539.9,950.23,32.65,2594.28,10162.39,2.116
2026-01-08 04:01:00,631.45,1537.87,940.66,32.34,2610.34,10181.82,2.16
2026-01-08 04:02:00,637.42,1540.12,941.35,32.84,2602.1,10206.87,2.059
2026-01-08 04:03:00,637.45,1539.46,946.73,32.66,2612.48,10183.09,2.082
2026-01-08 04:04:00,638.34,1534.73,942.99,32.74,2588.26,10206.54,1.997
2026-01-08 04:05:00,629.0,1529.01,937.97,31.86,2591.2,10137.94,2.009
2026-01-08 04:06:00,632.24,1537.92,949.21,32.79,2599.9,10197.68,2.218
2026-01-08 04:07:00,628.18,1545.88,933.87,32.45,2602.5,10197.3,1.952
2026-01-08 04:08:00,638.86,1542.0,936.38,31.79,2594.25,10161.96,2.209
2026-01-08 04:09:00,635.46,1531.29,942.19,32.12,2601.95,10171.25,2.22
2026-01-08 04:10:00,638.03,1541.8,939.97,33.13,2603.02,10200.16,2.006
2026-01-08 04:11:00,630.87,1533.75,939.32,32.63,2585.77,10205.37,2.023
2026-01-08 04:12:00,634.71,1537.06,942.99,32.22,2601.25,10162.99,2.067
2026-01-08 04:13:00,630.7,1538.42,940.92,32.26,2604.95,10192.13,2.061
2026-01-08 04:14:00,634.98,1537.25,942.55,32.95,2598.78,10193.54,2.18
2026-01-08 04:15:00,632.71,1539.31,939.15,31.86,2579.78,10144.18,2.109
2026-01-08 04:16:00,631.71,1536.16,940.69,32.3,2593.63,10178.89,2.075
2026-01-08 04:17:00,633.02,1542.45,941.84,32.22,2598.89,10167.13,1.964
2026-01-08 04:18:00,636.5,1539.2,943.59,33.0,2588.81,10176.02,2.057
2026-01-08 04:19:00,630.08,1529.34,941.12,31.79,2601.1,10125.03,2.233
2026-01-08 04:20:00,638.57,1535.55,941.09,32.48,2601.99,10186.84,2.108
2026-01-08 04:21:00,632.84,1534.58,935.46,31.85,2597.38,10190.61,2.208
2026-01-08 04:22:00,637.44,1542.58,944.47,33.55,2598.24,10236.87,2.17
2026-01-08 04:23:00,632.81,1530.29,936.58,32.07,2596.92,10166.91,2.209
2026-01-08 04:24:00,634.68,1534.25,938.9,31.9,2594.98,10157.56,2.056
2026-01-08 04:25:00,633.24,1535.41,934.73,31.84,2584.49,10151.37,2.153
2026-01-08 04:26:00,637.61,1539.46,938.12,32.6,2591.9,10165.94,2.148
2026-01-08 04:27:00,635.9,1527.68,940.58,32.46,2596.61,10183.6,2.094
2026-01-08 04:28:00,630.55,1539.74,943.67,32.53,2608.61,10215.36,2.126
2026-01-08 04:29:00,633.67,1539.61,941.74,32.37,2601.42,10179.91,1.966
2026-01-08 04:30:00,636.34,1527.6,941.82,31.8,2606.48,10149.48,2.024
2026-01-08 04:31:00,628.85,1525.39,941.87,32.33,2584.13,10166.73,2.27
2026-01-08 04:32:00,631.1,1540.05,942.48,31.75,2591.39,10137.6,2.187
2026-01-08 04:33:00,633.32,1538.39,938.56,31.95,2612.24,10173.91,2.071
2026-01-08 04:34:00,636.95,1546.51,938.07,32.3,2589.66,10172.65,2.009
2026-01-08 04:35:00,631.07,1530.62,937.1,32.66,2590.49,10198.09,2.201
2026-01-08 04:36:00,627.97,1537.99,939.22,31.27,2591.32,10118.34,2.049
2026-01-08 04:37:00,635.22,1532.78,942.14,32.25,2612.92,10202.76,2.145
2026-01-08 04:38:00,636.74,1545.92,948.34,32.68,2591.03,10193.19,2.073
2026-01-08 04:39:00,638.21,1535.97,945.96,33.24,2602.85,10244.4,2.269
2026-01-08 04:40:00,631.75,1532.43,936.03,31.51,2596.58,10117.04,2.045
2026-01-08 04:41:00,632.53,1536.95,939.99,32.44,2579.98,10167.69,2.123
2026-01-08 04:42:00,634.15,1533.53,939.39,32.11,2596.25,10192.63,2.013
2026-01-08 04:43:00,634.98,1533.63,940.11,32.76,2592.36,10202.96,2.045
2026-01-08 04:44:00,631.54,1532.91,939.54,32.4,2600.78,10166.3,1.979
2026-01-08 04:45:00,636.96,1546.08,943.07,32.85,2611.13,10214.15,2.154
2026-01-08 04:46:00,633.0,1534.29,946.28,32.07,2593.12,10179.77,2.091
2026-01-08 04:47:00,632.31,1537.5,936.61,32.63,2594.19,10207.2,2.004
2026-01-08 04:48:00,638.41,1544.65,949.18,33.08,2618.19,10235.54,2.165
2026-01-08 04:49:00,631.03,1540.6,940.54,32.35,2591.11,10203.43,2.117
2026-01-08 04:50:00,636.74,1534.07,934.28,32.81,2585.98,10201.41,1.955
2026-01-08 04:51:00,632.42,1533.69,935.08,32.27,2606.47,10168.67,2.014
2026-01-08 04:52:00,631.78,1534.45,938.94,32.12,2595.09,10169.75,2.093
2026-01-08 04:53:00,632.91,1535.11,939.57,32.68,2598.18,10180.61,2.001
2026-01-08 04:54:00,639.38,1542.99,948.23,33.14,2616.13,10241.52,2.124
2026-01-08 04:55:00,639.2,1545.24,942.34,32.87,2584.89,10185.78,2.029
2026-01-08 04:56:00,639.41,1544.04,944.58,32.81,2595.6,10212.91,1.989
2026-01-08 04:57:00,635.41,1538.43,940.14,32.12,2585.82,10175.38,1.909
2026-01-08 04:58:00,636.21,1541.18,946.24,32.54,2599.55,10205.2,2.014
2026-01-08 04:59:00,634.17,1533.22,941.91,32.42,2591.38,10177.73,2.24
2026-01-08 05:00:00,626.77,1538.25,940.39,31.87,2585.68,10158.87,1.963
2026-01-08 05:01:00,635.07,1540.35,940.21,32.51,2601.89,10183.55,2.072
2026-01-08 05:02:00,638.82,1551.82,950.92,33.34,2598.82,10253.37,2.152
2026-01-08 05:03:00,633.9,1546.92,946.35,33.27,2588.56,10248.97,2.308
2026-01-08 05:04:00,632.33,1540.08,939.22,32.51,2586.64,10187.15,1.924
2026-01-08 05:05:00,634.11,1539.49,939.65,32.6,2597.35,10174.75,2.02
2026-01-08 05:06:00,632.74,1538.95,939.98,32.35,2582.69,10184.32,2.11
2026-01-08 05:07:00,637.11,1530.62,945.61,32.54,2597.9,10184.98,2.077
2026-01-08 05:08:00,639.04,1540.6,944.82,32.94,2607.75,10209.36,2.077
2026-01-08 05:09:00,635.58,1546.31,946.22,32.56,2602.48,10212.14,2.158
2026-01-08 05:10:00,633.32,1547.72,943.39,33.15,2592.59,10223.29,1.956
2026-01-08 05:11:00,636.35,1537.01,945.34,33.02,2599.19,10208.54,2.086
2026-01-08 05:12:00,638.81,1543.27,943.77,32.99,2586.79,10203.61,2.059
2026-01-08 05:13:00,636.63,1539.86,939.37,32.25,2597.26,10187.3,2.159
2026-01-08 05:14:00,636.75,1546.69,938.01,32.61,2594.52,10212.11,1.943
2026-01-08 05:15:00,638.81,1539.13,943.27,32.32,2587.33,10173.6,2.057
2026-01-08 05:16:00,634.78,1542.47,941.84,33.02,2602.65,10225.43,2.112
2026-01-08 05:17:00,639.34,1540.07,940.17,32.92,2581.45,10215.43,2.081
2026-01-08 05:18:00,631.92,1544.46,938.93,32.49,2586.83,10190.94,2.043
2026-01-08 05:19:00,630.4,1547.76,947.06,33.18,2589.37,10231.57,2.121
2026-01-08 05:20:00,629.11,1537.9,939.7,31.32,2590.52,10145.91,2.134
2026-01-08 05:21:00,631.48,1538.69,941.85,32.46,2605.9,10170.21,2.122
2026-01-08 05:22:00,634.28,1539.76,941.42,32.84,2602.06,10183.41,2.025
2026-01-08 05:23:00,629.96,1531.96,939.62,32.19,2596.46,10173.08,2.014
2026-01-08 05:24:00,634.38,1535.32,941.67,32.47,2596.34,10179.6,1.991
2026-01-08 05:25:00,635.74,1542.58,938.39,33.11,2596.54,10199.06,2.178
2026-01-08 05:26:00,637.88,1549.41,948.04,33.22,2609.09,10237.14,2.088
2026-01-08 05:27:00,634.68,1541.42,940.46,32.7,2581.93,10194.69,1.995
2026-01-08 05:28:00,639.54,1544.86,943.38,33.84,2604.75,10249.15,2.155
2026-01-08 05:29:00,633.31,1541.95,944.52,33.12,2592.34,10193.16,2.113
2026-01-08 05:30:00,633.29,1542.66,944.68,31.93,2599.26,10163.2,2.038
2026-01-08 05:31:00,633.66,1543.49,941.2,32.78,2601.25,10213.34,2.119
2026-01-08 05:32:00,637.69,1541.02,946.66,32.68,2601.86,10182.64,2.066
2026-01-08 05:33:00,635.79,1546.59,946.4,33.49,2611.22,10248.48,2.187
2026-01-08 05:34:00,635.6,1533.17,941.84,32.82,2585.54,10195.9,2.114
2026-01-08 05:35:00,634.07,1531.2,938.92,31.18,2602.25,10136.68,1.984
2026-01-08 05:36:00,630.65,1526.43,938.74,31.42,2593.91,10142.25,2.092
2026-01-08 05:37:00,630.29,1535.36,942.79,32.67,2591.64,10165.43,1.994
2026-01-08 05:38:00,630.31,1528.08,941.14,32.17,2610.89,10147.48,1.96
2026-01-08 05:39:00,635.91,1538.56,947.66,33.08,2603.1,10221.09,2.132
2026-01-08 05:40:00,634.27,1547.02,943.34,32.66,2594.1,10219.83,2.147
2026-01-08 05:41:00,627.6,1535.6,940.1,32.3,2603.48,10178.2,2.144
2026-01-08 05:42:00,628.93,1534.56,940.84,32.35,2594.91,10164.32,2.21
2026-01-08 05:43:00,638.62,1540.56,943.7,32.77,2594.39,10230.45,1.981
2026-01-08 05:44:00,630.63,1538.11,935.08,32.26,2591.07,10180.81,2.031
2026-01-08 05:45:00,636.03,1541.76,944.07,32.67,2598.75,10190.98,2.098
2026-01-08 05:46:00,631.79,1539.28,940.81,32.44,2590.6,10170.38,2.203
2026-01-08 05:47:00,636.29,1541.94,942.59,32.58,2597.93,10200.6,2.066
2026-01-08 05:48:00,635.31,1534.6,948.3,33.0,2603.91,10203.72,1.97
2026-01-08 05:49:00,638.54,1544.29,943.97,33.34,2598.7,10229.45,2.04
2026-01-08 05:50:00,636.03,1546.68,946.47,32.41,2612.94,10211.81,2.093
2026-01-08 05:51:00,635.42,1544.95,942.88,33.0,2596.46,10192.09,2.121
2026-01-08 05:52:00,639.7,1546.47,946.18,33.22,2608.11,10216.66,2.29
2026-01-08 05:53:00,634.93,1545.94,939.63,32.57,2603.96,10186.77,2.032
2026-01-08 05:54:00,630.08,1530.28,941.61,32.05,2607.11,10154.83,2.096
2026-01-08 05:55:00,629.07,1534.69,946.76,32.76,2612.05,10189.98,2.171
2026-01-08 05:56:00,633.25,1538.61,938.32,32.52,2581.7,10177.55,2.029
2026-01-08 05:57:00,634.9,1542.84,943.8,32.28,2597.8,10174.64,2.206
2026-01-08 05:58:00,633.65,1542.26,941.16,32.8,2594.93,10178.35,2.029
2026-01-08 05:59:00,631.92,1530.21,943.0,31.81,2596.53,10173.68,1.988
2026-01-08 06:00:00,636.33,1542.95,945.67,32.84,2594.34,10221.91,2.242
2026-01-08 06:01:00,639.46,1550.5,942.93,33.3,2593.69,10235.37,2.129
2026-01-08 06:02:00,635.44,1537.26,936.74,32.14,2586.32,10160.13,1.968
2026-01-08 06:03:00,632.14,1537.5,939.35,32.47,2596.31,10170.85,2.033
2026-01-08 06:04:00,639.69,1536.77,944.84,32.4,2604.27,10203.46,2.043
2026-01-08 06:05:00,639.82,1530.91,943.69,32.95,2593.59,10222.51,2.075
2026-01-08 06:06:00,634.96,1547.59,943.86,32.91,2593.83,10194.56,2.106
2026-01-08 06:07:00,634.31,1539.78,941.48,31.92,2589.94,10170.59,2.04
2026-01-08 06:08:00,639.57,1539.33,944.69,33.02,2589.78,10227.56,2.289
2026-01-08 06:09:00,634.1,1542.46,945.46,32.8,2595.45,10217.18,2.085
2026-01-08 06:10:00,632.84,1541.06,940.42,32.45,2598.44,10174.91,2.06
2026-01-08 06:11:00,630.26,1538.89,940.64,32.46,2605.78,10175.68,2.191
2026-01-08 06:12:00,634.69,1535.57,942.26,32.83,2587.42,10207.51,2.204
2026-01-08 06:13:00,632.32,1535.22,942.21,32.36,2595.65,10180.22,2.137
2026-01-08 06:14:00,633.56,1541.15,940.32,32.58,2605.72,10190.48,2.055
2026-01-08 06:15:00,633.9,1535.8,947.21,32.45,2586.64,10184.61,2.197
2026-01-08 06:16:00,632.98,1536.47,939.8,32.96,2607.55,10219.28,2.085
2026-01-08 06:17:00,638.69,1537.86,938.4,33.37,2594.03,10222.37,2.034
2026-01-08 06:18:00,639.58,1543.91,946.43,32.44,2602.47,10202.97,2.052
2026-01-08 06:19:00,635.96,1538.59,948.28,33.62,2597.27,10260.29,2.223
2026-01-08 06:20:00,639.32,1548.29,948.69,32.58,2600.65,10208.16,2.084
2026-01-08 06:21:00,634.94,1542.85,940.95,33.11,2609.31,10194.11,2.107
2026-01-08 06:22:00,639.34,1547.62,945.15,33.06,2596.64,10224.36,2.043
2026-01-08 06:23:00,632.22,1542.08,945.37,32.14,2603.97,10182.68,2.146
2026-01-08 06:24:00,638.39,1544.94,952.76,33.25,2600.57,10243.94,2.083
2026-01-08 06:25:00,636.9,1537.74,939.58,32.29,2590.25,10196.79,2.023
2026-01-08 06:26:00,635.57,1547.88,944.93,32.94,2596.62,10228.76,2.109
2026-01-08 06:27:00,634.84,1537.84,945.37,32.62,2594.35,10183.22,1.976
2026-01-08 06:28:00,634.34,1539.39,941.58,32.79,2584.66,10181.7,2.005
2026-01-08 06:29:00,635.27,1537.75,943.53,32.87,2600.07,10193.07,2.021
2026-01-08 06:30:00,635.54,1540.36,941.6,32.82,2602.35,10210.85,2.127
2026-01-08 06:31:00,639.54,1541.34,947.59,33.06,2603.78,10215.73,2.056
2026-01-08 06:32:00,634.24,1543.27,940.02,33.03,2608.47,10209.41,2.131
2026-01-08 06:33:00,635.5,1539.19,942.66,32.98,2603.51,10179.79,2.064
2026-01-08 06:34:00,635.71,1536.74,943.43,32.46,2591.58,10193.2,2.053
2026-01-08 06:35:00,631.06,1537.72,941.15,33.21,2593.92,10209.75,2.206
2026-01-08 06:36:00,631.61,1530.9,942.38,31.87,2601.78,10159.04,1.925
2026-01-08 06:37:00,637.96,1540.46,946.58,33.25,2600.5,10218.53,2.165
2026-01-08 06:38:00,637.53,1536.14,942.42,32.22,2595.6,10176.26,1.983
2026-01-08 06:39:00,636.67,1539.86,946.52,32.87,2590.63,10224.68,2.057
2026-01-08 06:40:00,637.04,1540.44,943.13,32.61,2592.36,10198.55,2.062
2026-01-08 06:41:00,637.24,1536.53,938.37,32.83,2602.25,10223.66,2.103
2026-01-08 06:42:00,627.56,1531.6,947.65,32.89,2581.3,10206.17,2.099
2026-01-08 06:43:00,633.5,1542.41,945.01,32.72,2577.12,10178.82,2.085
2026-01-08 06:44:00,631.9,1533.29,942.67,31.38,2599.97,10142.24,2.0
2026-01-08 06:45:00,641.32,1537.22,945.33,33.01,2593.4,10225.74,1.933
2026-01-08 06:46:00,636.55,1542.9,944.19,32.28,2599.99,10188.99,2.028
2026-01-08 06:47:00,638.7,1541.81,939.88,33.07,2609.67,10210.11,2.174
2026-01-08 06:48:00,638.24,1544.49,940.93,33.47,2589.74,10230.24,2.172
2026-01-08 06:49:00,634.14,1538.33,948.88,32.48,2582.82,10187.27,2.132
2026-01-08 06:50:00,637.37,1544.67,939.76,32.23,2593.63,10178.84,2.056
2026-01-08 06:51:00,634.57,1540.38,941.72,32.39,2591.45,10206.75,2.142
2026-01-08 06:52:00,635.78,1528.98,940.4,32.72,2595.14,10165.89,2.026
2026-01-08 06:53:00,631.53,1533.47,943.12,32.95,2600.74,10194.14,2.061
2026-01-08 06:54:00,638.1,1535.39,943.77,32.46,2599.99,10218.31,2.068
2026-01-08 06:55:00,632.74,1534.99,940.26,32.44,2595.85,10169.36,2.143
2026-01-08 06:56:00,635.63,1539.17,941.43,32.47,2605.28,10203.73,1.894
2026-01-08 06:57:00,630.24,1534.9,945.46,32.38,2601.49,10186.16,2.092
2026-01-08 06:58:00,638.71,1544.13,948.97,33.3,2597.77,10265.61,2.173
2026-01-08 06:59:00,630.94,1528.84,940.41,31.3,2599.21,10134.61,2.049
2026-01-08 07:00:00,635.16,1538.31,937.66,33.04,2585.29,10225.44,2.115
2026-01-08 07:01:00,629.56,1540.46,943.38,32.79,2604.09,10171.97,2.167
2026-01-08 07:02:00,633.38,1535.09,941.31,32.66,2597.4,10214.25,2.114
2026-01-08 07:03:00,634.23,1542.02,939.8,32.51,2585.9,10170.22,2.05
2026-01-08 07:04:00,631.04,1539.06,949.29,33.28,2594.22,10222.81,2.171
2026-01-08 07:05:00,632.7,1541.48,939.47,32.92,2605.07,10202.67,1.972
2026-01-08 07:06:00,635.04,1538.53,942.57,33.28,2590.75,10205.67,2.044
2026-01-08 07:07:00,637.18,1543.86,948.19,33.16,2600.57,10215.87,2.197
2026-01-08 07:08:00,636.32,1545.49,945.48,33.21,2603.86,10204.1,2.123
2026-01-08 07:09:00,635.78,1541.65,938.11,31.97,2595.59,10167.41,1.952
2026-01-08 07:10:00,633.4,1547.17,945.3,33.08,2590.3,10214.03,2.32
2026-01-08 07:11:00,633.72,1546.43,938.14,33.11,2596.24,10202.24,2.086
2026-01-08 07:12:00,634.63,1538.09,939.64,31.92,2583.71,10156.86,1.993
2026-01-08 07:13:00,629.31,1540.6,943.22,31.47,2591.74,10173.74,1.956
2026-01-08 07:14:00,630.06,1537.28,935.75,31.85,2586.3,10161.19,2.167
2026-01-08 07:15:00,630.62,1525.4,936.85,31.55,2593.53,10128.98,1.953
2026-01-08 07:16:00,637.36,1530.16,939.28,32.55,2585.7,10179.04,2.045
2026-01-08 07:17:00,634.33,1540.31,942.89,32.48,2597.12,10194.58,2.118
2026-01-08 07:18:00,637.26,1533.25,942.99,32.39,2604.84,10177.13,1.914
2026-01-08 07:19:00,640.7,1532.31,939.54,32.74,2606.77,10213.78,2.176
2026-01-08 07:20:00,634.51,1539.3,943.01,32.84,2587.19,10212.5,2.038
2026-01-08 07:21:00,635.31,1543.5,939.73,33.18,2592.74,10235.98,2.22
2026-01-08 07:22:00,640.33,1537.08,949.02,32.43,2603.17,10191.8,2.112
2026-01-08 07:23:00,634.06,1540.3,936.77,32.04,2599.85,10136.9,2.127
2026-01-08 07:24:00,635.87,1538.89,944.55,32.95,2591.49,10193.36,2.107
2026-01-08 07:25:00,633.31,1538.94,944.18,32.54,2593.14,10209.45,2.189
2026-01-08 07:26:00,631.95,1535.84,941.0,32.38,2596.27,10172.93,2.107
2026-01-08 07:27:00,628.98,1526.91,937.28,31.79,2580.44,10159.78,2.053
2026-01-08 07:28:00,637.8,1534.53,937.86,32.26,2600.87,10199.93,2.125
2026-01-08 07:29:00,633.44,1522.71,943.94,32.52,2604.09,10168.21,1.829
2026-01-08 07:30:00,634.99,1543.57,941.33,33.29,2593.82,10206.72,2.061
2026-01-08 07:31:00,631.97,1539.79,940.41,32.37,2584.6,10181.67,2.174
2026-01-08 07:32:00,634.27,1545.39,944.39,33.96,2610.23,10258.25,2.055
2026-01-08 07:33:00,630.01,1530.27,939.89,31.3,2594.91,10109.68,1.964
2026-01-08 07:34:00,634.43,1537.68,948.7,32.55,2602.08,10193.23,1.97
2026-01-08 07:35:00,630.49,1548.97,942.65,33.73,2587.81,10244.14,2.001
2026-01-08 07:36:00,629.8,1533.37,939.98,31.69,2583.91,10143.04,2.011
2026-01-08 07:37:00,631.74,1540.32,944.37,32.83,2599.7,10192.89,2.123
2026-01-08 07:38:00,635.71,1538.91,944.57,32.46,2604.45,10188.71,2.064
2026-01-08 07:39:00,631.11,1529.06,939.47,31.73,2585.4,10142.46,1.94
2026-01-08 07:40:00,629.56,1540.7,941.59,32.53,2595.74,10197.24,1.999
2026-01-08 07:41:00,628.65,1527.65,942.38,31.41,2581.84,10145.18,1.965
2026-01-08 07:42:00,637.71,1534.38,935.56,32.69,2590.14,10176.42,2.049
2026-01-08 07:43:00,633.5,1538.22,945.18,32.58,2594.11,10187.15,2.007
2026-01-08 07:44:00,630.57,1541.12,938.41,32.58,2600.34,10193.82,2.178
2026-01-08 07:45:00,627.62,1530.17,939.5,31.89,2578.0,10153.25,1.993
2026-01-08 07:46:00,635.29,1542.06,943.67,32.73,2607.09,10196.35,2.053
2026-01-08 07:47:00,635.02,1533.3,940.97,32.77,2594.88,10189.04,2.128
2026-01-08 07:48:00,632.76,1531.96,939.8,31.92,2604.99,10147.74,1.882
2026-01-08 07:49:00,638.02,1529.78,937.2,31.99,2599.54,10130.23,2.15
2026-01-08 07:50:00,628.67,1537.99,942.03,32.05,2601.43,10147.18,2.111
2026-01-08 07:51:00,633.36,1535.6,939.96,32.56,2612.5,10191.58,2.152
2026-01-08 07:52:00,634.52,1531.27,938.49,32.78,2589.99,10189.03,2.026
2026-01-08 07:53:00,633.55,1537.69,943.06,32.75,2598.26,10212.99,2.04
2026-01-08 07:54:00,627.55,1532.62,940.02,31.99,2587.63,10171.37,2.019
2026-01-08 07:55:00,632.95,1533.72,943.42,31.95,2593.74,10145.89,2.012
2026-01-08 07:56:00,633.2,1545.0,942.83,32.46,2601.72,10181.7,2.18
2026-01-08 07:57:00,629.59,1532.71,939.63,32.17,2604.35,10165.55,1.907
2026-01-08 07:58:00,631.24,1538.29,937.6,32.68,2592.7,10176.74,2.178
2026-01-08 07:59:00,634.37,1529.74,937.95,31.94,2584.51,10135.16,2.017
2026-01-08 08:00:00,635.38,1535.81,936.07,32.17,2595.83,10163.48,2.147
2026-01-08 08:01:00,632.06,1535.87,942.37,32.77,2590.04,10204.83,2.133
2026-01-08 08:02:00,627.5,1533.04,936.35,32.16,2590.46,10159.26,2.108
2026-01-08 08:03:00,636.65,1542.69,943.97,32.68,2601.61,10188.98,2.162
2026-01-08 08:04:00,634.17,1523.78,935.15,31.4,2596.8,10103.62,1.995
2026-01-08 08:05:00,637.84,1532.82,942.78,31.96,2601.34,10148.55,1.971
2026-01-08 08:06:00,629.1,1534.66,937.14,32.08,2593.17,10179.35,2.004
2026-01-08 08:07:00,639.25,1536.23,944.44,32.6,2604.96,10205.79,2.18
2026-01-08 08:08:00,630.87,1533.87,938.25,31.7,2593.73,10121.65,2.145
2026-01-08 08:09:00,629.15,1535.68,941.43,32.79,2594.51,10202.96,2.042
2026-01-08 08:10:00,632.45,1539.14,945.93,32.06,2587.11,10180.26,2.167
2026-01-08 08:11:00,629.58,1534.95,938.51,31.9,2578.07,10151.81,2.128
2026-01-08 08:12:00,633.3,1536.61,936.31,32.01,2582.85,10166.56,1.944
2026-01-08 08:13:00,629.54,1530.91,941.74,32.65,2597.27,10171.17,2.144
2026-01-08 08:14:00,632.52,1531.02,942.29,31.32,2585.31,10094.55,1.949
2026-01-08 08:15:00,633.07,1537.18,937.09,32.28,2582.02,10161.77,2.182
2026-01-08 08:16:00,637.34,1537.16,942.7,32.92,2593.97,10216.91,2.135
2026-01-08 08:17:00,631.82,1540.0,941.82,32.41,2598.53,10190.27,2.289
2026-01-08 08:18:00,633.28,1535.78,942.49,31.63,2597.26,10129.85,2.029
2026-01-08 08:19:00,630.12,1537.12,942.48,32.82,2596.42,10199.64,2.05
2026-01-08 08:20:00,635.17,1540.27,941.59,32.07,2594.57,10158.61,2.103
2026-01-08 08:21:00,633.18,1533.96,940.34,32.37,2591.05,10166.45,2.13
2026-01-08 08:22:00,631.13,1528.59,937.23,32.21,2600.26,10162.0,2.11
2026-01-08 08:23:00,634.92,1544.92,944.64,32.87,2595.52,10206.78,2.078
2026-01-08 08:24:00,630.24,1538.14,940.54,32.72,2595.88,10195.48,2.16
2026-01-08 08:25:00,636.45,1531.05,937.09,32.16,2603.8,10169.92,1.978
2026-01-08 08:26:00,631.06,1530.37,937.16,32.09,2601.5,10161.47,1.883
2026-01-08 08:27:00,633.51,1529.85,935.86,32.05,2592.71,10136.18,2.069
2026-01-08 08:28:00,634.47,1533.83,937.76,32.19,2591.31,10129.45,2.212
2026-01-08 08:29:00,630.26,1532.73,941.31,32.66,2593.22,10180.23,2.132
2026-01-08 08:30:00,628.47,1534.1,935.93,30.92,2577.41,10120.64,1.964
2026-01-08 08:31:00,629.08,1532.16,939.88,32.34,2604.97,10187.9,2.065
2026-01-08 08:32:00,637.34,1530.94,938.72,32.71,2591.12,10198.3,2.101
2026-01-08 08:33:00,633.84,1530.04,939.47,32.54,2603.82,10208.03,2.038
2026-01-08 08:34:00,631.37,1528.08,933.02,31.55,2594.55,10136.94,1.962
2026-01-08 08:35:00,629.94,1532.4,935.25,31.75,2605.41,10138.49,2.073
2026-01-08 08:36:00,630.03,1533.79,937.52,32.44,2599.92,10174.8,2.112
2026-01-08 08:37:00,634.85,1534.18,938.93,32.14,2601.94,10148.07,1.977
2026-01-08 08:38:00,637.64,1532.3,940.33,32.31,2591.09,10178.46,1.971
2026-01-08 08:39:00,636.16,1537.11,939.71,31.57,2583.49,10125.51,2.013
2026-01-08 08:40:00,633.23,1530.94,938.08,32.21,2597.06,10179.88,2.048
2026-01-08 08:41:00,630.81,1529.36,931.39,31.81,2578.43,10125.53,2.08
2026-01-08 08:42:00,634.77,1536.19,943.54,32.22,2591.25,10156.96,1.999
2026-01-08 08:43:00,631.3,1527.79,935.62,31.99,2584.48,10131.32,2.06
2026-01-08 08:44:00,636.34,1539.14,937.83,32.24,2588.55,10163.9,2.098
2026-01-08 08:45:00,636.2,1528.47,939.32,31.9,2600.08,10165.33,2.13
2026-01-08 08:46:00,640.19,1539.12,943.55,32.31,2600.05,10177.97,2.072
2026-01-08 08:47:00,634.4,1541.21,942.73,32.7,2594.75,10184.09,2.03
2026-01-08 08:48:00,626.18,1530.58,937.51,31.83,2597.99,10168.27,2.045
2026-01-08 08:49:00,631.45,1533.21,939.98,32.25,2591.13,10168.83,2.055
2026-01-08 08:50:00,630.04,1527.87,934.02,32.04,2613.99,10146.32,2.207
2026-01-08 08:51:00,628.86,1526.76,934.46,32.11,2595.96,10119.91,1.981
2026-01-08 08:52:00,638.08,1536.3,932.47,32.31,2591.27,10182.7,2.235
2026-01-08 08:53:00,629.4,1530.77,938.72,31.75,2601.04,10132.51,2.039
2026-01-08 08:54:00,630.05,1531.52,938.27,32.54,2604.93,10157.29,2.027
2026-01-08 08:55:00,630.76,1532.08,939.2,31.99,2588.87,10158.76,2.007
2026-01-08 08:56:00,634.45,1523.9,939.22,31.94,2582.39,10124.8,1.941
2026-01-08 08:57:00,628.43,1530.7,934.0,31.77,2583.99,10125.04,2.013
2026-01-08 08:58:00,634.39,1544.12,939.52,32.24,2590.15,10170.26,2.066
2026-01-08 08:59:00,636.18,1541.68,934.36,32.1,2594.21,10148.12,2.051
2026-01-08 09:00:00,631.7,1532.88,937.0,31.39,2580.02,10107.09,2.188
2026-01-08 09:01:00,625.14,1530.81,937.6,32.41,2590.89,10137.54,2.15
2026-01-08 09:02:00,631.59,1539.31,942.61,31.76,2593.79,10168.86,2.077
2026-01-08 09:03:00,630.86,1536.09,939.93,32.52,2598.94,10191.75,2.06
2026-01-08 09:04:00,624.02,1524.06,935.71,31.63,2598.71,10126.66,1.916
2026-01-08 09:05:00,632.41,1545.04,943.04,32.18,2598.51,10164.76,2.087
2026-01-08 09:06:00,625.62,1538.46,941.04,32.51,2609.71,10166.68,2.147
2026-01-08 09:07:00,631.29,1527.2,937.04,31.76,2603.07,10139.51,2.146
2026-01-08 09:08:00,628.69,1529.97,936.71,31.56,2594.83,10107.24,1.966
2026-01-08 09:09:00,630.68,1536.91,941.92,32.23,2587.41,10161.5,1.954
2026-01-08 09:10:00,626.9,1528.56,941.67,32.15,2589.09,10144.24,2.047
2026-01-08 09:11:00,631.58,1525.15,941.19,31.72,2582.54,10130.63,2.072
2026-01-08 09:12:00,628.72,1529.19,934.0,31.76,2594.98,10125.11,2.001
2026-01-08 09:13:00,638.55,1531.75,945.89,32.9,2599.96,10216.47,2.155
2026-01-08 09:14:00,630.16,1524.5,937.39,31.06,2599.85,10098.19,1.994
2026-01-08 09:15:00,632.79,1531.58,936.32,32.14,2596.07,10129.67,2.045
2026-01-08 09:16:00,630.11,1523.22,937.35,31.53,2602.3,10128.08,2.05
2026-01-08 09:17:00,633.61,1538.95,941.8,32.04,2603.73,10160.67,2.056
2026-01-08 09:18:00,629.62,1538.05,935.85,31.75,2586.34,10145.98,1.945
2026-01-08 09:19:00,635.87,1526.77,938.66,32.43,2591.48,10173.25,2.171
2026-01-08 09:20:00,630.1,1536.96,939.34,31.74,2594.18,10138.33,1.993
2026-01-08 09:21:00,630.24,1533.6,937.45,32.65,2589.8,10168.56,1.883
2026-01-08 09:22:00,628.27,1527.7,931.79,31.55,2591.07,10106.18,2.001
2026-01-08 09:23:00,630.22,1537.67,936.36,32.11,2597.6,10162.08,2.092
2026-01-08 09:24:00,632.69,1534.12,933.15,31.47,2592.82,10126.45,2.103
2026-01-08 09:25:00,627.61,1533.68,937.55,32.71,2596.77,10202.54,2.118
2026-01-08 09:26:00,636.43,1528.09,943.26,32.21,2587.36,10154.64,2.061
2026-01-08 09:27:00,629.98,1524.71,933.67,31.67,2597.81,10125.2,2.039
2026-01-08 09:28:00,629.91,1526.76,937.92,31.48,2596.75,10113.03,1.959
2026-01-08 09:29:00,628.05,1527.34,930.41,31.08,2586.67,10099.88,1.975
2026-01-08 09:30:00,621.97,1521.93,933.3,31.62,2581.62,10079.19,2.054
2026-01-08 09:31:00,631.42,1532.48,937.5,31.47,2603.14,10113.35,1.975
2026-01-08 09:32:00,630.64,1526.05,937.95,30.92,2606.55,10094.49,2.01
2026-01-08 09:33:00,628.43,1530.19,934.8,31.38,2595.55,10123.0,1.991
2026-01-08 09:34:00,632.29,1523.81,936.71,31.81,2591.49,10141.21,1.991
2026-01-08 09:35:00,633.88,1540.88,938.84,32.48,2603.03,10148.4,2.034
2026-01-08 09:36:00,628.56,1528.95,937.36,31.99,2598.52,10150.99,2.038
2026-01-08 09:37:00,635.83,1531.41,941.04,31.98,2593.21,10154.34,2.044
2026-01-08 09:38:00,630.09,1534.28,935.07,31.9,2601.53,10125.91,2.05
2026-01-08 09:39:00,634.61,1533.32,933.96,31.8,2586.98,10117.57,1.868
2026-01-08 09:40:00,632.97,1528.2,932.22,31.95,2588.53,10132.79,2.001
2026-01-08 09:41:00,628.07,1527.85,931.29,30.87,2594.21,10062.06,2.014
2026-01-08 09:42:00,628.79,1534.99,932.84,31.51,2595.0,10133.53,2.147
2026-01-08 09:43:00,624.71,1519.41,926.54,30.25,2595.26,10032.85,1.848
2026-01-08 09:44:00,630.62,1518.32,933.68,30.91,2602.25,10097.96,1.914
2026-01-08 09:45:00,627.69,1527.63,937.44,31.65,2581.43,10127.45,2.047
2026-01-08 09:46:00,628.75,1523.95,932.83,31.33,2593.38,10107.55,2.092
2026-01-08 09:47:00,629.56,1524.09,940.5,31.11,2607.71,10092.96,1.936
2026-01-08 09:48:00,631.76,1532.26,940.41,32.31,2590.58,10166.19,1.921
2026-01-08 09:49:00,628.69,1533.82,938.44,31.67,2588.5,10137.1,2.057
2026-01-08 09:50:00,631.64,1518.92,930.43,31.48,2575.5,10116.66,1.95
2026-01-08 09:51:00,629.16,1529.37,935.99,31.2,2593.55,10098.81,2.129
2026-01-08 09:52:00,625.79,1521.18,934.13,30.47,2594.94,10036.1,1.937
2026-01-08 09:53:00,627.9,1525.52,933.86,31.98,2599.0,10141.01,1.948
2026-01-08 09:54:00,630.45,1523.94,934.66,30.96,2584.37,10097.1,1.93
2026-01-08 09:55:00,625.06,1519.26,935.29,30.88,2591.07,10057.99,1.977
2026-01-08 09:56:00,631.14,1532.01,935.97,31.62,2595.18,10116.07,1.991
2026-01-08 09:57:00,626.92,1530.25,938.42,31.4,2593.08,10097.09,2.009
2026-01-08 09:58:00,630.82,1534.04,935.95,31.8,2585.24,10131.47,2.266
2026-01-08 09:59:00,627.06,1525.0,929.36,31.6,2593.89,10112.8,1.931
2026-01-08 10:00:00,632.05,1523.14,935.34,31.26,2586.35,10102.37,2.066
2026-01-08 10:01:00,632.58,1540.31,938.56,32.04,2579.51,10143.84,2.15
2026-01-08 10:02:00,625.75,1524.69,935.33,31.89,2598.99,10119.5,2.117
2026-01-08 10:03:00,631.74,1525.62,936.26,31.29,2594.13,10106.07,1.929
2026-01-08 10:04:00,630.3,1520.3,930.93,30.96,2596.76,10080.73,1.994
2026-01-08 10:05:00,628.41,1528.68,936.12,31.72,2589.16,10116.88,1.904
2026-01-08 10:06:00,623.54,1514.85,929.24,30.81,2596.67,10071.16,2.04
2026-01-08 10:07:00,621.69,1523.59,930.18,30.95,2600.37,10085.0,1.953
2026-01-08 10:08:00,628.63,1520.59,933.91,31.3,2606.41,10089.68,2.021
2026-01-08 10:09:00,622.47,1524.46,930.29,31.09,2598.88,10089.45,2.104
2026-01-08 10:10:00,629.84,1522.09,936.4,32.05,2597.02,10129.98,2.051
2026-01-08 10:11:00,622.43,1513.85,930.01,31.05,2581.25,10087.32,2.01
2026-01-08 10:12:00,633.46,1525.06,939.88,31.48,2592.92,10125.64,2.01
2026-01-08 10:13:00,633.6,1529.19,938.7,31.83,2582.82,10136.72,2.139
2026-01-08 10:14:00,628.33,1519.26,930.79,31.02,2584.99,10068.17,1.931
2026-01-08 10:15:00,631.89,1522.06,935.97,31.9,2609.8,10135.45,2.072
2026-01-08 10:16:00,628.1,1527.38,934.94,31.59,2584.95,10109.08,2.059
2026-01-08 10:17:00,625.61,1522.7,934.22,31.29,2574.3,10106.88,2.072
2026-01-08 10:18:00,624.51,1529.49,933.37,31.69,2599.48,10105.01,2.035
2026-01-08 10:19:00,632.48,1524.75,935.54,31.05,2587.75,10109.13,1.934
2026-01-08 10:20:00,623.72,1520.26,936.48,30.36,2596.67,10042.17,1.954
2026-01-08 10:21:00,631.96,1526.06,928.58,30.72,2581.62,10053.73,1.831
2026-01-08 10:22:00,622.71,1517.85,927.94,30.8,2588.34,10073.52,1.962
2026-01-08 10:23:00,631.39,1524.28,929.96,31.7,2603.62,10132.8,2.088
2026-01-08 10:24:00,632.23,1530.64,934.91,31.37,2582.99,10120.37,2.105
2026-01-08 10:25:00,622.8,1525.39,928.07,30.74,2589.84,10059.33,1.919
2026-01-08 10:26:00,622.26,1511.76,934.94,30.43,2592.16,10024.24,2.104
2026-01-08 10:27:00,625.24,1517.53,927.41,31.08,2586.66,10090.75,1.875
2026-01-08 10:28:00,636.55,1527.75,931.82,30.84,2593.91,10079.28,2.025
2026-01-08 10:29:00,626.13,1523.07,939.22,31.42,2593.49,10114.98,2.066
2026-01-08 10:30:00,624.27,1524.0,936.42,31.84,2597.71,10116.78,2.069
2026-01-08 10:31:00,627.09,1520.86,926.08,31.65,2607.63,10103.04,2.042
2026-01-08 10:32:00,625.81,1525.42,934.91,31.39,2614.68,10112.88,2.026
2026-01-08 10:33:00,627.08,1526.96,934.05,31.26,2595.91,10085.2,2.13
2026-01-08 10:34:00,626.45,1529.31,930.85,31.34,2591.92,10100.77,1.926
2026-01-08 10:35:00,628.11,1517.91,934.64,31.63,2596.23,10098.05,1.98
2026-01-08 10:36:00,625.98,1526.83,929.26,31.15,2590.25,10082.68,2.002
2026-01-08 10:37:00,625.48,1522.72,928.19,30.93,2579.05,10073.59,1.973
2026-01-08 10:38:00,627.5,1512.37,933.04,31.09,2590.53,10051.82,1.891
2026-01-08 10:39:00,627.69,1518.63,934.7,30.77,2600.46,10074.97,2.035
2026-01-08 10:40:00,627.69,1522.2,939.36,31.61,2581.62,10114.46,2.042
2026-01-08 10:41:00,623.38,1529.33,934.24,31.6,2584.69,10094.58,2.139
2026-01-08 10:42:00,628.43,1518.02,937.54,31.32,2587.61,10086.77,2.062
2026-01-08 10:43:00,623.3,1509.56,928.08,30.69,2594.44,10066.17,2.066
2026-01-08 10:44:00,625.38,1516.17,933.47,30.78,2610.77,10073.56,2.069
2026-01-08 10:45:00,620.66,1516.62,936.38,30.52,2584.97,10065.76,1.898
2026-01-08 10:46:00,626.97,1525.11,929.35,31.47,2592.83,10082.63,1.968
2026-01-08 10:47:00,626.18,1520.5,925.97,30.43,2591.01,10053.37,1.944
2026-01-08 10:48:00,623.36,1518.42,929.73,30.96,2588.78,10059.17,2.064
2026-01-08 10:49:00,621.66,1513.83,929.57,30.47,2590.91,10061.87,1.991
2026-01-08 10:50:00,625.09,1506.73,926.31,30.52,2584.82,9990.85,1.919
2026-01-08 10:51:00,618.52,1512.82,927.37,29.93,2611.61,10020.08,1.939
2026-01-08 10:52:00,627.68,1516.49,927.6,30.73,2596.99,10054.07,2.059
2026-01-08 10:53:00,632.14,1530.7,935.93,32.07,2590.36,10131.58,1.965
2026-01-08 10:54:00,626.5,1524.49,932.76,31.3,2602.65,10110.49,2.028
2026-01-08 10:55:00,625.68,1517.89,933.8,30.68,2592.54,10041.05,2.082
2026-01-08 10:56:00,624.59,1520.64,933.64,30.8,2591.89,10065.17,2.025
2026-01-08 10:57:00,624.47,1513.66,925.57,30.28,2587.97,10013.86,1.91
2026-01-08 10:58:00,620.73,1515.29,928.1,30.79,2588.42,10039.49,1.983
2026-01-08 10:59:00,622.93,1512.96,927.63,30.28,2580.27,10029.32,1.837
2026-01-08 11:00:00,625.0,1510.7,926.26,30.86,2576.92,10036.53,1.906
2026-01-08 11:01:00,624.76,1518.7,935.01,30.63,2593.45,10040.9,1.938
2026-01-08 11:02:00,626.47,1523.69,929.84,31.11,2589.17,10046.71,1.88
2026-01-08 11:03:00,624.14,1520.34,941.23,30.69,2598.53,10067.3,2.041
2026-01-08 11:04:00,623.02,1515.34,929.8,30.61,2584.01,10057.67,1.884
2026-01-08 11:05:00,626.77,1518.93,934.2,30.58,2581.97,10047.9,2.064
2026-01-08 11:06:00,621.98,1517.37,927.99,30.3,2596.86,10045.3,2.01
2026-01-08 11:07:00,621.28,1511.27,928.2,30.52,2587.39,10022.09,1.895
2026-01-08 11:08:00,620.1,1505.68,925.62,30.18,2596.32,10015.05,1.9
2026-01-08 11:09:00,624.65,1520.36,926.14,30.65,2591.9,10070.42,1.988
2026-01-08 11:10:00,621.5,1517.31,934.29,30.68,2606.5,10066.62,2.058
2026-01-08 11:11:00,623.23,1510.55,924.01,29.61,2594.45,9987.54,1.913
2026-01-08 11:12:00,623.3,1514.7,934.14,31.24,2595.11,10075.57,2.074
2026-01-08 11:13:00,619.65,1513.35,933.35,30.59,2596.68,10035.88,1.958
2026-01-08 11:14:00,626.74,1522.05,931.43,31.17,2590.21,10090.19,2.058
2026-01-08 11:15:00,619.89,1512.56,925.87,30.62,2577.84,10053.74,2.09
2026-01-08 11:16:00,623.33,1517.84,929.36,30.75,2594.13,10060.62,1.998
2026-01-08 11:17:00,629.49,1521.14,926.2,31.49,2607.48,10078.73,1.913
2026-01-08 11:18:00,619.86,1513.61,928.4,30.16,2571.21,10016.48,1.927
2026-01-08 11:19:00,623.91,1514.27,933.45,31.05,2595.09,10063.06,2.138
2026-01-08 11:20:00,630.54,1518.79,927.7,30.56,2578.5,10048.62,1.93
2026-01-08 11:21:00,624.85,1517.75,930.92,31.05,2590.54,10047.16,1.823
2026-01-08 11:22:00,623.31,1519.24,929.3,30.54,2591.98,10063.22,1.907
2026-01-08 11:23:00,616.69,1512.39,925.53,30.56,2595.93,10027.39,1.933
2026-01-08 11:24:00,625.22,1522.69,930.2,30.39,2592.27,10043.77,2.005
2026-01-08 11:25:00,621.06,1516.19,928.9,31.1,2601.5,10041.62,2.056
2026-01-08 11:26:00,625.74,1524.48,927.75,30.64,2599.58,10034.86,1.893
2026-01-08 11:27:00,623.57,1522.6,930.89,29.97,2588.49,10030.24,2.061
2026-01-08 11:28:00,625.47,1521.41,928.42,30.36,2599.37,10044.45,2.024
2026-01-08 11:29:00,627.79,1511.2,929.84,30.96,2588.71,10059.71,2.065
2026-01-08 11:30:00,626.3,1520.11,927.27,30.87,2587.08,10053.26,2.053
2026-01-08 11:31:00,621.35,1520.54,932.78,30.75,2581.03,10045.73,1.937
2026-01-08 11:32:00,626.18,1519.91,930.71,31.01,2602.23,10073.16,2.136
2026-01-08 11:33:00,625.71,1505.93,924.57,30.39,2587.86,10035.16,2.064
2026-01-08 11:34:00,619.78,1505.45,928.04,30.91,2571.39,10048.11,1.978
2026-01-08 11:35:00,629.05,1516.41,930.08,30.21,2594.48,10032.25,2.069
2026-01-08 11:36:00,622.71,1509.85,925.64,30.28,2586.19,10019.95,2.157
2026-01-08 11:37:00,622.3,1502.68,920.34,29.87,2586.59,10002.28,2.011
2026-01-08 11:38:00,623.05,1517.03,928.73,30.13,2587.91,10023.02,1.796
2026-01-08 11:39:00,622.79,1508.15,928.0,29.95,2586.4,10005.23,1.806
2026-01-08 11:40:00,618.67,1502.08,926.51,29.76,2610.54,9995.62,1.951
2026-01-08 11:41:00,627.63,1523.41,931.97,30.69,2603.8,10041.41,1.894
2026-01-08 11:42:00,629.77,1520.57,932.4,30.47,2596.93,10063.0,1.928
2026-01-08 11:43:00,625.39,1505.06,925.08,29.84,2590.05,9980.21,1.934
2026-01-08 11:44:00,620.06,1511.09,931.56,30.4,2599.57,10042.45,1.938
2026-01-08 11:45:00,619.19,1499.5,920.26,29.47,2589.25,9959.25,1.967
2026-01-08 11:46:00,623.02,1508.58,929.39,30.22,2596.2,10020.14,2.028
2026-01-08 11:47:00,623.93,1517.33,931.21,31.04,2596.75,10087.31,1.926
2026-01-08 11:48:00,622.88,1509.8,926.03,30.07,2589.23,9982.49,1.94
2026-01-08 11:49:00,619.01,1507.84,923.71,30.36,2597.75,10034.37,1.922
2026-01-08 11:50:00,627.37,1511.52,930.18,30.69,2587.03,10038.71,2.023
2026-01-08 11:51:00,615.59,1498.59,924.34,30.02,2588.89,9987.96,1.905
2026-01-08 11:52:00,623.03,1504.2,929.42,30.46,2582.61,10039.98,2.041
2026-01-08 11:53:00,624.31,1505.79,922.95,29.81,2582.36,10009.88,1.934
2026-01-08 11:54:00,623.84,1516.25,933.14,30.81,2571.68,10077.73,2.125
2026-01-08 11:55:00,623.44,1505.51,923.56,29.91,2591.36,9969.6,1.928
2026-01-08 11:56:00,616.85,1511.74,923.22,30.25,2595.13,10010.02,1.818
2026-01-08 11:57:00,620.34,1509.32,923.24,29.91,2597.2,9990.54,1.969
2026-01-08 11:58:00,615.97,1509.61,921.88,29.74,2579.74,9991.53,1.901
2026-01-08 11:59:00,621.87,1514.04,930.0,30.79,2593.46,10027.08,1.793
2026-01-08 12:00:00,620.64,1513.54,925.21,30.06,2589.71,10021.25,1.924
2026-01-08 12:01:00,619.44,1500.02,924.91,30.35,2595.71,10023.72,1.996
2026-01-08 12:02:00,624.01,1511.0,923.77,29.93,2583.11,9985.45,1.982
2026-01-08 12:03:00,617.77,1508.11,924.62,29.68,2586.24,10000.98,1.986
2026-01-08 12:04:00,616.91,1512.35,921.72,29.97,2576.94,10012.32,1.941
2026-01-08 12:05:00,618.32,1494.63,917.29,29.56,2582.19,9975.25,1.882
2026-01-08 12:06:00,621.33,1512.74,933.43,30.52,2589.83,10023.44,1.879
2026-01-08 12:07:00,622.08,1502.04,925.27,29.8,2590.02,9993.38,1.994
2026-01-08 12:08:00,622.97,1511.36,933.06,29.48,2574.92,9987.71,1.978
2026-01-08 12:09:00,616.21,1506.86,925.92,29.56,2584.63,9995.67,1.881
2026-01-08 12:10:00,625.89,1512.11,926.17,29.99,2590.7,10013.7,2.061
2026-01-08 12:11:00,618.21,1506.93,923.55,29.52,2599.84,9991.93,1.998
2026-01-08 12:12:00,620.21,1512.81,926.95,30.33,2582.54,10010.52,2.015
2026-01-08 12:13:00,624.82,1518.01,930.55,30.81,2594.59,10045.9,1.97
2026-01-08 12:14:00,619.21,1523.4,926.06,30.58,2586.09,10043.5,2.13
2026-01-08 12:15:00,618.1,1502.01,919.87,29.72,2584.69,9983.68,1.854
2026-01-08 12:16:00,621.85,1501.17,919.63,30.19,2581.88,10000.25,1.762
2026-01-08 12:17:00,620.64,1502.01,923.2,29.97,2579.93,9984.45,1.992
2026-01-08 12:18:00,621.35,1515.1,927.92,30.45,2587.14,10052.72,2.055
2026-01-08 12:19:00,620.61,1509.57,924.51,29.75,2597.18,9997.61,1.999
2026-01-08 12:20:00,622.26,1504.05,923.36,30.33,2583.3,10011.58,2.042
2026-01-08 12:21:00,623.39,1512.38,925.66,30.8,2583.76,10055.36,2.073
2026-01-08 12:22:00,621.79,1509.15,928.22,30.4,2591.28,10018.52,2.045
2026-01-08 12:23:00,619.72,1515.57,926.92,30.19,2590.14,10031.16,1.991
2026-01-08 12:24:00,618.99,1506.92,927.56,29.69,2588.0,9991.06,1.957
2026-01-08 12:25:00,618.67,1499.7,926.18,30.01,2590.61,9991.94,1.938
2026-01-08 12:26:00,616.12,1515.56,920.72,30.13,2581.69,10022.65,2.039
2026-01-08 12:27:00,620.59,1497.13,922.78,29.21,2580.5,9969.15,1.853
2026-01-08 12:28:00,622.73,1514.5,930.69,29.79,2596.67,9997.22,1.92
2026-01-08 12:29:00,618.63,1496.2,919.32,29.33,2585.92,9953.66,1.811
2026-01-08 12:30:00,621.31,1504.72,919.8,30.07,2592.62,9973.13,1.963
2026-01-08 12:31:00,619.19,1501.29,918.32,29.01,2596.39,9941.18,2.017
2026-01-08 12:32:00,621.11,1500.09,917.47,29.47,2594.14,9961.14,1.837
2026-01-08 12:33:00,623.18,1510.79,924.81,30.35,2577.47,9988.16,1.792
2026-01-08 12:34:00,616.6,1496.87,919.16,28.67,2584.84,9919.82,1.864
2026-01-08 12:35:00,617.65,1504.82,919.6,29.92,2596.51,9981.75,1.943
2026-01-08 12:36:00,620.74,1503.26,917.17,29.25,2591.4,9957.06,1.886
2026-01-08 12:37:00,619.29,1506.07,922.87,30.2,2590.67,10007.95,1.844
2026-01-08 12:38:00,618.49,1514.95,927.79,30.6,2575.83,10001.49,2.023
2026-01-08 12:39:00,617.69,1501.66,918.46,29.46,2581.8,9944.6,1.915
2026-01-08 12:40:00,621.68,1511.41,917.2,29.5,2587.88,9959.85,2.045
2026-01-08 12:41:00,620.99,1501.4,922.38,29.19,2575.8,9956.71,1.976
2026-01-08 12:42:00,624.2,1511.24,922.84,30.27,2596.17,10023.86,1.886
2026-01-08 12:43:00,618.31,1500.31,926.37,29.36,2586.49,9962.49,1.941
2026-01-08 12:44:00,619.54,1499.26,921.88,29.12,2571.53,9960.96,1.949
2026-01-08 12:45:00,618.87,1500.03,919.3,28.79,2582.38,9949.18,2.023
2026-01-08 12:46:00,614.99,1505.99,918.5,29.09,2584.52,9946.68,1.844
2026-01-08 12:47:00,621.17,1511.19,921.66,29.85,2587.43,9989.13,1.824
2026-01-08 12:48:00,619.46,1505.62,921.66,29.92,2599.21,9973.27,1.914
2026-01-08 12:49:00,620.23,1504.03,932.69,29.76,2593.37,9996.3,1.914
2026-01-08 12:50:00,619.89,1509.75,927.72,30.02,2577.9,9998.37,1.914
2026-01-08 12:51:00,621.65,1511.37,927.1,29.95,2578.07,10028.16,1.984
2026-01-08 12:52:00,618.07,1500.11,922.89,29.82,2586.83,10001.83,1.71
2026-01-08 12:53:00,618.38,1505.64,919.51,28.86,2588.34,9959.9,1.81
2026-01-08 12:54:00,618.24,1493.94,922.41,29.82,2594.66,9944.27,1.898
2026-01-08 12:55:00,623.69,1506.95,913.59,29.97,2602.5,9994.06,1.922
2026-01-08 12:56:00,620.3,1506.0,920.55,29.95,2602.91,9993.42,2.088
2026-01-08 12:57:00,620.02,1508.74,920.14,29.76,2584.27,9972.25,1.912
2026-01-08 12:58:00,611.63,1494.07,922.0,30.11,2594.84,9960.77,1.793
2026-01-08 12:59:00,625.16,1511.4,922.46,29.54,2591.26,9973.46,1.856
2026-01-08 13:00:00,617.04,1505.11,916.81,29.87,2580.51,10008.9,2.02
2026-01-08 13:01:00,616.95,1503.58,921.47,30.16,2572.79,9974.46,1.892
2026-01-08 13:02:00,620.35,1494.96,919.86,28.77,2587.32,9930.08,1.715
2026-01-08 13:03:00,617.56,1504.03,928.36,30.19,2576.53,9989.72,1.978
2026-01-08 13:04:00,622.65,1509.05,926.58,30.41,2583.35,10032.61,2.053
2026-01-08 13:05:00,615.14,1498.17,918.57,29.28,2580.97,9937.16,1.874
2026-01-08 13:06:00,618.72,1506.5,922.82,29.35,2589.79,9978.22,1.872
2026-01-08 13:07:00,613.31,1489.92,907.79,29.37,2595.35,9902.77,1.925
2026-01-08 13:08:00,616.17,1510.48,919.92,29.52,2587.87,9971.15,1.751
2026-01-08 13:09:00,614.48,1493.36,910.81,28.66,2581.13,9911.47,1.924
2026-01-08 13:10:00,619.58,1500.67,925.67,29.24,2569.7,9931.97,1.882
2026-01-08 13:11:00,615.44,1501.33,916.36,29.21,2590.7,9952.4,1.966
2026-01-08 13:12:00,626.18,1498.63,922.1,29.23,2586.54,9933.7,1.79
2026-01-08 13:13:00,619.4,1499.26,919.34,29.41,2583.68,9979.12,1.912
2026-01-08 13:14:00,611.55,1492.68,915.22,28.96,2595.04,9918.31,1.946
2026-01-08 13:15:00,615.73,1503.57,918.62,29.14,2577.27,9946.09,1.934
2026-01-08 13:16:00,611.88,1499.47,920.78,28.79,2580.42,9923.03,1.673
2026-01-08 13:17:00,622.91,1509.77,923.28,29.45,2586.01,9976.37,1.983
2026-01-08 13:18:00,622.23,1497.35,919.17,29.83,2583.26,9970.84,1.995
2026-01-08 13:19:00,617.53,1489.85,911.35,28.75,2589.87,9911.93,1.898
2026-01-08 13:20:00,614.47,1501.19,925.69,28.75,2589.05,9908.74,1.867
2026-01-08 13:21:00,617.78,1507.92,921.82,30.02,2597.04,9993.53,2.009
2026-01-08 13:22:00,620.32,1499.53,920.29,29.67,2591.11,9953.68,1.906
2026-01-08 13:23:00,614.35,1492.24,916.06,28.93,2585.49,9936.3,1.741
2026-01-08 13:24:00,614.55,1498.54,923.37,29.24,2583.79,9938.68,1.826
2026-01-08 13:25:00,614.27,1499.01,917.18,28.95,2590.12,9937.97,2.008
2026-01-08 13:26:00,620.81,1493.05,916.97,29.08,2584.82,9934.49,1.863
2026-01-08 13:27:00,612.93,1493.06,916.41,28.79,2584.9,9887.74,1.865
2026-01-08 13:28:00,617.87,1491.32,921.65,28.31,2589.72,9916.48,1.734
2026-01-08 13:29:00,620.63,1502.37,922.43,29.42,2588.98,9973.82,1.956
2026-01-08 13:30:00,614.07,1492.78,918.66,28.85,2588.14,9917.32,1.917
2026-01-08 13:31:00,616.71,1498.57,918.71,29.45,2580.66,9951.12,2.078
2026-01-08 13:32:00,614.47,1497.26,918.12,29.52,2597.39,9940.91,1.951
2026-01-08 13:33:00,624.07,1512.99,929.58,29.21,2578.98,9972.9,1.99
2026-01-08 13:34:00,614.37,1500.31,916.68,29.46,2589.78,9932.49,1.735
2026-01-08 13:35:00,619.35,1497.86,922.63,29.7,2583.75,9967.7,1.863
2026-01-08 13:36:00,614.27,1500.16,915.96,28.86,2594.36,9918.14,2.038
2026-01-08 13:37:00,613.72,1496.89,920.12,28.82,2593.56,9938.23,1.957
2026-01-08 13:38:00,619.14,1501.64,918.68,29.15,2586.8,9946.64,1.93
2026-01-08 13:39:00,613.75,1490.36,917.8,29.65,2599.55,9954.44,2.044
2026-01-08 13:40:00,611.4,1499.98,918.52,29.33,2585.39,9948.63,1.826
2026-01-08 13:41:00,618.84,1509.79,917.28,29.06,2593.31,9932.3,1.911
2026-01-08 13:42:00,613.09,1497.37,916.62,28.57,2579.59,9910.19,1.903
2026-01-08 13:43:00,616.56,1495.63,913.04,29.26,2589.41,9930.08,1.868
2026-01-08 13:44:00,619.46,1505.19,920.66,29.42,2579.83,9958.99,1.788
2026-01-08 13:45:00,615.55,1491.87,915.03,28.61,2585.11,9898.84,1.975
2026-01-08 13:46:00,620.09,1503.75,920.04,29.32,2586.54,9950.23,1.902
2026-01-08 13:47:00,612.84,1506.78,918.48,28.71,2592.58,9914.27,1.902
2026-01-08 13:48:00,618.62,1494.46,918.25,28.71,2580.31,9917.47,1.814
2026-01-08 13:49:00,611.7,1491.67,906.75,27.96,2608.54,9873.08,1.778
2026-01-08 13:50:00,611.6,1503.78,916.09,28.73,2574.54,9915.37,1.841
2026-01-08 13:51:00,610.25,1502.4,919.58,28.49,2587.62,9919.44,1.852
2026-01-08 13:52:00,617.9,1506.5,926.48,29.91,2590.58,9984.22,2.012
2026-01-08 13:53:00,614.65,1491.16,926.87,29.14,2591.16,9947.61,1.923
2026-01-08 13:54:00,615.59,1497.17,926.24,29.0,2582.1,9931.48,1.801
2026-01-08 13:55:00,614.34,1495.49,912.87,28.63,2586.81,9896.85,1.733
2026-01-08 13:56:00,619.59,1494.77,919.05,28.46,2580.42,9898.25,1.93
2026-01-08 13:57:00,615.28,1499.09,923.69,29.35,2602.84,9973.5,1.997
2026-01-08 13:58:00,614.13,1497.63,917.65,29.08,2580.94,9926.27,1.852
2026-01-08 13:59:00,615.58,1502.54,919.57,29.74,2585.57,9944.99,1.84
2026-01-08 14:00:00,614.08,1495.59,920.01,29.26,2580.73,9926.77,1.881
2026-01-08 14:01:00,613.18,1500.07,919.3,29.24,2579.29,9917.89,1.874
2026-01-08 14:02:00,618.75,1490.73,914.92,28.44,2574.02,9905.87,1.883
2026-01-08 14:03:00,613.51,1485.61,916.07,28.57,2590.17,9894.6,1.938
2026-01-08 14:04:00,617.65,1503.67,917.6,29.71,2582.82,9982.35,2.0
2026-01-08 14:05:00,614.42,1492.98,925.89,29.67,2580.49,9947.99,1.963
2026-01-08 14:06:00,615.76,1491.69,917.01,29.44,2578.87,9940.54,1.806
2026-01-08 14:07:00,612.67,1489.62,918.09,28.77,2587.81,9909.76,1.906
2026-01-08 14:08:00,619.8,1495.92,918.09,28.11,2585.17,9900.03,1.883
2026-01-08 14:09:00,615.77,1498.79,918.01,28.5,2585.53,9908.14,1.76
2026-01-08 14:10:00,615.85,1495.29,919.93,29.18,2579.9,9925.57,1.846
2026-01-08 14:11:00,616.31,1492.78,922.15,28.79,2589.03,9913.99,1.907
2026-01-08 14:12:00,616.66,1487.21,915.7,28.65,2579.68,9899.48,1.743
2026-01-08 14:13:00,612.12,1482.8,916.29,28.71,2585.17,9889.9,1.801
2026-01-08 14:14:00,613.58,1497.69,918.64,29.26,2584.76,9922.55,1.881
2026-01-08 14:15:00,612.01,1484.09,909.27,28.2,2570.61,9877.32,1.806
2026-01-08 14:16:00,615.96,1493.92,916.3,28.51,2600.27,9875.24,1.925
2026-01-08 14:17:00,616.57,1485.02,915.1,29.32,2590.3,9918.12,1.929
2026-01-08 14:18:00,615.81,1501.01,919.74,29.02,2586.36,9897.96,1.75
2026-01-08 14:19:00,618.33,1501.44,923.22,29.26,2589.82,9954.29,1.83
2026-01-08 14:20:00,613.52,1480.14,912.8,28.38,2600.29,9870.95,1.927
2026-01-08 14:21:00,611.32,1499.99,922.83,29.76,2596.73,9967.64,1.955
2026-01-08 14:22:00,614.07,1493.45,916.57,28.46,2587.1,9882.26,1.613
2026-01-08 14:23:00,613.33,1491.28,915.61,28.6,2579.26,9898.23,1.969
2026-01-08 14:24:00,611.89,1489.44,917.12,27.94,2579.66,9876.06,1.84
2026-01-08 14:25:00,616.69,1502.21,920.43,28.95,2572.0,9936.64,1.882
2026-01-08 14:26:00,617.24,1496.99,922.24,28.37,2581.62,9888.79,1.778
2026-01-08 14:27:00,610.45,1492.75,915.69,28.48,2590.61,9908.16,1.964
2026-01-08 14:28:00,608.88,1491.3,910.34,27.86,2587.5,9833.88,1.851
2026-01-08 14:29:00,611.83,1493.96,910.11,29.08,2590.46,9913.59,1.856
2026-01-08 14:30:00,613.8,1495.49,925.03,28.7,2581.22,9908.86,1.644
2026-01-08 14:31:00,610.01,1491.35,917.26,28.09,2589.28,9896.71,1.815
2026-01-08 14:32:00,621.13,1497.4,921.09,29.01,2592.66,9927.4,1.791
2026-01-08 14:33:00,617.85,1498.55,923.74,29.33,2568.91,9944.5,1.86
2026-01-08 14:34:00,610.67,1486.35,915.09,28.57,2586.95,9887.51,1.777
2026-01-08 14:35:00,616.4,1502.87,917.4,28.87,2602.73,9927.92,1.942
2026-01-08 14:36:00,612.6,1497.52,918.78,28.44,2582.84,9904.48,1.984
2026-01-08 14:37:00,614.04,1502.17,915.33,29.31,2566.02,9930.7,1.875
2026-01-08 14:38:00,611.77,1485.49,910.61,28.91,2578.9,9910.22,1.772
2026-01-08 14:39:00,609.79,1492.26,920.5,28.47,2570.36,9896.89,1.826
2026-01-08 14:40:00,607.53,1478.5,906.67,27.28,2576.81,9819.87,1.764
2026-01-08 14:41:00,616.52,1493.56,913.06,28.5,2574.48,9881.18,1.969
2026-01-08 14:42:00,607.31,1491.26,914.97,28.09,2591.35,9871.72,1.84
2026-01-08 14:43:00,618.81,1497.85,913.12,29.03,2591.98,9919.39,1.988
2026-01-08 14:44:00,617.35,1496.23,919.29,29.13,2588.95,9931.13,1.768
2026-01-08 14:45:00,613.66,1492.67,918.09,29.65,2596.15,9934.43,1.884
2026-01-08 14:46:00,614.64,1489.54,918.09,28.51,2580.02,9888.34,1.765
2026-01-08 14:47:00,611.93,1488.8,914.95,28.55,2583.68,9850.82,1.811
2026-01-08 14:48:00,606.62,1490.03,916.03,28.8,2602.85,9907.48,1.903
2026-01-08 14:49:00,615.33,1504.35,922.21,29.34,2592.13,9963.06,1.786
2026-01-08 14:50:00,610.88,1487.57,918.07,28.17,2588.9,9880.3,1.799
2026-01-08 14:51:00,612.56,1485.44,908.57,27.84,2576.97,9851.4,1.807
2026-01-08 14:52:00,613.66,1491.07,914.36,28.91,2582.01,9908.92,1.879
2026-01-08 14:53:00,614.9,1491.28,915.5,29.17,2578.32,9934.49,1.76
2026-01-08 14:54:00,612.75,1500.86,920.5,28.49,2599.24,9920.49,1.906
2026-01-08 14:55:00,614.4,1496.06,916.34,28.82,2572.19,9891.02,1.887
2026-01-08 14:56:00,611.82,1492.9,915.7,29.75,2594.4,9953.56,1.979
2026-01-08 14:57:00,615.51,1486.78,918.15,27.78,2588.3,9865.43,1.705
2026-01-08 14:58:00,608.08,1480.4,911.91,28.15,2569.81,9839.31,1.788
2026-01-08 14:59:00,609.69,1491.12,919.49,28.96,2593.71,9889.06,1.848
2026-01-08 15:00:00,616.7,1493.01,916.86,28.32,2583.17,9906.18,1.877
2026-01-08 15:01:00,609.05,1483.63,915.97,28.29,2573.59,9878.36,1.847
2026-01-08 15:02:00,612.83,1484.07,912.96,28.17,2587.02,9876.85,1.796
2026-01-08 15:03:00,607.1,1486.65,906.05,28.42,2576.89,9860.75,1.837
2026-01-08 15:04:00,611.45,1488.2,910.66,28.12,2581.98,9864.4,2.061
2026-01-08 15:05:00,618.18,1493.45,916.27,28.89,2581.92,9924.77,1.922
2026-01-08 15:06:00,613.91,1490.98,914.45,29.1,2578.9,9924.08,1.752
2026-01-08 15:07:00,609.35,1489.55,914.85,28.55,2573.92,9859.68,1.95
2026-01-08 15:08:00,609.87,1481.61,917.67,28.88,2592.0,9915.96,2.003
2026-01-08 15:09:00,610.42,1483.95,910.68,28.09,2586.16,9862.94,1.897
2026-01-08 15:10:00,618.1,1493.99,916.79,28.57,2586.95,9896.45,1.959
2026-01-08 15:11:00,617.81,1494.81,916.29,28.98,2582.48,9910.21,2.053
2026-01-08 15:12:00,612.43,1476.86,910.27,27.39,2582.5,9825.04,1.827
2026-01-08 15:13:00,610.18,1496.71,913.27,28.68,2579.12,9900.29,1.943
2026-01-08 15:14:00,615.69,1490.89,916.09,28.27,2578.44,9886.25,1.97
2026-01-08 15:15:00,615.36,1491.57,916.87,28.35,2598.57,9897.15,1.795
2026-01-08 15:16:00,615.51,1498.39,922.67,28.12,2591.83,9893.78,1.974
2026-01-08 15:17:00,613.8,1495.62,916.63,29.16,2582.3,9946.17,1.91
2026-01-08 15:18:00,613.91,1486.51,912.66,28.71,2572.31,9881.49,1.922
2026-01-08 15:19:00,611.29,1495.85,918.63,28.03,2570.92,9887.98,1.923
2026-01-08 15:20:00,613.59,1485.37,912.89,28.58,2579.21,9881.55,1.791
2026-01-08 15:21:00,609.74,1489.48,913.8,28.11,2584.61,9867.93,1.944
2026-01-08 15:22:00,609.73,1484.63,912.72,27.87,2584.31,9857.91,1.793
2026-01-08 15:23:00,611.82,1487.73,916.25,28.93,2586.66,9912.23,1.89
2026-01-08 15:24:00,616.94,1490.0,915.81,28.79,2587.01,9882.89,1.912
2026-01-08 15:25:00,607.21,1490.27,915.47,28.26,2574.29,9838.21,1.86
2026-01-08 15:26:00,613.27,1486.63,910.14,28.01,2594.8,9841.84,1.771
2026-01-08 15:27:00,612.87,1480.41,913.87,28.31,2582.36,9872.77,1.736
2026-01-08 15:28:00,609.62,1487.3,911.08,28.15,2585.47,9851.35,1.757
2026-01-08 15:29:00,610.63,1485.63,909.09,29.08,2579.08,9882.66,1.904
2026-01-08 15:30:00,609.03,1491.62,912.32,28.32,2586.63,9877.83,1.885
2026-01-08 15:31:00,616.29,1492.31,913.14,28.65,2600.66,9875.36,1.825
2026-01-08 15:32:00,606.94,1478.06,912.58,27.94,2575.27,9853.45,1.806
2026-01-08 15:33:00,603.38,1486.49,909.25,27.82,2574.1,9849.09,1.797
2026-01-08 15:34:00,614.71,1488.2,916.79,29.16,2578.18,9902.41,1.773
2026-01-08 15:35:00,607.61,1491.91,912.73,28.64,2582.2,9896.64,1.93
2026-01-08 15:36:00,611.01,1480.87,915.02,28.46,2579.98,9878.21,1.754
2026-01-08 15:37:00,607.54,1485.67,911.15,28.48,2575.65,9873.67,1.849
2026-01-08 15:38:00,611.64,1487.43,910.98,28.87,2585.83,9931.49,1.985
2026-01-08 15:39:00,613.3,1496.92,918.24,28.54,2597.37,9896.91,1.854
2026-01-08 15:40:00,613.67,1484.78,913.61,28.41,2583.45,9891.06,1.979
2026-01-08 15:41:00,614.46,1496.08,916.16,28.15,2582.38,9852.52,1.739
2026-01-08 15:42:00,609.55,1481.81,910.78,27.92,2585.17,9833.88,1.705
2026-01-08 15:43:00,614.54,1491.57,917.16,28.23,2589.27,9876.64,1.658
2026-01-08 15:44:00,611.82,1492.82,916.39,29.1,2595.72,9893.09,1.914
2026-01-08 15:45:00,612.47,1484.47,913.56,27.78,2584.21,9830.26,1.651
2026-01-08 15:46:00,610.49,1488.33,915.5,28.81,2585.27,9907.48,1.992
2026-01-08 15:47:00,608.86,1481.13,910.07,28.32,2574.96,9845.82,1.958
2026-01-08 15:48:00,613.23,1489.53,915.48,28.4,2590.71,9894.64,1.877
2026-01-08 15:49:00,611.05,1488.93,910.31,28.47,2577.98,9893.26,1.789
2026-01-08 15:50:00,612.7,1485.75,913.35,28.2,2576.31,9856.65,1.679
2026-01-08 15:51:00,612.53,1488.49,911.1,28.18,2586.14,9889.64,1.883
2026-01-08 15:52:00,608.98,1490.7,912.54,28.31,2596.38,9875.43,1.84
2026-01-08 15:53:00,616.15,1494.11,916.88,29.27,2591.04,9905.93,1.882
2026-01-08 15:54:00,612.66,1485.5,911.77,28.53,2582.84,9852.27,1.867
2026-01-08 15:55:00,611.25,1488.35,915.0,28.59,2576.2,9875.56,1.754
2026-01-08 15:56:00,614.02,1481.97,914.24,28.11,2594.55,9832.46,1.793
2026-01-08 15:57:00,609.09,1478.76,910.98,27.94,2581.93,9832.63,1.823
2026-01-08 15:58:00,610.83,1490.7,909.42,28.19,2581.51,9869.92,2.02
2026-01-08 15:59:00,613.5,1483.11,909.67,28.43,2587.42,9848.09,1.884
2026-01-08 16:00:00,609.18,1479.15,908.91,27.6,2578.86,9834.34,1.824
2026-01-08 16:01:00,611.95,1487.33,914.85,28.34,2577.21,9854.53,1.745
2026-01-08 16:02:00,612.27,1488.32,915.7,28.38,2579.23,9886.69,1.952
2026-01-08 16:03:00,606.4,1481.69,914.37,28.24,2578.73,9874.6,1.976
2026-01-08 16:04:00,610.46,1478.27,909.94,27.98,2573.46,9835.11,1.692
2026-01-08 16:05:00,610.7,1487.44,914.56,28.33,2572.47,9832.68,1.663
2026-01-08 16:06:00,609.34,1480.17,912.87,28.13,2590.03,9829.3,1.814
2026-01-08 16:07:00,604.27,1489.25,910.51,28.38,2589.18,9869.97,1.822
2026-01-08 16:08:00,613.68,1487.17,913.42,28.18,2576.86,9860.06,1.944
2026-01-08 16:09:00,608.53,1476.51,914.77,28.39,2590.64,9862.19,1.742
2026-01-08 16:10:00,604.99,1481.95,913.13,28.09,2584.66,9827.7,1.732
2026-01-08 16:11:00,606.15,1485.66,905.24,27.32,2579.62,9828.3,1.686
2026-01-08 16:12:00,605.52,1487.53,912.8,28.01,2573.27,9850.43,1.744
2026-01-08 16:13:00,613.17,1486.93,909.26,28.3,2587.36,9890.53,1.866
2026-01-08 16:14:00,618.18,1487.97,912.18,28.21,2598.65,9867.21,1.714
2026-01-08 16:15:00,611.62,1489.32,916.85,28.07,2584.21,9876.77,2.102
2026-01-08 16:16:00,612.3,1481.92,912.14,27.55,2590.93,9847.07,1.62
2026-01-08 16:17:00,611.07,1488.3,910.71,28.15,2582.71,9884.58,1.805
2026-01-08 16:18:00,608.19,1477.85,906.92,27.72,2589.89,9835.98,1.832
2026-01-08 16:19:00,610.52,1483.95,915.14,28.25,2582.06,9855.2,1.93
2026-01-08 16:20:00,610.05,1477.13,909.25,27.32,2562.24,9809.53,1.714
2026-01-08 16:21:00,606.77,1484.4,911.2,27.95,2577.68,9860.12,1.683
2026-01-08 16:22:00,615.28,1500.61,921.04,28.69,2585.79,9892.99,1.773
2026-01-08 16:23:00,613.2,1485.58,914.28,28.19,2591.95,9855.97,1.975
2026-01-08 16:24:00,610.11,1475.19,908.2,28.12,2580.79,9823.23,1.642
2026-01-08 16:25:00,611.31,1485.31,913.96,28.58,2584.21,9873.48,1.924
2026-01-08 16:26:00,609.14,1483.73,909.3,27.81,2578.45,9852.46,1.848
2026-01-08 16:27:00,607.22,1482.88,909.34,27.31,2593.85,9806.42,1.826
2026-01-08 16:28:00,612.43,1493.77,910.61,28.82,2596.86,9896.28,1.953
2026-01-08 16:29:00,607.64,1488.2,911.75,27.95,2578.03,9860.0,1.771
2026-01-08 16:30:00,611.53,1495.72,912.3,27.91,2570.79,9846.53,1.9
2026-01-08 16:31:00,612.41,1477.24,906.83,27.51,2568.29,9842.17,1.831
2026-01-08 16:32:00,609.85,1488.22,909.35,27.45,2587.09,9829.51,1.704
2026-01-08 16:33:00,612.28,1491.53,909.56,28.76,2585.37,9881.61,1.839
2026-01-08 16:34:00,611.62,1493.72,913.75,28.25,2577.31,9863.09,1.83
2026-01-08 16:35:00,599.04,1465.76,908.34,27.11,2582.89,9789.8,1.587
2026-01-08 16:36:00,612.4,1498.65,913.22,28.6,2575.28,9903.19,1.784
2026-01-08 16:37:00,609.66,1490.49,906.55,28.42,2589.28,9846.62,1.861
2026-01-08 16:38:00,605.83,1483.83,913.24,27.64,2579.29,9831.79,1.823
2026-01-08 16:39:00,611.74,1483.89,913.97,28.67,2575.95,9889.73,1.937
2026-01-08 16:40:00,605.63,1493.36,913.18,28.36,2580.44,9858.18,1.933
2026-01-08 16:41:00,612.45,1482.6,914.53,28.52,2580.2,9859.25,1.759
2026-01-08 16:42:00,609.27,1485.55,910.25,27.57,2585.2,9830.1,1.751
2026-01-08 16:43:00,606.84,1484.22,912.13,27.24,2591.01,9814.61,1.674
2026-01-08 16:44:00,611.77,1483.32,915.77,27.85,2592.23,9856.74,1.87
2026-01-08 16:45:00,612.17,1487.66,919.58,28.69,2585.73,9885.95,1.807
2026-01-08 16:46:00,609.44,1487.44,915.42,28.49,2581.42,9846.5,1.915
2026-01-08 16:47:00,608.8,1478.77,906.9,27.89,2577.49,9823.78,1.889
2026-01-08 16:48:00,609.24,1485.16,916.51,28.43,2570.58,9892.97,1.895
2026-01-08 16:49:00,612.44,1470.17,910.16,28.23,2582.59,9841.98,1.784
2026-01-08 16:50:00,611.69,1485.55,903.94,27.62,2575.32,9826.07,1.895
2026-01-08 16:51:00,609.69,1479.66,911.28,27.23,2590.96,9802.61,1.792
2026-01-08 16:52:00,609.5,1485.44,908.24,27.78,2580.91,9836.04,1.834
2026-01-08 16:53:00,608.42,1475.94,907.04,27.53,2587.93,9821.68,1.65
2026-01-08 16:54:00,611.44,1485.75,905.88,27.37,2577.69,9811.25,1.828
2026-01-08 16:55:00,614.34,1488.84,914.89,28.25,2577.35,9842.34,1.823
2026-01-08 16:56:00,608.2,1479.27,908.25,27.82,2587.63,9843.17,1.811
2026-01-08 16:57:00,613.74,1484.92,910.76,27.99,2586.33,9877.02,1.797
2026-01-08 16:58:00,612.05,1491.68,917.87,28.48,2586.54,9873.2,1.718
2026-01-08 16:59:00,607.67,1493.67,914.54,27.9,2582.61,9857.9,1.826
2026-01-08 17:00:00,612.75,1486.19,917.76,28.0,2589.95,9864.91,1.662
2026-01-08 17:01:00,612.5,1482.51,912.68,27.82,2587.03,9819.46,1.785
2026-01-08 17:02:00,610.45,1481.18,912.25,27.11,2563.37,9791.48,1.739
2026-01-08 17:03:00,608.66,1478.73,907.22,28.08,2581.45,9861.78,1.938
2026-01-08 17:04:00,611.01,1482.55,912.62,28.2,2591.62,9861.49,1.983
2026-01-08 17:05:00,612.17,1484.49,917.56,28.37,2576.12,9881.3,1.726
2026-01-08 17:06:00,611.5,1488.44,908.36,28.08,2569.95,9861.18,1.896
2026-01-08 17:07:00,611.87,1488.71,910.0,27.33,2581.56,9840.21,1.765
2026-01-08 17:08:00,612.68,1481.35,911.65,28.09,2587.5,9857.14,1.792
2026-01-08 17:09:00,609.67,1489.67,913.8,28.57,2579.76,9859.98,1.792
2026-01-08 17:10:00,610.52,1486.17,914.41,28.34,2593.83,9861.13,1.937
2026-01-08 17:11:00,607.63,1479.76,910.5,27.6,2596.76,9823.06,1.797
2026-01-08 17:12:00,607.91,1474.84,914.4,27.47,2565.55,9795.89,1.822
2026-01-08 17:13:00,602.79,1479.48,901.18,27.64,2578.28,9806.19,1.661
2026-01-08 17:14:00,612.57,1476.87,900.57,27.63,2564.2,9834.6,1.722
2026-01-08 17:15:00,607.38,1484.25,909.92,27.96,2587.14,9819.08,1.759
2026-01-08 17:16:00,608.48,1479.72,915.06,27.77,2576.66,9825.45,1.808
2026-01-08 17:17:00,606.67,1471.91,906.5,27.4,2577.54,9805.98,1.848
2026-01-08 17:18:00,604.55,1484.09,907.69,27.96,2590.78,9812.57,1.752
2026-01-08 17:19:00,608.42,1483.36,904.89,27.44,2572.19,9843.84,1.933
2026-01-08 17:20:00,607.72,1478.9,907.14,27.41,2569.4,9823.82,1.785
2026-01-08 17:21:00,613.68,1481.26,909.39,28.17,2564.75,9847.74,1.768
2026-01-08 17:22:00,608.64,1483.46,908.82,27.74,2591.8,9813.39,1.869
2026-01-08 17:23:00,606.55,1478.11,907.98,28.22,2590.66,9831.98,1.869
2026-01-08 17:24:00,606.06,1484.84,912.18,27.38,2580.41,9842.36,1.676
2026-01-08 17:25:00,614.79,1481.22,909.53,28.12,2572.45,9839.63,1.945
2026-01-08 17:26:00,607.52,1474.0,905.54,27.2,2588.13,9808.98,1.753
2026-01-08 17:27:00,608.55,1477.66,909.47,27.88,2604.29,9829.32,1.793
2026-01-08 17:28:00,606.12,1484.93,910.91,27.84,2580.62,9835.94,1.745
2026-01-08 17:29:00,608.76,1474.57,904.57,27.44,2570.96,9786.51,1.747
2026-01-08 17:30:00,604.44,1482.35,907.39,27.35,2591.07,9800.61,1.654
2026-01-08 17:31:00,609.79,1470.11,902.73,27.68,2572.15,9802.5,1.816
2026-01-08 17:32:00,609.16,1479.15,910.94,26.99,2577.57,9784.35,1.73
2026-01-08 17:33:00,606.78,1481.1,905.41,27.44,2560.19,9804.8,1.769
2026-01-08 17:34:00,604.8,1481.18,905.7,28.04,2580.5,9846.67,1.901
2026-01-08 17:35:00,611.27,1486.28,921.85,28.48,2572.89,9851.6,1.862
2026-01-08 17:36:00,605.8,1480.66,907.15,27.54,2590.96,9794.26,1.786
2026-01-08 17:37:00,608.5,1476.5,912.4,27.69,2574.03,9818.83,1.96
2026-01-08 17:38:00,607.37,1488.28,914.32,28.9,2591.41,9904.33,1.771
2026-01-08 17:39:00,607.08,1476.37,914.67,28.37,2582.4,9854.76,1.833
2026-01-08 17:40:00,606.79,1483.38,911.23,27.57,2582.35,9806.06,1.896
2026-01-08 17:41:00,609.63,1482.87,908.65,27.52,2586.43,9829.33,1.932
2026-01-08 17:42:00,604.55,1485.14,913.68,28.49,2583.51,9872.73,1.723
2026-01-08 17:43:00,614.97,1488.19,917.11,28.15,2578.23,9859.13,1.772
2026-01-08 17:44:00,610.83,1479.49,907.39,27.5,2575.19,9814.81,1.891
2026-01-08 17:45:00,604.85,1478.72,908.09,27.42,2585.85,9817.16,1.765
2026-01-08 17:46:00,612.45,1477.13,913.03,27.36,2565.33,9785.33,1.785
2026-01-08 17:47:00,609.39,1482.1,910.61,28.25,2596.73,9856.42,1.791
2026-01-08 17:48:00,605.95,1472.04,910.03,26.99,2581.64,9786.61,1.781
2026-01-08 17:49:00,609.3,1470.31,911.24,27.07,2578.23,9795.41,1.511
2026-01-08 17:50:00,608.1,1486.03,911.05,27.84,2583.15,9797.63,1.759
2026-01-08 17:51:00,610.72,1482.64,915.13,28.42,2578.8,9862.83,1.83
2026-01-08 17:52:00,605.02,1478.46,900.47,27.46,2579.8,9803.03,1.757
2026-01-08 17:53:00,608.17,1487.08,909.05,28.08,2573.66,9841.22,1.829
2026-01-08 17:54:00,606.75,1476.32,905.33,27.25,2584.0,9797.05,1.684
2026-01-08 17:55:00,610.89,1475.86,910.93,27.51,2580.95,9812.09,1.822
2026-01-08 17:56:00,610.13,1471.83,904.47,27.28,2582.21,9789.7,1.917
2026-01-08 17:57:00,606.71,1482.99,908.5,27.92,2593.83,9822.01,1.91
2026-01-08 17:58:00,612.53,1491.89,910.85,28.21,2578.2,9890.57,1.912
2026-01-08 17:59:00,608.51,1482.54,905.75,27.67,2581.68,9841.23,1.841
2026-01-08 18:00:00,611.09,1480.4,917.53,27.43,2568.91,9826.1,1.753
2026-01-08 18:01:00,613.23,1493.43,915.5,28.89,2589.38,9899.4,1.823
2026-01-08 18:02:00,605.54,1478.56,911.56,27.58,2581.59,9815.82,1.872
2026-01-08 18:03:00,610.7,1487.18,915.01,27.97,2583.68,9862.61,1.824
2026-01-08 18:04:00,601.78,1473.64,905.13,27.15,2579.25,9784.46,1.951
2026-01-08 18:05:00,609.51,1482.92,913.79,27.6,2577.58,9828.16,1.672
2026-01-08 18:06:00,605.5,1478.26,904.11,26.89,2600.62,9788.3,1.768
2026-01-08 18:07:00,615.92,1485.54,910.09,28.22,2582.97,9839.87,1.775
2026-01-08 18:08:00,607.12,1484.35,911.71,27.81,2584.85,9835.25,1.878
2026-01-08 18:09:00,607.38,1482.9,909.17,28.42,2574.14,9855.02,1.91
2026-01-08 18:10:00,612.97,1483.38,911.69,27.65,2590.06,9848.01,1.722
2026-01-08 18:11:00,609.56,1478.4,902.65,27.67,2580.56,9811.13,1.693
2026-01-08 18:12:00,611.72,1478.88,912.79,27.36,2585.65,9825.01,1.748
2026-01-08 18:13:00,609.27,1485.02,914.32,28.41,2589.54,9831.1,1.858
2026-01-08 18:14:00,603.18,1472.18,905.07,26.77,2579.68,9784.47,1.817
2026-01-08 18:15:00,613.97,1480.12,910.93,28.09,2576.43,9818.96,1.675
2026-01-08 18:16:00,609.96,1486.08,910.65,27.9,2564.02,9839.33,1.843
2026-01-08 18:17:00,610.22,1483.48,914.48,27.95,2579.82,9846.56,1.837
2026-01-08 18:18:00,613.01,1484.35,915.26,28.27,2577.86,9856.72,1.827
2026-01-08 18:19:00,604.96,1482.23,908.43,27.35,2572.53,9814.5,1.85
2026-01-08 18:20:00,606.91,1484.02,915.39,27.67,2592.96,9805.78,1.815
2026-01-08 18:21:00,604.5,1474.79,905.21,27.59,2588.89,9797.88,1.798
2026-01-08 18:22:00,609.57,1482.82,901.46,27.6,2567.08,9815.71,1.897
2026-01-08 18:23:00,604.65,1481.26,901.3,27.98,2583.92,9840.51,1.943
2026-01-08 18:24:00,609.82,1479.02,910.55,28.5,2576.45,9848.31,1.793
2026-01-08 18:25:00,611.41,1482.82,902.83,27.51,2583.89,9796.1,1.785
2026-01-08 18:26:00,612.42,1476.7,909.15,27.78,2576.47,9845.03,1.878
2026-01-08 18:27:00,608.76,1480.4,911.96,27.82,2577.5,9818.08,1.79
2026-01-08 18:28:00,607.79,1485.4,900.61,27.42,2589.29,9812.19,1.857
2026-01-08 18:29:00,608.32,1485.06,910.08,27.59,2588.8,9829.14,1.823
2026-01-08 18:30:00,604.61,1469.82,902.98,27.15,2592.04,9770.46,1.836
2026-01-08 18:31:00,607.34,1474.03,903.92,27.4,2580.13,9819.49,1.86
2026-01-08 18:32:00,602.01,1475.47,908.11,27.61,2570.08,9815.79,1.797
2026-01-08 18:33:00,609.15,1487.06,911.96,28.15,2590.26,9845.81,1.896
2026-01-08 18:34:00,609.89,1479.95,910.77,27.84,2588.4,9796.75,1.848
2026-01-08 18:35:00,604.9,1474.2,908.52,27.83,2586.96,9821.24,1.993
2026-01-08 18:36:00,605.72,1482.07,908.35,27.19,2575.65,9812.66,1.655
2026-01-08 18:37:00,607.17,1475.59,909.71,27.45,2573.71,9829.91,1.867
2026-01-08 18:38:00,602.58,1477.48,912.87,27.67,2584.89,9786.92,1.868
2026-01-08 18:39:00,610.68,1485.28,914.31,27.55,2574.95,9823.89,1.988
2026-01-08 18:40:00,609.58,1478.76,910.83,27.14,2579.01,9809.33,1.758
2026-01-08 18:41:00,610.35,1477.13,911.5,27.32,2604.89,9813.52,1.811
2026-01-08 18:42:00,607.55,1473.61,905.8,27.71,2598.48,9808.6,1.762
2026-01-08 18:43:00,604.63,1474.15,906.68,27.52,2587.74,9807.3,1.941
2026-01-08 18:44:00,605.76,1479.51,911.55,28.08,2577.38,9840.22,1.759
2026-01-08 18:45:00,610.64,1486.05,911.44,28.0,2577.2,9847.98,1.787
2026-01-08 18:46:00,608.11,1475.87,908.73,27.03,2586.55,9792.58,1.672
2026-01-08 18:47:00,607.26,1489.2,916.05,27.97,2596.18,9879.43,1.626
2026-01-08 18:48:00,606.94,1479.75,911.4,28.07,2579.7,9868.85,1.842
2026-01-08 18:49:00,610.39,1490.41,907.79,28.05,2579.35,9848.56,1.819
2026-01-08 18:50:00,609.64,1482.08,908.08,27.55,2583.18,9835.13,1.799
2026-01-08 18:51:00,612.22,1483.11,912.14,28.16,2571.57,9840.43,1.87
2026-01-08 18:52:00,614.18,1488.98,913.81,28.28,2573.67,9888.18,1.917
2026-01-08 18:53:00,608.11,1489.48,905.79,27.1,2572.04,9808.62,1.745
2026-01-08 18:54:00,609.65,1475.75,907.73,27.32,2585.23,9793.66,1.795
2026-01-08 18:55:00,605.36,1484.1,904.58,27.1,2581.79,9761.43,1.759
2026-01-08 18:56:00,611.07,1491.87,915.81,28.63,2592.82,9867.08,1.841
2026-01-08 18:57:00,614.0,1484.05,918.66,28.15,2570.69,9889.51,1.976
2026-01-08 18:58:00,609.7,1474.4,911.69,27.84,2569.24,9806.79,1.831
2026-01-08 18:59:00,610.12,1479.78,905.86,27.61,2585.24,9812.54,1.885
2026-01-08 19:00:00,607.91,1480.99,907.68,27.6,2575.22,9828.01,1.796
2026-01-08 19:01:00,611.18,1484.92,908.35,28.16,2576.51,9846.14,1.735
2026-01-08 19:02:00,604.58,1474.83,910.82,27.76,2589.27,9801.46,1.881
2026-01-08 19:03:00,607.85,1480.58,906.4,26.96,2576.62,9798.32,1.851
2026-01-08 19:04:00,611.16,1490.81,919.89,28.43,2581.08,9888.97,1.819
2026-01-08 19:05:00,604.51,1485.04,912.86,27.96,2581.24,9854.72,1.817
2026-01-08 19:06:00,608.66,1484.22,910.03,28.36,2582.03,9862.61,1.881
2026-01-08 19:07:00,606.51,1481.44,904.61,28.25,2588.07,9837.96,1.849
2026-01-08 19:08:00,603.04,1492.45,912.35,27.85,2572.74,9833.63,1.807
2026-01-08 19:09:00,605.02,1478.6,913.42,27.22,2579.29,9791.85,1.701
2026-01-08 19:10:00,609.57,1489.46,911.16,28.05,2592.06,9842.35,1.976
2026-01-08 19:11:00,610.27,1485.67,910.32,27.87,2599.77,9841.01,1.822
2026-01-08 19:12:00,606.24,1470.89,908.03,26.63,2569.57,9782.21,1.875
2026-01-08 19:13:00,612.14,1486.04,912.04,27.71,2584.31,9814.05,1.608
2026-01-08 19:14:00,607.04,1480.58,913.54,27.96,2580.54,9824.32,1.712
2026-01-08 19:15:00,605.74,1487.26,907.33,28.16,2581.8,9838.14,1.909
2026-01-08 19:16:00,609.44,1477.51,910.67,27.39,2575.65,9821.89,1.794
2026-01-08 19:17:00,608.35,1472.23,903.95,27.6,2587.29,9803.43,1.881
2026-01-08 19:18:00,602.91,1475.88,901.0,27.62,2586.25,9787.32,1.739
2026-01-08 19:19:00,608.99,1488.91,913.07,28.76,2603.51,9856.95,1.823
2026-01-08 19:20:00,610.04,1478.83,913.75,28.01,2572.05,9838.66,1.76
2026-01-08 19:21:00,607.57,1479.61,907.68,27.79,2567.56,9811.09,1.88
2026-01-08 19:22:00,611.18,1480.1,910.59,27.72,2599.28,9844.45,1.798
2026-01-08 19:23:00,607.08,1485.23,911.14,27.27,2581.15,9811.76,1.869
2026-01-08 19:24:00,604.95,1479.44,913.22,28.03,2578.62,9829.86,1.936
2026-01-08 19:25:00,603.34,1475.51,908.74,26.91,2582.67,9801.36,1.779
2026-01-08 19:26:00,612.63,1484.0,913.3,28.08,2571.89,9849.84,1.822
2026-01-08 19:27:00,609.82,1475.09,910.19,28.05,2585.0,9822.7,1.769
2026-01-08 19:28:00,609.04,1475.38,913.47,28.19,2582.32,9847.59,1.986
2026-01-08 19:29:00,611.78,1474.59,905.9,27.97,2590.91,9831.18,1.807
2026-01-08 19:30:00,608.32,1480.3,911.68,27.77,2589.13,9829.87,1.796
2026-01-08 19:31:00,610.09,1489.14,909.62,28.32,2591.73,9879.67,1.762
2026-01-08 19:32:00,606.81,1492.44,915.37,28.32,2583.8,9829.79,1.771
2026-01-08 19:33:00,611.18,1485.28,916.03,28.56,2596.55,9866.9,1.806
2026-01-08 19:34:00,612.68,1481.81,911.94,28.36,2587.98,9858.19,1.923
2026-01-08 19:35:00,613.33,1479.34,911.37,28.09,2578.94,9853.81,1.808
2026-01-08 19:36:00,609.16,1479.8,910.62,27.43,2575.18,9813.84,1.776
2026-01-08 19:37:00,610.24,1484.3,911.24,28.06,2576.72,9830.47,1.877
2026-01-08 19:38:00,613.16,1484.19,911.42,27.67,2586.88,9827.14,1.816
2026-01-08 19:39:00,609.23,1489.34,914.87,28.01,2572.24,9845.83,1.74
2026-01-08 19:40:00,611.7,1479.94,911.31,27.87,2583.33,9825.11,1.936
2026-01-08 19:41:00,610.77,1489.86,915.32,28.17,2576.62,9855.77,1.789
2026-01-08 19:42:00,610.55,1481.24,906.93,28.54,2573.37,9858.81,1.859
2026-01-08 19:43:00,608.07,1486.0,913.49,27.7,2574.29,9849.08,1.865
2026-01-08 19:44:00,610.31,1479.0,904.96,28.15,2583.14,9857.03,1.658
2026-01-08 19:45:00,614.0,1486.27,914.37,28.55,2589.09,9848.18,1.802
2026-01-08 19:46:00,601.51,1474.07,905.71,27.63,2575.72,9800.52,1.748
2026-01-08 19:47:00,609.0,1475.03,908.29,27.3,2564.36,9796.31,1.698
2026-01-08 19:48:00,600.18,1470.27,904.1,27.54,2606.17,9795.36,1.783
2026-01-08 19:49:00,607.59,1482.98,910.75,28.21,2592.56,9864.51,1.849
2026-01-08 19:50:00,610.73,1480.03,911.69,28.67,2591.33,9870.91,1.888
2026-01-08 19:51:00,615.33,1488.81,913.76,28.81,2597.79,9894.09,1.871
2026-01-08 19:52:00,608.4,1477.94,912.14,27.63,2583.21,9834.97,1.815
2026-01-08 19:53:00,610.11,1488.33,908.15,27.76,2580.94,9823.43,1.939
2026-01-08 19:54:00,607.44,1487.43,911.79,28.14,2593.9,9849.96,1.802
2026-01-08 19:55:00,611.91,1489.96,916.06,28.93,2596.19,9910.13,1.74
2026-01-08 19:56:00,612.71,1492.96,913.96,28.73,2589.81,9897.15,1.799
2026-01-08 19:57:00,615.42,1490.74,914.62,28.57,2591.29,9880.25,1.942
2026-01-08 19:58:00,608.72,1483.59,908.61,27.91,2572.42,9831.41,1.801
2026-01-08 19:59:00,610.67,1488.65,912.04,28.32,2582.38,9885.59,1.786
2026-01-08 20:00:00,612.33,1487.76,914.46,27.77,2596.22,9837.94,1.879
2026-01-08 20:01:00,608.82,1487.56,904.32,27.7,2588.67,9828.88,1.94
2026-01-08 20:02:00,610.19,1480.97,910.61,28.0,2571.18,9845.41,1.812
2026-01-08 20:03:00,609.58,1490.06,910.0,27.69,2577.93,9827.35,1.866
2026-01-08 20:04:00,608.29,1478.6,912.33,28.14,2594.84,9836.03,1.939
2026-01-08 20:05:00,603.18,1471.32,910.41,27.49,2585.76,9825.98,1.98
2026-01-08 20:06:00,614.66,1495.57,913.65,27.89,2585.38,9872.35,1.892
2026-01-08 20:07:00,611.48,1489.87,912.15,28.84,2585.7,9874.33,1.844
2026-01-08 20:08:00,609.53,1491.1,912.73,28.34,2583.9,9888.85,1.854
2026-01-08 20:09:00,609.49,1482.02,913.22,27.91,2577.62,9818.06,1.634
2026-01-08 20:10:00,618.6,1489.6,918.7,29.0,2578.81,9912.25,1.774
2026-01-08 20:11:00,610.68,1472.15,909.66,27.5,2590.08,9822.9,1.852
2026-01-08 20:12:00,613.57,1478.79,909.43,27.67,2583.94,9823.87,2.022
2026-01-08 20:13:00,606.3,1480.05,909.16,27.42,2587.04,9806.92,1.756
2026-01-08 20:14:00,613.31,1486.34,915.09,28.68,2589.09,9892.62,1.844
2026-01-08 20:15:00,611.76,1483.79,909.99,27.79,2594.16,9845.67,1.861
2026-01-08 20:16:00,609.81,1482.14,916.01,27.96,2586.58,9847.2,1.955
2026-01-08 20:17:00,608.38,1480.58,908.09,27.92,2589.31,9841.3,1.759
2026-01-08 20:18:00,600.84,1481.86,905.74,28.21,2584.09,9842.15,1.79
2026-01-08 20:19:00,616.76,1492.19,923.97,28.72,2577.83,9910.42,1.878
2026-01-08 20:20:00,607.95,1489.92,913.92,27.94,2581.69,9861.37,1.852
2026-01-08 20:21:00,615.22,1480.74,913.01,28.15,2588.52,9869.17,1.862
2026-01-08 20:22:00,611.4,1483.28,915.85,28.4,2589.3,9871.29,1.879
2026-01-08 20:23:00,606.16,1471.78,902.9,26.93,2592.62,9797.54,1.844
2026-01-08 20:24:00,608.13,1486.01,907.94,27.82,2577.81,9809.85,1.833
2026-01-08 20:25:00,612.08,1484.42,916.23,28.29,2585.61,9869.09,1.847
2026-01-08 20:26:00,611.79,1477.12,918.46,28.26,2582.36,9858.71,1.73
2026-01-08 20:27:00,612.28,1486.79,914.73,27.8,2595.16,9827.2,1.714
2026-01-08 20:28:00,608.69,1482.38,912.68,27.46,2584.83,9818.11,1.752
2026-01-08 20:29:00,609.51,1499.97,919.24,28.07,2587.12,9873.04,1.942
2026-01-08 20:30:00,608.62,1482.6,913.16,28.1,2583.48,9868.17,1.961
2026-01-08 20:31:00,614.43,1487.49,909.76,28.09,2582.55,9883.3,1.751
2026-01-08 20:32:00,609.25,1479.97,909.6,28.01,2571.12,9841.21,1.904
2026-01-08 20:33:00,608.78,1483.14,917.65,28.21,2573.62,9866.84,1.721
2026-01-08 20:34:00,606.95,1478.29,906.68,27.83,2585.02,9863.83,1.894
2026-01-08 20:35:00,610.65,1481.85,912.52,27.82,2583.3,9845.24,1.796
2026-01-08 20:36:00,603.64,1477.93,907.85,27.47,2582.3,9792.7,1.625
2026-01-08 20:37:00,608.43,1481.2,911.14,28.18,2590.05,9836.18,1.745
2026-01-08 20:38:00,613.79,1485.62,914.47,27.99,2584.62,9871.2,1.803
2026-01-08 20:39:00,614.98,1501.22,920.59,29.59,2583.3,9927.81,1.928
2026-01-08 20:40:00,603.8,1482.5,918.38,27.79,2581.34,9848.98,1.831
2026-01-08 20:41:00,611.36,1485.79,913.07,27.49,2584.64,9840.46,1.819
2026-01-08 20:42:00,614.49,1488.76,918.36,28.37,2579.69,9841.59,1.807
2026-01-08 20:43:00,617.29,1495.34,917.67,28.56,2593.92,9910.43,1.959
2026-01-08 20:44:00,611.9,1491.93,920.08,28.59,2583.48,9863.29,1.765
2026-01-08 20:45:00,618.47,1485.63,912.9,28.58,2587.21,9905.1,1.918
2026-01-08 20:46:00,612.75,1483.7,916.06,28.28,2577.47,9874.35,2.045
2026-01-08 20:47:00,618.12,1485.99,912.35,27.49,2590.89,9832.38,1.866
2026-01-08 20:48:00,615.07,1488.26,916.98,28.89,2596.17,9891.2,1.906
2026-01-08 20:49:00,613.47,1479.66,914.09,28.55,2572.84,9867.77,1.795
2026-01-08 20:50:00,611.3,1493.71,919.38,28.29,2587.53,9882.5,2.022
2026-01-08 20:51:00,606.56,1487.62,911.96,27.77,2581.44,9830.76,1.758
2026-01-08 20:52:00,613.5,1496.95,915.84,29.02,2587.79,9913.24,1.875
2026-01-08 20:53:00,611.32,1485.51,917.19,27.83,2586.4,9842.88,1.655
2026-01-08 20:54:00,610.06,1490.84,911.19,28.68,2566.09,9873.55,1.8
2026-01-08 20:55:00,608.69,1480.45,905.25,28.01,2589.11,9849.5,1.895
2026-01-08 20:56:00,609.68,1484.94,905.48,27.89,2591.88,9848.21,1.823
2026-01-08 20:57:00,612.32,1497.45,922.37,28.45,2595.27,9912.06,1.964
2026-01-08 20:58:00,613.2,1493.12,914.64,27.98,2576.3,9870.64,1.866
2026-01-08 20:59:00,610.55,1487.94,916.43,28.44,2583.57,9869.54,1.888
2026-01-08 21:00:00,610.39,1483.3,911.43,27.99,2578.43,9841.9,1.909
2026-01-08 21:01:00,608.94,1494.72,915.37,28.7,2569.12,9885.66,1.734
2026-01-08 21:02:00,609.98,1483.25,909.39,27.69,2577.46,9833.74,1.89
2026-01-08 21:03:00,612.78,1477.33,914.73,27.71,2574.63,9856.27,1.809
2026-01-08 21:04:00,610.37,1492.24,910.04,28.41,2587.21,9888.01,1.823
2026-01-08 21:05:00,612.9,1487.2,909.74,28.91,2571.09,9877.82,1.768
2026-01-08 21:06:00,610.44,1484.64,908.81,27.65,2574.78,9838.69,1.862
2026-01-08 21:07:00,610.52,1490.4,911.47,28.31,2579.75,9871.77,1.86
2026-01-08 21:08:00,612.08,1484.05,920.12,28.13,2591.31,9903.86,1.941
2026-01-08 21:09:00,613.09,1491.75,922.01,28.23,2606.26,9875.23,1.729
2026-01-08 21:10:00,611.96,1482.42,917.73,28.03,2585.78,9857.67,1.924
2026-01-08 21:11:00,618.04,1493.98,909.62,29.21,2578.07,9934.02,1.937
2026-01-08 21:12:00,608.24,1487.42,918.25,28.27,2578.57,9874.37,1.781
2026-01-08 21:13:00,613.86,1489.06,916.31,28.84,2591.87,9941.35,1.982
2026-01-08 21:14:00,609.03,1480.64,907.9,28.22,2573.33,9876.7,1.884
2026-01-08 21:15:00,613.83,1493.86,922.34,28.43,2593.15,9883.98,1.756
2026-01-08 21:16:00,614.49,1494.94,915.58,28.61,2587.72,9913.78,1.894
2026-01-08 21:17:00,608.83,1487.55,911.28,28.16,2583.07,9876.08,1.65
2026-01-08 21:18:00,612.1,1488.14,911.05,28.14,2569.13,9838.55,1.88
2026-01-08 21:19:00,614.79,1498.99,910.09,27.79,2590.13,9842.59,1.775
2026-01-08 21:20:00,612.15,1482.21,915.93,28.8,2578.92,9900.21,1.737
2026-01-08 21:21:00,611.54,1483.64,917.29,28.87,2586.9,9917.34,1.693
2026-01-08 21:22:00,610.29,1491.03,911.25,27.68,2581.65,9846.28,1.854
2026-01-08 21:23:00,612.25,1486.4,909.99,28.48,2571.96,9890.46,1.851
2026-01-08 21:24:00,608.76,1486.71,910.07,28.25,2581.62,9860.45,1.814
2026-01-08 21:25:00,614.39,1492.49,915.95,28.57,2573.67,9857.53,1.858
2026-01-08 21:26:00,606.51,1486.5,911.06,27.68,2577.32,9836.72,1.824
2026-01-08 21:27:00,613.61,1491.95,916.09,28.54,2588.1,9890.72,1.921
2026-01-08 21:28:00,615.48,1496.17,914.8,28.67,2589.89,9881.35,1.854
2026-01-08 21:29:00,614.19,1484.33,916.76,28.17,2582.34,9835.3,1.784
2026-01-08 21:30:00,614.63,1494.01,915.4,28.29,2577.23,9882.06,1.819
2026-01-08 21:31:00,609.99,1482.72,916.62,28.47,2579.3,9886.53,1.876
2026-01-08 21:32:00,614.68,1488.01,912.55,28.43,2578.07,9858.44,1.876
2026-01-08 21:33:00,616.07,1497.79,923.47,29.08,2568.71,9920.73,1.837
2026-01-08 21:34:00,616.3,1490.14,914.06,28.87,2585.37,9894.38,1.827
2026-01-08 21:35:00,612.36,1487.4,908.9,28.32,2569.68,9848.79,1.853
2026-01-08 21:36:00,613.17,1489.78,918.98,28.25,2583.89,9855.67,1.863
2026-01-08 21:37:00,614.43,1496.9,916.51,28.78,2573.51,9904.65,1.798
2026-01-08 21:38:00,618.15,1486.45,911.5,28.16,2574.29,9872.67,1.747
2026-01-08 21:39:00,611.67,1494.0,916.44,28.89,2591.15,9920.53,1.889
2026-01-08 21:40:00,611.73,1485.03,913.18,28.63,2585.18,9899.56,1.907
2026-01-08 21:41:00,611.0,1491.97,916.92,29.25,2570.71,9920.33,1.907
2026-01-08 21:42:00,615.76,1491.4,920.2,28.83,2580.82,9907.58,1.764
2026-01-08 21:43:00,615.4,1501.87,920.03,28.83,2587.39,9907.56,1.902
2026-01-08 21:44:00,609.85,1486.3,913.85,28.24,2579.45,9884.56,1.927
2026-01-08 21:45:00,610.81,1489.25,917.62,28.58,2581.05,9868.9,1.812
2026-01-08 21:46:00,612.57,1492.85,921.93,29.05,2588.61,9942.7,1.85
2026-01-08 21:47:00,613.69,1498.19,912.42,28.66,2585.51,9903.91,1.967
2026-01-08 21:48:00,614.46,1495.91,916.24,29.6,2578.8,9944.76,1.989
2026-01-08 21:49:00,614.34,1489.29,914.8,28.86,2585.03,9896.11,1.792
2026-01-08 21:50:00,612.99,1491.93,911.01,28.82,2583.73,9926.53,1.906
2026-01-08 21:51:00,612.37,1487.33,914.39,27.95,2597.39,9863.91,1.756
2026-01-08 21:52:00,614.96,1490.07,915.25,29.0,2585.28,9928.33,1.926
2026-01-08 21:53:00,613.9,1484.95,920.29,28.4,2585.65,9888.89,1.823
2026-01-08 21:54:00,615.15,1498.08,921.18,28.7,2588.23,9929.54,1.813
2026-01-08 21:55:00,614.19,1489.77,916.75,28.55,2582.59,9904.37,1.759
2026-01-08 21:56:00,616.31,1498.96,921.45,28.35,2580.28,9926.81,1.99
2026-01-08 21:57:00,612.04,1486.92,916.0,28.98,2588.88,9905.24,1.837
2026-01-08 21:58:00,612.35,1491.34,916.99,28.55,2587.7,9873.25,2.104
2026-01-08 21:59:00,615.65,1490.91,912.29,29.04,2601.67,9900.17,1.984
2026-01-08 22:00:00,616.61,1487.57,913.81,28.55,2590.28,9883.03,1.961
2026-01-08 22:01:00,614.87,1500.55,920.67,29.28,2593.17,9953.93,1.748
2026-01-08 22:02:00,612.2,1498.89,916.82,28.71,2590.04,9881.9,1.847
2026-01-08 22:03:00,614.81,1500.75,921.1,28.5,2579.46,9899.51,1.702
2026-01-08 22:04:00,618.51,1498.07,920.09,28.93,2576.65,9944.18,1.942
2026-01-08 22:05:00,616.65,1494.6,919.73,28.57,2576.73,9893.78,1.861
2026-01-08 22:06:00,612.03,1484.87,915.12,28.71,2590.26,9893.77,1.985
2026-01-08 22:07:00,616.1,1483.91,915.9,28.13,2595.32,9873.03,1.766
2026-01-08 22:08:00,612.16,1501.74,923.33,28.78,2591.95,9927.72,1.929
2026-01-08 22:09:00,617.61,1494.65,923.85,28.8,2584.31,9916.56,1.886
2026-01-08 22:10:00,611.34,1489.1,908.4,28.85,2598.61,9905.16,1.872
2026-01-08 22:11:00,617.2,1495.3,916.17,28.87,2582.11,9916.94,1.946
2026-01-08 22:12:00,616.65,1490.68,917.44,29.08,2575.01,9879.35,1.894
2026-01-08 22:13:00,614.12,1495.13,920.67,28.36,2586.15,9877.42,1.923
2026-01-08 22:14:00,613.4,1498.35,918.46,28.96,2595.59,9906.61,1.919
2026-01-08 22:15:00,615.94,1494.97,918.43,28.64,2579.2,9924.46,1.919
2026-01-08 22:16:00,616.16,1481.12,913.24,28.73,2571.05,9892.11,1.805
2026-01-08 22:17:00,614.76,1492.06,919.22,28.61,2585.42,9903.09,1.848
2026-01-08 22:18:00,616.13,1493.9,917.34,29.01,2592.15,9925.22,1.807
2026-01-08 22:19:00,621.87,1507.2,923.25,29.97,2563.84,9965.84,1.898
2026-01-08 22:20:00,615.15,1500.65,918.17,28.92,2593.81,9925.47,1.926
2026-01-08 22:21:00,613.45,1500.98,918.66,28.44,2574.32,9906.64,1.761
2026-01-08 22:22:00,620.5,1506.87,924.4,28.98,2592.52,9944.37,1.968
2026-01-08 22:23:00,617.74,1492.12,908.13,28.91,2569.57,9913.96,1.86
2026-01-08 22:24:00,616.22,1498.56,925.23,28.95,2573.9,9917.89,1.873
2026-01-08 22:25:00,617.5,1500.51,926.11,29.3,2591.74,9945.92,1.905
2026-01-08 22:26:00,610.29,1490.16,911.34,28.26,2594.4,9891.65,1.879
2026-01-08 22:27:00,620.2,1501.72,920.29,29.68,2586.4,9937.75,1.704
2026-01-08 22:28:00,612.27,1500.94,913.48,29.2,2604.62,9911.76,1.872
2026-01-08 22:29:00,615.74,1497.67,914.71,29.92,2580.39,9991.8,1.887
2026-01-08 22:30:00,613.3,1489.62,918.02,28.13,2576.2,9886.73,1.84
2026-01-08 22:31:00,614.95,1501.66,925.88,29.44,2583.65,9927.51,1.953
2026-01-08 22:32:00,610.5,1502.28,918.79,29.18,2582.82,9915.94,1.843
2026-01-08 22:33:00,614.97,1499.37,927.05,29.21,2588.75,9938.22,1.838
2026-01-08 22:34:00,616.32,1498.9,917.82,29.38,2580.24,9930.4,1.919
2026-01-08 22:35:00,622.07,1502.84,918.37,29.77,2593.13,9992.35,1.849
2026-01-08 22:36:00,620.65,1499.13,919.98,29.13,2591.39,9952.53,2.007
2026-01-08 22:37:00,617.04,1490.5,917.47,29.33,2599.72,9946.5,2.062
2026-01-08 22:38:00,618.08,1498.52,923.19,28.84,2582.71,9941.97,1.793
2026-01-08 22:39:00,619.75,1496.74,925.24,29.11,2589.77,9953.44,1.962
2026-01-08 22:40:00,620.57,1500.02,917.87,29.51,2591.89,9952.52,2.031
2026-01-08 22:41:00,612.9,1488.3,911.26,28.39,2583.89,9872.95,1.813
2026-01-08 22:42:00,615.26,1490.45,920.91,28.63,2584.16,9921.98,1.841
2026-01-08 22:43:00,619.46,1503.3,922.49,29.67,2571.71,9982.72,1.888
2026-01-08 22:44:00,617.04,1501.86,920.14,28.6,2586.41,9918.99,1.985
2026-01-08 22:45:00,614.78,1500.02,920.1,29.35,2592.12,9960.61,2.025
2026-01-08 22:46:00,618.0,1500.58,920.28,29.53,2587.48,9975.74,1.91
2026-01-08 22:47:00,616.57,1495.88,922.24,29.22,2579.59,9921.85,2.01
2026-01-08 22:48:00,608.73,1489.12,918.91,28.53,2571.21,9890.74,1.768
2026-01-08 22:49:00,618.23,1491.3,923.82,29.31,2590.67,9952.54,1.953
2026-01-08 22:50:00,623.18,1515.04,924.91,29.62,2588.32,9978.56,1.864
2026-01-08 22:51:00,610.68,1489.34,923.02,28.25,2596.11,9899.75,1.885
2026-01-08 22:52:00,614.68,1490.22,920.69,28.85,2573.97,9914.66,1.854
2026-01-08 22:53:00,614.47,1499.43,920.19,29.19,2582.38,9929.33,1.81
2026-01-08 22:54:00,617.01,1496.8,921.35,30.01,2578.19,9996.59,1.975
2026-01-08 22:55:00,614.92,1502.62,922.75,29.29,2594.49,9933.17,1.8
2026-01-08 22:56:00,614.9,1501.66,919.23,29.68,2597.32,9961.84,1.977
2026-01-08 22:57:00,621.25,1502.91,930.13,30.34,2603.67,9984.69,1.997
2026-01-08 22:58:00,621.47,1503.17,922.78,29.23,2591.63,9963.27,1.93
2026-01-08 22:59:00,617.24,1497.21,919.01,28.96,2591.98,9917.01,1.86
2026-01-08 23:00:00,613.11,1493.17,922.78,29.46,2590.53,9952.45,1.97
2026-01-08 23:01:00,621.47,1503.11,924.51,29.64,2592.65,9978.82,1.999
2026-01-08 23:02:00,619.11,1500.69,919.26,28.98,2586.73,9934.44,1.859
2026-01-08 23:03:00,607.66,1493.64,913.85,29.52,2592.07,9954.43,1.928
2026-01-08 23:04:00,617.75,1497.01,915.31,29.03,2602.84,9918.59,1.854
2026-01-08 23:05:00,616.17,1496.76,914.05,28.96,2588.36,9941.41,1.94
2026-01-08 23:06:00,616.1,1498.81,919.05,28.92,2587.23,9952.42,1.853
2026-01-08 23:07:00,610.0,1492.5,920.2,28.79,2587.28,9917.79,1.902
2026-01-08 23:08:00,620.05,1500.34,918.07,29.13,2585.62,9946.65,1.9
2026-01-08 23:09:00,617.22,1502.13,927.83,29.33,2588.45,9937.91,1.972
2026-01-08 23:10:00,619.14,1492.52,917.06,29.24,2585.86,9959.8,1.875
2026-01-08 23:11:00,617.61,1510.29,927.71,29.96,2598.07,10000.75,1.974
2026-01-08 23:12:00,618.92,1498.62,923.19,28.97,2595.48,9954.66,1.881
2026-01-08 23:13:00,619.19,1500.15,920.9,29.08,2604.66,9959.89,1.796
2026-01-08 23:14:00,618.68,1505.86,923.26,29.4,2587.5,9969.12,1.906
2026-01-08 23:15:00,614.62,1502.38,927.14,29.48,2589.85,9965.46,1.973
2026-01-08 23:16:00,618.83,1503.5,926.84,29.55,2590.14,9981.47,1.989
2026-01-08 23:17:00,616.45,1506.76,926.24,29.82,2589.87,9984.1,1.889
2026-01-08 23:18:00,616.88,1504.32,920.35,29.29,2597.09,9978.36,2.012
2026-01-08 23:19:00,626.07,1510.81,930.53,30.78,2578.34,10062.96,2.107
2026-01-08 23:20:00,620.28,1511.27,927.48,30.01,2592.77,10004.97,1.882
2026-01-08 23:21:00,616.53,1503.61,923.31,28.83,2602.48,9938.99,1.913
2026-01-08 23:22:00,616.31,1505.1,919.78,29.85,2599.19,9984.48,2.024
2026-01-08 23:23:00,617.22,1498.47,922.51,29.08,2597.78,9971.74,2.033
2026-01-08 23:24:00,619.11,1502.46,925.28,29.39,2594.33,9966.75,1.941
2026-01-08 23:25:00,613.99,1505.45,923.7,29.77,2582.89,9968.25,2.015
2026-01-08 23:26:00,619.66,1499.1,920.21,28.57,2580.31,9933.58,2.003
2026-01-08 23:27:00,622.07,1506.13,920.8,30.09,2582.73,9994.3,1.993
2026-01-08 23:28:00,618.7,1509.82,922.93,29.67,2579.68,9997.33,1.928
2026-01-08 23:29:00,620.84,1495.32,925.84,29.66,2595.89,9985.34,1.969
2026-01-08 23:30:00,615.87,1504.17,929.08,30.03,2599.69,9975.74,1.878
2026-01-08 23:31:00,620.53,1514.93,923.51,29.82,2592.29,9998.12,1.901
2026-01-08 23:32:00,621.4,1494.29,925.12,29.89,2593.81,9961.1,1.797
2026-01-08 23:33:00,615.54,1497.01,916.67,29.17,2589.03,9943.31,1.976
2026-01-08 23:34:00,620.68,1506.37,919.4,30.17,2594.01,10014.7,2.049
2026-01-08 23:35:00,621.37,1505.14,927.75,30.61,2573.12,10029.98,1.826
2026-01-08 23:36:00,626.48,1502.05,925.38,29.71,2590.15,9967.77,1.888
2026-01-08 23:37:00,625.67,1500.36,926.1,29.93,2585.18,9992.28,1.897
2026-01-08 23:38:00,622.98,1510.92,921.51,30.29,2589.77,10030.94,2.019
2026-01-08 23:39:00,617.83,1506.98,928.67,29.34,2589.91,9979.69,1.935
2026-01-08 23:40:00,620.32,1507.66,922.91,29.68,2583.33,10004.16,2.007
2026-01-08 23:41:00,623.27,1504.46,923.74,30.22,2579.98,9992.22,1.948
2026-01-08 23:42:00,615.34,1509.55,926.35,30.28,2582.5,9989.23,1.965
2026-01-08 23:43:00,613.12,1503.56,923.07,29.32,2575.2,9946.07,1.912
2026-01-08 23:44:00,617.57,1511.94,930.61,29.24,2578.72,9976.22,2.026
2026-01-08 23:45:00,621.69,1507.38,926.85,29.84,2580.85,10002.68,1.876
2026-01-08 23:46:00,625.08,1512.47,933.52,30.31,2578.94,10039.31,1.925
2026-01-08 23:47:00,622.4,1508.66,925.4,29.92,2593.29,10004.37,1.886
2026-01-08 23:48:00,621.77,1505.87,927.35,29.81,2581.79,10002.66,1.99
2026-01-08 23:49:00,620.85,1514.71,920.0,30.59,2575.35,10035.05,1.852
2026-01-08 23:50:00,619.96,1508.65,925.55,30.11,2585.83,10003.83,1.801
2026-01-08 23:51:00,623.36,1512.93,924.04,30.39,2579.99,10000.2,2.007
2026-01-08 23:52:00,623.61,1507.46,924.51,29.6,2599.67,9977.1,1.823
2026-01-08 23:53:00,621.62,1500.94,926.3,29.84,2589.34,9984.16,1.867
2026-01-08 23:54:00,619.92,1501.36,928.06,30.07,2576.81,9991.84,1.837
2026-01-08 23:55:00,621.49,1508.67,926.37,30.0,2592.7,9980.99,1.879
2026-01-08 23:56:00,622.49,1500.46,921.41,29.1,2587.83,9955.2,2.15
2026-01-08 23:57:00,620.57,1508.93,925.52,29.77,2586.01,9975.02,1.905
2026-01-08 23:58:00,620.13,1509.48,927.23,30.15,2601.81,10008.44,1.958
2026-01-08 23:59:00,621.6,1522.59,926.66,29.98,2580.81,9993.02,1.865
2026-01-09 00:00:00,622.67,1507.42,929.39,29.91,2596.87,9992.37,1.937
2026-01-09 00:01:00,618.06,1498.29,923.88,30.41,2585.56,9998.7,2.03
2026-01-09 00:02:00,623.7,1512.22,930.79,29.87,2589.02,10007.03,1.967
2026-01-09 00:03:00,615.78,1509.55,922.27,29.29,2581.5,9964.34,2.084
2026-01-09 00:04:00,622.06,1514.91,930.38,30.13,2584.39,10025.46,1.913
2026-01-09 00:05:00,622.61,1514.75,927.94,30.12,2585.97,10014.75,1.793
2026-01-09 00:06:00,627.58,1510.75,932.52,30.53,2575.04,10034.91,2.015
2026-01-09 00:07:00,624.09,1508.75,932.9,29.83,2591.52,9996.25,1.983
2026-01-09 00:08:00,619.36,1503.89,925.95,30.12,2589.43,9990.21,1.95
2026-01-09 00:09:00,620.02,1506.73,932.41,30.02,2576.97,10001.64,1.845
2026-01-09 00:10:00,620.15,1509.99,926.92,30.16,2594.71,10013.92,1.921
2026-01-09 00:11:00,617.48,1511.04,925.98,29.89,2601.2,10016.81,1.983
2026-01-09 00:12:00,627.6,1526.25,929.29,31.0,2585.19,10041.47,2.008
2026-01-09 00:13:00,620.44,1512.54,925.02,30.37,2583.73,10028.72,2.031
2026-01-09 00:14:00,624.18,1508.62,929.25,30.1,2596.91,9977.2,1.855
2026-01-09 00:15:00,624.9,1507.5,931.5,30.61,2594.34,10057.28,1.851
2026-01-09 00:16:00,621.47,1508.71,925.92,30.31,2588.1,10007.71,1.945
2026-01-09 00:17:00,619.94,1512.16,922.48,29.65,2594.8,9984.44,1.99
2026-01-09 00:18:00,623.23,1507.57,930.95,30.46,2591.11,10000.81,1.848
2026-01-09 00:19:00,622.06,1515.72,930.01,30.81,2601.87,10039.96,2.114
2026-01-09 00:20:00,626.09,1529.15,930.79,30.88,2590.71,10050.34,1.969
2026-01-09 00:21:00,623.39,1519.29,932.61,30.22,2593.47,10030.19,2.07
2026-01-09 00:22:00,625.08,1518.95,934.93,30.98,2599.15,10038.09,2.127
2026-01-09 00:23:00,623.44,1515.35,928.58,31.13,2571.12,10046.56,1.862
2026-01-09 00:24:00,621.98,1514.26,930.62,30.21,2598.87,10023.42,2.012
2026-01-09 00:25:00,623.86,1520.99,930.18,30.66,2586.66,10046.64,2.138
2026-01-09 00:26:00,619.51,1522.32,928.32,31.17,2595.62,10070.16,1.978
2026-01-09 00:27:00,626.83,1512.04,928.2,29.86,2603.25,10026.92,2.132
2026-01-09 00:28:00,621.15,1502.22,924.35,30.35,2586.64,10005.13,2.037
2026-01-09 00:29:00,622.07,1514.66,932.6,30.95,2587.28,10052.41,1.972
2026-01-09 00:30:00,625.65,1520.38,931.91,30.54,2590.44,10051.04,1.994
2026-01-09 00:31:00,620.22,1518.29,927.8,29.46,2577.31,10000.9,1.828
2026-01-09 00:32:00,622.02,1510.41,925.25,30.61,2608.04,10040.07,1.933
2026-01-09 00:33:00,623.43,1512.54,932.32,30.3,2590.26,10043.99,2.044
2026-01-09 00:34:00,624.5,1514.19,927.74,29.76,2602.53,10012.2,1.942
2026-01-09 00:35:00,620.97,1503.66,922.79,30.27,2586.76,10013.91,1.993
2026-01-09 00:36:00,621.72,1515.93,929.84,31.18,2591.63,10063.6,2.101
2026-01-09 00:37:00,623.31,1510.9,929.72,30.12,2596.98,10013.71,2.055
2026-01-09 00:38:00,624.51,1512.51,923.26,30.45,2580.53,10011.79,1.995
2026-01-09 00:39:00,617.66,1515.63,927.12,30.23,2588.25,10004.7,1.913
2026-01-09 00:40:00,621.98,1519.96,933.95,30.67,2599.11,10076.2,2.034
2026-01-09 00:41:00,629.31,1514.17,931.33,30.64,2589.48,10058.94,2.023
2026-01-09 00:42:00,621.65,1511.34,930.46,30.54,2585.82,10020.39,1.92
2026-01-09 00:43:00,620.16,1520.01,919.99,30.23,2598.9,10027.89,2.008
2026-01-09 00:44:00,622.31,1506.34,924.25,30.46,2600.87,10019.77,1.906
2026-01-09 00:45:00,622.41,1508.21,932.93,30.69,2603.69,10059.69,2.004
2026-01-09 00:46:00,618.98,1509.43,930.68,30.71,2585.04,10039.76,1.94
2026-01-09 00:47:00,620.53,1515.44,928.57,30.96,2586.75,10064.29,1.972
2026-01-09 00:48:00,621.96,1519.26,930.49,30.6,2587.05,10049.79,2.07
2026-01-09 00:49:00,623.28,1516.46,932.74,30.88,2596.7,10053.05,2.072
2026-01-09 00:50:00,621.31,1511.69,927.78,29.87,2580.53,10031.2,1.967
2026-01-09 00:51:00,620.39,1513.01,928.31,30.34,2581.56,10046.19,2.095
2026-01-09 00:52:00,620.35,1503.65,923.29,29.9,2583.24,10001.79,2.015
2026-01-09 00:53:00,630.59,1530.63,939.52,31.33,2584.41,10077.89,2.069
2026-01-09 00:54:00,621.35,1512.69,929.2,30.11,2597.35,10035.65,1.979
2026-01-09 00:55:00,623.46,1516.38,934.69,30.46,2596.8,10035.45,2.038
2026-01-09 00:56:00,628.19,1520.4,926.97,30.67,2586.78,10044.85,1.958
2026-01-09 00:57:00,621.25,1518.93,929.3,30.44,2588.46,10028.84,1.997
2026-01-09 00:58:00,631.38,1514.19,926.32,30.53,2570.19,10041.73,2.089
2026-01-09 00:59:00,625.99,1511.51,935.21,30.39,2586.84,10041.49,2.064
2026-01-09 01:00:00,622.46,1511.74,936.18,30.55,2600.64,10046.35,1.948
2026-01-09 01:01:00,624.0,1516.58,934.81,31.09,2587.26,10063.41,2.098
2026-01-09 01:02:00,624.48,1507.01,923.16,30.3,2581.54,10035.71,1.888
2026-01-09 01:03:00,625.22,1517.25,930.6,30.52,2603.01,10079.88,2.022
2026-01-09 01:04:00,624.3,1520.35,931.74,31.13,2582.93,10075.91,2.112
2026-01-09 01:05:00,629.19,1523.63,932.18,31.11,2603.41,10055.44,1.938
2026-01-09 01:06:00,620.24,1516.35,928.16,29.69,2611.86,9996.47,1.978
2026-01-09 01:07:00,621.67,1510.09,930.17,31.14,2590.36,10060.46,2.044
2026-01-09 01:08:00,624.94,1528.55,933.66,31.06,2601.55,10069.84,2.118
2026-01-09 01:09:00,626.51,1527.73,939.07,31.25,2580.01,10114.89,2.017
2026-01-09 01:10:00,628.9,1521.59,930.85,30.72,2577.81,10067.51,2.081
2026-01-09 01:11:00,626.04,1524.67,935.07,30.41,2584.26,10044.93,1.938
2026-01-09 01:12:00,628.0,1520.88,924.84,30.7,2597.38,10049.22,1.969
2026-01-09 01:13:00,622.63,1519.19,929.32,30.2,2589.62,10018.39,1.971
2026-01-09 01:14:00,625.18,1516.61,933.83,31.3,2590.38,10076.73,2.012
2026-01-09 01:15:00,621.06,1512.07,927.94,30.15,2578.4,9995.86,2.03
2026-01-09 01:16:00,624.29,1511.69,930.87,30.18,2589.53,10042.63,2.186
2026-01-09 01:17:00,620.52,1516.9,931.31,29.59,2583.58,9995.76,1.952
2026-01-09 01:18:00,627.36,1520.16,933.98,31.17,2584.49,10076.67,2.024
2026-01-09 01:19:00,624.79,1518.17,938.1,30.53,2582.76,10049.64,2.134
2026-01-09 01:20:00,622.41,1516.94,929.49,30.91,2593.2,10071.39,2.21
2026-01-09 01:21:00,623.74,1519.09,930.0,30.96,2585.55,10062.2,1.997
2026-01-09 01:22:00,623.05,1510.53,927.76,30.86,2590.73,10048.79,2.023
2026-01-09 01:23:00,623.08,1510.86,933.46,30.18,2576.18,10037.19,1.88
2026-01-09 01:24:00,628.72,1513.63,931.34,29.94,2594.37,10037.55,1.927
2026-01-09 01:25:00,623.29,1509.11,922.82,30.4,2592.08,10032.58,1.853
2026-01-09 01:26:00,623.79,1515.52,929.65,30.64,2589.53,10064.15,1.986
2026-01-09 01:27:00,622.44,1517.37,927.64,30.65,2592.05,10047.94,2.131
2026-01-09 01:28:00,625.65,1515.33,938.23,31.06,2599.51,10080.9,1.957
2026-01-09 01:29:00,624.89,1519.44,930.97,30.85,2580.5,10082.26,1.976
2026-01-09 01:30:00,621.08,1522.47,929.12,30.94,2590.67,10032.01,2.021
2026-01-09 01:31:00,626.38,1510.5,926.7,30.85,2580.91,10063.33,1.884
2026-01-09 01:32:00,632.44,1521.55,936.7,31.74,2595.04,10140.06,2.107
2026-01-09 01:33:00,622.69,1516.49,935.69,30.53,2588.32,10038.51,1.788
2026-01-09 01:34:00,627.33,1514.35,930.71,31.08,2591.46,10071.14,1.996
2026-01-09 01:35:00,624.1,1519.11,935.36,30.68,2598.13,10062.98,1.885
2026-01-09 01:36:00,627.75,1530.25,934.18,31.91,2599.32,10099.82,1.985
2026-01-09 01:37:00,622.91,1518.05,933.05,30.2,2599.28,10043.7,1.984
2026-01-09 01:38:00,622.86,1514.33,933.44,30.39,2587.92,10056.74,1.996
2026-01-09 01:39:00,623.67,1513.41,928.97,30.73,2597.8,10084.62,2.014
2026-01-09 01:40:00,625.6,1516.57,930.53,30.86,2595.45,10064.55,2.191
2026-01-09 01:41:00,622.79,1518.6,929.8,31.07,2588.71,10071.77,2.076
2026-01-09 01:42:00,618.08,1523.53,934.95,30.87,2592.62,10071.83,1.884
2026-01-09 01:43:00,624.66,1524.12,938.74,31.55,2592.01,10107.33,1.939
2026-01-09 01:44:00,627.39,1523.72,938.22,30.98,2602.58,10065.2,2.12
2026-01-09 01:45:00,622.31,1516.13,933.7,30.27,2596.45,10027.66,1.98
2026-01-09 01:46:00,624.15,1515.8,934.8,30.95,2588.67,10063.56,2.112
2026-01-09 01:47:00,626.44,1510.23,927.73,30.72,2587.89,10057.76,2.089
2026-01-09 01:48:00,622.19,1522.0,928.83,30.56,2598.48,10049.68,1.977
2026-01-09 01:49:00,622.88,1516.04,928.46,30.24,2600.67,10027.33,1.992
2026-01-09 01:50:00,630.5,1522.76,932.21,31.11,2594.47,10078.62,1.978
2026-01-09 01:51:00,624.79,1520.55,929.51,31.01,2596.22,10052.96,2.078
2026-01-09 01:52:00,623.43,1520.19,926.08,30.24,2600.9,10040.85,2.002
2026-01-09 01:53:00,627.7,1515.68,930.7,31.04,2590.86,10086.72,2.13
2026-01-09 01:54:00,626.42,1525.93,933.81,31.55,2593.95,10112.9,2.002
2026-01-09 01:55:00,626.49,1526.69,934.34,31.81,2596.79,10102.94,2.025
2026-01-09 01:56:00,626.13,1526.26,934.65,30.66,2587.09,10041.98,1.949
2026-01-09 01:57:00,623.99,1516.23,929.21,30.31,2603.99,10038.92,2.11
2026-01-09 01:58:00,625.57,1526.09,939.01,31.07,2589.17,10097.41,2.039
2026-01-09 01:59:00,628.37,1523.29,936.02,31.58,2593.25,10099.62,2.035
2026-01-09 02:00:00,631.36,1517.62,933.9,31.32,2608.3,10104.83,2.033
2026-01-09 02:01:00,625.32,1527.01,939.57,31.5,2579.23,10134.53,2.17
2026-01-09 02:02:00,626.44,1516.96,931.9,31.18,2593.34,10070.0,2.255
2026-01-09 02:03:00,621.79,1514.6,925.99,30.57,2585.04,10037.03,2.189
2026-01-09 02:04:00,624.42,1520.35,932.0,30.75,2591.94,10078.35,2.081
2026-01-09 02:05:00,628.64,1530.29,936.52,31.04,2583.24,10102.82,1.97
2026-01-09 02:06:00,630.54,1524.57,937.33,31.07,2590.61,10120.49,2.016
2026-01-09 02:07:00,625.66,1517.12,938.26,30.5,2591.02,10049.7,2.023
2026-01-09 02:08:00,627.12,1522.43,935.08,30.57,2592.24,10037.08,1.802
2026-01-09 02:09:00,626.48,1516.51,930.67,31.32,2599.2,10080.9,1.975
2026-01-09 02:10:00,626.02,1517.01,926.97,30.83,2572.43,10054.69,2.073
2026-01-09 02:11:00,626.79,1521.18,939.58,30.56,2590.46,10066.35,1.885
2026-01-09 02:12:00,626.71,1517.06,933.34,30.88,2590.28,10071.8,2.061
2026-01-09 02:13:00,625.61,1516.51,931.18,31.45,2591.57,10082.19,1.984
2026-01-09 02:14:00,626.38,1517.78,937.96,30.85,2592.01,10073.64,1.969
2026-01-09 02:15:00,623.75,1525.19,934.81,31.37,2585.67,10088.0,2.08
2026-01-09 02:16:00,624.77,1522.29,934.61,31.44,2580.23,10095.62,2.166
2026-01-09 02:17:00,630.85,1525.44,933.44,31.54,2594.56,10101.27,2.04
2026-01-09 02:18:00,631.37,1525.3,929.26,31.58,2585.22,10110.24,2.163
2026-01-09 02:19:00,623.17,1514.2,932.1,31.32,2595.4,10084.45,2.057
2026-01-09 02:20:00,624.49,1520.58,930.9,30.76,2584.69,10084.74,1.94
2026-01-09 02:21:00,624.6,1518.23,928.61,31.22,2596.89,10063.14,2.099
2026-01-09 02:22:00,627.71,1516.0,934.57,30.62,2591.59,10080.62,2.132
2026-01-09 02:23:00,631.09,1533.01,940.6,32.41,2595.75,10173.3,2.145
2026-01-09 02:24:00,627.24,1519.4,935.07,30.67,2588.91,10051.12,1.898
2026-01-09 02:25:00,623.79,1523.37,932.17,30.9,2588.73,10079.52,1.907
2026-01-09 02:26:00,628.96,1527.62,930.02,30.87,2590.28,10083.62,2.067
2026-01-09 02:27:00,626.61,1520.7,933.83,31.22,2601.49,10080.97,2.065
2026-01-09 02:28:00,627.99,1524.82,934.14,31.93,2581.63,10129.11,2.128
2026-01-09 02:29:00,628.63,1523.44,934.83,31.38,2587.79,10105.04,1.874
2026-01-09 02:30:00,627.07,1522.12,937.73,31.22,2601.1,10096.53,1.972
2026-01-09 02:31:00,629.26,1538.88,935.9,31.9,2600.02,10117.71,2.015
2026-01-09 02:32:00,634.59,1531.31,939.52,31.62,2604.63,10128.44,2.157
2026-01-09 02:33:00,630.78,1530.39,932.76,31.69,2593.36,10127.08,2.072
2026-01-09 02:34:00,632.89,1521.05,934.4,30.99,2581.39,10078.32,2.116
2026-01-09 02:35:00,622.39,1520.85,940.63,32.16,2584.51,10115.24,1.98
2026-01-09 02:36:00,628.39,1518.74,937.75,31.39,2591.13,10119.17,1.915
2026-01-09 02:37:00,625.85,1524.53,934.01,31.67,2599.23,10109.46,2.121
2026-01-09 02:38:00,624.66,1521.27,930.85,30.82,2590.48,10093.4,2.021
2026-01-09 02:39:00,628.41,1533.38,938.12,31.68,2591.81,10143.3,2.09
2026-01-09 02:40:00,631.16,1525.28,938.17,31.46,2596.53,10114.73,1.959
2026-01-09 02:41:00,627.45,1523.79,933.84,31.69,2594.11,10128.65,2.083
2026-01-09 02:42:00,623.57,1521.73,932.92,30.78,2587.83,10063.53,2.029
2026-01-09 02:43:00,630.38,1525.53,930.7,31.4,2585.01,10106.22,2.052
2026-01-09 02:44:00,622.49,1522.38,934.68,30.6,2598.72,10058.06,2.061
2026-01-09 02:45:00,631.89,1529.42,932.61,31.75,2601.43,10106.83,2.114
2026-01-09 02:46:00,624.56,1523.62,937.17,30.77,2583.41,10076.61,2.125
2026-01-09 02:47:00,628.55,1523.26,938.24,32.08,2591.14,10140.8,2.089
2026-01-09 02:48:00,636.83,1532.72,942.13,32.41,2600.69,10166.29,2.243
2026-01-09 02:49:00,629.02,1529.23,937.15,31.82,2585.75,10153.28,1.993
2026-01-09 02:50:00,632.42,1526.41,944.84,31.9,2597.57,10148.0,2.165
2026-01-09 02:51:00,629.76,1527.66,936.23,31.63,2591.01,10121.62,2.069
2026-01-09 02:52:00,630.88,1524.78,944.27,32.46,2585.06,10151.79,2.086
2026-01-09 02:53:00,630.12,1535.3,941.72,32.27,2609.93,10175.51,2.082
2026-01-09 02:54:00,628.94,1519.44,935.68,32.08,2589.57,10087.74,2.078
2026-01-09 02:55:00,631.05,1522.36,934.53,31.09,2595.71,10067.46,2.165
2026-01-09 02:56:00,625.41,1528.72,938.83,31.5,2584.03,10105.74,2.157
2026-01-09 02:57:00,626.85,1521.73,937.09,31.85,2606.03,10121.45,2.138
2026-01-09 02:58:00,628.2,1527.98,942.83,31.54,2610.17,10146.54,2.078
2026-01-09 02:59:00,626.6,1521.79,932.98,31.54,2580.5,10093.2,2.171
2026-01-09 03:00:00,629.87,1530.8,935.33,31.02,2591.49,10100.81,2.08
2026-01-09 03:01:00,630.55,1538.76,938.0,32.28,2605.48,10153.4,2.012
2026-01-09 03:02:00,627.68,1527.85,933.17,31.49,2589.91,10122.65,2.002
2026-01-09 03:03:00,634.28,1530.64,938.93,32.1,2598.82,10171.12,2.243
2026-01-09 03:04:00,625.83,1530.89,943.08,32.32,2580.9,10140.22,2.174
2026-01-09 03:05:00,627.57,1520.86,935.44,31.28,2586.37,10097.36,2.145
2026-01-09 03:06:00,627.78,1526.63,932.81,31.16,2595.82,10115.41,2.073
2026-01-09 03:07:00,628.11,1531.77,935.22,31.41,2587.58,10087.7,1.966
2026-01-09 03:08:00,628.27,1526.06,942.31,31.67,2591.73,10147.34,1.949
2026-01-09 03:09:00,628.03,1528.28,935.09,31.67,2580.64,10099.71,1.979
2026-01-09 03:10:00,629.47,1520.81,937.92,31.6,2598.78,10119.69,1.947
2026-01-09 03:11:00,626.74,1520.85,935.77,31.11,2582.33,10106.92,2.239
2026-01-09 03:12:00,635.41,1536.79,942.25,32.66,2608.31,10182.34,2.08
2026-01-09 03:13:00,627.13,1529.79,935.26,32.06,2589.03,10144.05,2.043
2026-01-09 03:14:00,627.14,1532.9,939.74,31.59,2601.43,10157.75,2.055
2026-01-09 03:15:00,623.88,1531.54,943.66,31.15,2597.91,10087.45,1.895
2026-01-09 03:16:00,629.09,1520.35,935.14,31.13,2584.08,10078.93,1.881
2026-01-09 03:17:00,635.02,1539.33,940.63,32.64,2591.71,10191.08,2.262
2026-01-09 03:18:00,623.72,1528.52,936.08,31.29,2589.13,10100.26,2.189
2026-01-09 03:19:00,627.27,1528.27,945.88,32.05,2591.19,10139.24,2.178
2026-01-09 03:20:00,632.65,1522.16,932.94,31.56,2582.63,10105.98,2.093
2026-01-09 03:21:00,632.52,1528.14,933.77,31.8,2598.34,10133.32,1.98
2026-01-09 03:22:00,632.3,1526.24,939.23,31.66,2588.35,10127.92,2.176
2026-01-09 03:23:00,629.28,1524.71,938.58,31.4,2591.96,10102.35,2.049
2026-01-09 03:24:00,631.94,1535.3,935.48,31.81,2602.63,10146.23,2.133
2026-01-09 03:25:00,625.07,1529.18,931.84,30.6,2595.98,10064.68,2.039
2026-01-09 03:26:00,626.09,1527.05,934.25,31.43,2588.9,10128.05,2.135
2026-01-09 03:27:00,626.63,1538.54,937.17,31.76,2602.4,10133.25,2.156
2026-01-09 03:28:00,627.94,1523.08,934.65,30.95,2597.61,10087.36,2.024
2026-01-09 03:29:00,635.16,1538.57,944.73,32.09,2589.41,10158.49,2.185
2026-01-09 03:30:00,628.88,1523.44,940.96,32.39,2590.73,10153.01,2.073
2026-01-09 03:31:00,631.46,1525.47,937.82,31.49,2601.37,10115.14,2.142
2026-01-09 03:32:00,629.14,1526.44,941.88,31.72,2600.02,10125.99,2.154
2026-01-09 03:33:00,631.02,1533.08,941.42,31.85,2582.38,10141.84,1.951
2026-01-09 03:34:00,634.58,1535.97,937.68,32.56,2587.3,10166.11,2.112
2026-01-09 03:35:00,638.0,1533.09,947.64,33.19,2602.44,10205.39,1.976
2026-01-09 03:36:00,632.48,1527.78,942.91,32.02,2585.69,10159.23,1.98
2026-01-09 03:37:00,637.22,1527.58,947.04,32.2,2601.16,10149.88,2.099
2026-01-09 03:38:00,632.89,1538.26,943.5,33.04,2611.63,10186.5,2.119
2026-01-09 03:39:00,634.32,1531.99,944.83,31.53,2597.14,10135.48,2.059
2026-01-09 03:40:00,634.74,1537.07,937.26,32.97,2589.36,10201.89,2.198
2026-01-09 03:41:00,627.42,1534.08,939.45,31.77,2596.68,10163.96,2.077
2026-01-09 03:42:00,634.45,1528.18,933.45,31.78,2602.29,10131.88,1.984
2026-01-09 03:43:00,629.0,1532.75,938.97,32.02,2595.63,10152.88,1.974
2026-01-09 03:44:00,627.01,1529.55,935.65,30.67,2595.95,10082.16,1.898
2026-01-09 03:45:00,633.44,1534.27,939.76,32.3,2588.37,10151.03,2.025
2026-01-09 03:46:00,626.3,1520.36,938.63,31.37,2586.99,10100.12,1.988
2026-01-09 03:47:00,627.88,1523.43,943.13,30.96,2599.62,10089.54,2.151
2026-01-09 03:48:00,632.82,1529.27,938.66,31.87,2588.38,10133.39,2.092
2026-01-09 03:49:00,626.92,1530.43,940.71,32.26,2574.09,10151.53,2.014
2026-01-09 03:50:00,630.3,1526.9,941.5,31.48,2592.01,10143.33,2.155
2026-01-09 03:51:00,630.28,1532.45,940.84,31.08,2596.82,10139.37,2.148
2026-01-09 03:52:00,633.68,1530.62,942.43,31.84,2602.73,10138.23,2.048
2026-01-09 03:53:00,633.37,1524.8,936.48,31.53,2607.06,10128.66,2.177
2026-01-09 03:54:00,629.79,1535.69,944.68,32.43,2595.62,10155.66,2.183
2026-01-09 03:55:00,631.08,1530.24,935.04,31.59,2599.04,10125.49,2.047
2026-01-09 03:56:00,630.5,1536.21,941.05,32.15,2595.86,10154.52,2.095
2026-01-09 03:57:00,629.13,1525.08,936.09,31.5,2596.21,10115.48,2.034
2026-01-09 03:58:00,635.23,1526.23,946.75,31.42,2592.63,10134.62,2.124
2026-01-09 03:59:00,633.96,1535.07,938.89,32.14,2598.14,10158.49,1.919
2026-01-09 04:00:00,631.41,1536.46,943.36,31.86,2589.4,10163.3,2.183
2026-01-09 04:01:00,626.42,1531.21,941.82,31.26,2609.4,10120.06,1.952
2026-01-09 04:02:00,632.79,1529.05,936.93,31.39,2574.6,10124.38,2.019
2026-01-09 04:03:00,628.41,1531.54,937.78,31.41,2598.41,10127.37,2.242
2026-01-09 04:04:00,628.21,1524.15,936.91,32.17,2597.86,10164.94,2.084
2026-01-09 04:05:00,629.67,1530.65,935.53,31.7,2597.07,10134.05,2.109
2026-01-09 04:06:00,632.53,1533.89,944.71,32.41,2586.19,10173.81,2.154
2026-01-09 04:07:00,631.5,1532.79,935.71,31.69,2581.49,10155.01,2.131
2026-01-09 04:08:00,627.66,1533.43,939.11,32.02,2599.76,10154.95,2.068
2026-01-09 04:09:00,634.66,1533.17,933.59,31.9,2605.46,10150.24,2.133
2026-01-09 04:10:00,632.75,1536.61,942.45,32.19,2596.83,10158.84,2.101
2026-01-09 04:11:00,635.7,1533.31,941.28,32.51,2602.4,10181.85,1.989
2026-01-09 04:12:00,629.53,1527.37,933.62,31.78,2590.29,10130.16,1.986
2026-01-09 04:13:00,628.43,1532.48,938.46,31.73,2597.27,10147.3,2.082
2026-01-09 04:14:00,628.73,1529.58,934.72,31.85,2604.05,10137.6,2.128
2026-01-09 04:15:00,625.78,1522.46,940.71,31.17,2590.16,10097.13,2.091
2026-01-09 04:16:00,631.61,1542.15,944.55,32.51,2604.68,10162.1,2.124
2026-01-09 04:17:00,629.65,1539.19,936.57,32.2,2582.09,10161.42,2.109
2026-01-09 04:18:00,631.49,1533.71,942.08,32.14,2590.1,10157.36,2.094
2026-01-09 04:19:00,633.9,1534.89,941.22,32.24,2600.64,10189.82,2.162
2026-01-09 04:20:00,634.13,1535.24,942.45,32.18,2610.85,10173.18,2.042
2026-01-09 04:21:00,627.39,1528.15,942.77,31.63,2593.56,10117.12,2.069
2026-01-09 04:22:00,629.81,1541.14,940.74,32.23,2587.12,10167.18,2.185
2026-01-09 04:23:00,628.48,1544.41,945.36,32.07,2609.99,10155.73,2.111
2026-01-09 04:24:00,631.42,1530.02,944.79,31.34,2593.03,10132.39,2.001
2026-01-09 04:25:00,632.63,1532.89,940.31,32.16,2601.03,10175.53,2.041
2026-01-09 04:26:00,625.34,1525.86,937.62,31.51,2590.8,10117.97,2.169
2026-01-09 04:27:00,637.83,1540.38,942.4,32.91,2597.54,10193.28,2.128
2026-01-09 04:28:00,634.76,1531.74,941.81,32.2,2592.09,10197.9,2.027
2026-01-09 04:29:00,627.79,1524.48,940.73,31.64,2612.45,10141.39,2.007
2026-01-09 04:30:00,631.5,1530.1,939.15,31.67,2604.61,10159.28,1.97
2026-01-09 04:31:00,628.62,1528.07,938.15,31.67,2607.65,10118.81,1.935
2026-01-09 04:32:00,632.0,1539.03,937.97,32.22,2588.14,10143.02,2.112
2026-01-09 04:33:00,631.5,1527.24,937.01,31.81,2579.29,10128.64,2.028
2026-01-09 04:34:00,631.34,1532.92,936.78,31.86,2591.53,10128.19,1.976
2026-01-09 04:35:00,636.95,1536.0,942.96,31.56,2614.28,10135.31,2.18
2026-01-09 04:36:00,634.86,1537.43,947.53,32.68,2593.77,10191.6,2.113
2026-01-09 04:37:00,633.25,1527.25,940.26,31.97,2603.57,10161.19,2.108
2026-01-09 04:38:00,635.12,1534.0,941.45,31.99,2586.4,10146.76,2.151
2026-01-09 04:39:00,631.39,1536.41,939.05,32.37,2588.74,10166.66,1.991
2026-01-09 04:40:00,629.65,1542.66,943.48,31.79,2593.64,10138.6,1.981
2026-01-09 04:41:00,631.87,1528.58,937.41,32.26,2611.71,10152.89,2.1
2026-01-09 04:42:00,627.88,1537.47,938.88,31.8,2603.04,10137.58,1.817
2026-01-09 04:43:00,629.54,1531.43,940.54,31.9,2577.78,10136.84,2.245
2026-01-09 04:44:00,636.26,1533.44,939.94,32.8,2600.95,10172.88,2.148
2026-01-09 04:45:00,627.82,1527.18,937.74,32.29,2585.95,10160.86,2.096
2026-01-09 04:46:00,633.22,1539.29,942.9,31.95,2589.61,10158.87,2.142
2026-01-09 04:47:00,625.93,1528.65,940.46,31.43,2597.48,10115.85,2.115
2026-01-09 04:48:00,634.3,1536.49,938.57,32.58,2606.9,10175.5,2.146
2026-01-09 04:49:00,636.74,1532.88,941.89,32.69,2606.69,10180.1,2.19
2026-01-09 04:50:00,633.98,1544.72,947.47,33.08,2600.42,10228.34,2.266
2026-01-09 04:51:00,626.27,1529.72,939.24,31.64,2597.5,10150.42,2.235
2026-01-09 04:52:00,633.64,1537.12,940.81,32.2,2606.7,10180.98,2.059
2026-01-09 04:53:00,635.45,1541.11,950.64,33.14,2585.19,10228.94,2.074
2026-01-09 04:54:00,632.09,1534.37,948.16,32.45,2610.18,10171.5,2.016
2026-01-09 04:55:00,633.04,1535.93,944.99,32.43,2589.29,10161.65,2.123
2026-01-09 04:56:00,631.98,1536.06,940.72,31.46,2596.67,10146.36,1.945
2026-01-09 04:57:00,636.29,1540.92,948.19,32.8,2592.36,10191.39,2.024
2026-01-09 04:58:00,630.24,1535.04,940.16,31.92,2584.18,10116.65,2.106
2026-01-09 04:59:00,634.1,1535.86,940.19,31.9,2599.8,10185.58,2.091
2026-01-09 05:00:00,631.03,1528.79,941.38,32.33,2597.51,10173.11,2.106
2026-01-09 05:01:00,631.17,1541.96,936.89,32.08,2593.53,10141.15,2.215
2026-01-09 05:02:00,629.86,1528.47,935.99,31.4,2592.75,10130.75,2.158
2026-01-09 05:03:00,636.06,1543.31,947.14,32.41,2608.4,10187.9,2.151
2026-01-09 05:04:00,630.26,1530.9,940.2,32.42,2613.01,10169.14,2.03
2026-01-09 05:05:00,630.83,1531.9,936.23,31.71,2604.25,10137.25,2.068
2026-01-09 05:06:00,633.35,1540.67,942.35,33.2,2600.55,10242.84,2.118
2026-01-09 05:07:00,629.68,1532.58,936.64,32.02,2581.48,10146.39,2.07
2026-01-09 05:08:00,635.59,1543.92,943.13,32.33,2601.46,10194.25,2.064
2026-01-09 05:09:00,634.76,1539.48,942.01,32.54,2602.35,10208.01,2.158
2026-01-09 05:10:00,634.17,1534.91,941.76,32.58,2602.17,10182.82,2.101
2026-01-09 05:11:00,626.32,1532.52,937.87,31.73,2584.09,10111.41,1.983
2026-01-09 05:12:00,632.99,1530.03,944.02,32.55,2602.76,10181.82,2.024
2026-01-09 05:13:00,633.77,1528.43,937.7,32.51,2607.66,10161.57,2.234
2026-01-09 05:14:00,632.82,1536.94,937.31,32.44,2587.76,10173.06,2.058
2026-01-09 05:15:00,638.68,1535.18,941.05,32.45,2600.14,10148.37,2.176
2026-01-09 05:16:00,630.28,1526.36,939.93,31.67,2587.18,10123.14,2.058
2026-01-09 05:17:00,631.14,1537.01,939.94,32.28,2594.46,10164.69,2.115
2026-01-09 05:18:00,629.07,1533.77,936.95,31.51,2585.41,10105.79,2.06
2026-01-09 05:19:00,629.86,1529.43,941.34,32.14,2592.72,10170.56,2.089
2026-01-09 05:20:00,631.14,1535.01,942.27,32.29,2593.31,10184.33,2.125
2026-01-09 05:21:00,634.58,1539.01,943.78,32.21,2599.23,10181.0,2.167
2026-01-09 05:22:00,629.96,1532.89,940.93,32.02,2602.26,10160.62,2.001
2026-01-09 05:23:00,638.32,1542.93,942.06,32.89,2605.46,10176.02,2.103
2026-01-09 05:24:00,636.33,1530.59,948.23,32.99,2590.99,10188.11,2.132
2026-01-09 05:25:00,633.96,1535.34,939.77,31.97,2597.71,10152.91,2.148
2026-01-09 05:26:00,630.02,1522.98,944.22,31.77,2585.54,10139.9,2.05
2026-01-09 05:27:00,632.37,1529.18,931.92,31.23,2593.13,10131.86,2.059
2026-01-09 05:28:00,635.57,1531.68,937.15,32.05,2595.87,10170.72,2.175
2026-01-09 05:29:00,635.29,1532.85,939.77,31.7,2587.03,10141.92,1.956
2026-01-09 05:30:00,633.24,1542.13,947.29,32.49,2600.85,10192.65,2.224
2026-01-09 05:31:00,631.43,1532.55,940.86,32.14,2594.24,10169.71,2.044
2026-01-09 05:32:00,629.16,1528.87,939.36,31.87,2595.39,10135.33,2.163
2026-01-09 05:33:00,639.57,1530.59,943.04,32.96,2606.66,10205.13,2.248
2026-01-09 05:34:00,630.9,1532.16,940.11,31.69,2590.9,10139.76,2.055
2026-01-09 05:35:00,635.78,1533.37,947.59,32.64,2602.29,10169.61,2.192
2026-01-09 05:36:00,634.65,1540.07,942.32,32.76,2608.14,10198.08,2.111
2026-01-09 05:37:00,634.98,1533.7,945.78,32.43,2606.33,10164.34,2.049
2026-01-09 05:38:00,632.76,1541.05,939.75,32.45,2594.76,10189.58,2.163
2026-01-09 05:39:00,635.25,1535.96,941.28,32.55,2588.07,10179.08,2.192
2026-01-09 05:40:00,630.41,1532.2,935.07,31.75,2587.97,10122.31,1.99
2026-01-09 05:41:00,637.52,1534.52,945.14,33.01,2583.82,10196.03,2.0
2026-01-09 05:42:00,633.63,1538.54,945.71,32.24,2600.39,10154.69,2.115
2026-01-09 05:43:00,632.31,1540.9,943.17,32.63,2601.84,10179.06,2.254
2026-01-09 05:44:00,634.93,1534.59,944.7,32.42,2597.18,10189.11,2.13
2026-01-09 05:45:00,632.28,1528.27,941.67,32.63,2584.62,10173.33,2.22
2026-01-09 05:46:00,631.89,1544.01,945.79,32.32,2593.58,10195.78,2.227
2026-01-09 05:47:00,633.06,1532.2,944.64,31.97,2606.05,10157.25,2.173
2026-01-09 05:48:00,631.48,1533.37,938.85,32.34,2600.31,10168.35,2.1
2026-01-09 05:49:00,631.49,1532.62,937.89,32.08,2601.99,10175.7,2.068
2026-01-09 05:50:00,633.49,1532.98,941.1,32.21,2622.39,10180.89,2.136
2026-01-09 05:51:00,626.9,1536.07,939.59,31.7,2597.12,10144.08,1.997
2026-01-09 05:52:00,634.33,1541.26,946.0,32.68,2579.08,10191.79,2.203
2026-01-09 05:53:00,638.34,1542.93,946.22,33.18,2589.31,10237.3,2.15
2026-01-09 05:54:00,633.61,1542.9,943.06,32.62,2598.19,10176.37,2.109
2026-01-09 05:55:00,630.47,1541.31,944.91,33.27,2597.1,10207.24,2.137
2026-01-09 05:56:00,629.78,1535.45,939.02,32.08,2593.33,10149.46,2.033
2026-01-09 05:57:00,631.39,1529.49,936.31,31.75,2593.1,10140.14,2.043
2026-01-09 05:58:00,631.31,1527.74,934.68,32.07,2588.33,10147.01,2.123
2026-01-09 05:59:00,632.0,1531.58,939.11,31.82,2597.78,10151.82,2.006
2026-01-09 06:00:00,631.14,1531.34,944.63,32.54,2607.41,10189.32,2.046
2026-01-09 06:01:00,631.35,1529.18,930.35,32.1,2607.06,10110.97,1.99
2026-01-09 06:02:00,632.49,1545.45,947.67,32.45,2609.73,10185.3,2.135
2026-01-09 06:03:00,637.61,1543.95,944.77,33.1,2589.92,10223.2,2.039
2026-01-09 06:04:00,634.09,1538.93,947.1,32.57,2596.25,10193.33,2.081
2026-01-09 06:05:00,637.56,1537.88,941.05,32.6,2594.17,10200.48,1.959
2026-01-09 06:06:00,631.75,1537.98,934.7,32.12,2599.43,10149.18,1.966
2026-01-09 06:07:00,628.36,1533.36,937.29,31.59,2593.76,10142.33,2.055
2026-01-09 06:08:00,634.24,1538.4,941.48,32.35,2593.99,10177.56,2.148
2026-01-09 06:09:00,637.37,1540.12,947.5,32.72,2609.33,10226.34,2.179
2026-01-09 06:10:00,632.99,1542.58,936.69,32.38,2595.45,10148.49,2.093
2026-01-09 06:11:00,633.9,1531.78,941.83,32.11,2595.3,10139.21,2.04
2026-01-09 06:12:00,631.93,1536.56,944.21,32.44,2599.78,10195.16,2.235
2026-01-09 06:13:00,632.57,1544.09,942.42,31.88,2601.06,10173.79,2.082
2026-01-09 06:14:00,634.39,1535.25,940.17,32.33,2600.73,10164.14,1.993
2026-01-09 06:15:00,633.18,1531.27,941.37,32.16,2607.58,10161.23,2.218
2026-01-09 06:16:00,630.53,1535.64,942.14,32.47,2584.15,10142.56,2.018
2026-01-09 06:17:00,628.23,1533.38,942.42,32.38,2597.35,10150.82,2.075
2026-01-09 06:18:00,631.28,1540.69,944.4,32.61,2595.14,10181.86,2.206
2026-01-09 06:19:00,628.74,1532.63,945.81,31.5,2591.23,10122.05,2.018
2026-01-09 06:20:00,632.95,1549.11,938.2,32.61,2602.66,10198.25,2.233
2026-01-09 06:21:00,633.43,1540.7,937.94,32.16,2605.29,10154.97,2.112
2026-01-09 06:22:00,633.02,1547.89,950.01,33.15,2592.95,10226.28,2.214
2026-01-09 06:23:00,631.7,1538.99,937.91,32.25,2609.39,10180.06,2.145
2026-01-09 06:24:00,629.14,1529.31,944.08,32.03,2584.3,10176.4,2.103
2026-01-09 06:25:00,632.38,1537.64,943.82,32.93,2600.68,10181.69,2.253
2026-01-09 06:26:00,637.84,1531.63,936.92,32.33,2588.48,10172.78,2.18
2026-01-09 06:27:00,632.36,1527.6,940.59,32.01,2589.26,10141.58,1.95
2026-01-09 06:28:00,633.46,1534.04,944.6,31.96,2595.66,10161.84,2.072
2026-01-09 06:29:00,630.68,1526.78,941.08,32.52,2592.01,10162.24,2.172
2026-01-09 06:30:00,627.01,1527.37,937.74,31.82,2570.53,10116.9,1.877
2026-01-09 06:31:00,632.06,1534.78,945.26,31.99,2599.49,10146.77,2.028
2026-01-09 06:32:00,625.0,1530.36,931.87,31.83,2600.29,10132.82,2.167
2026-01-09 06:33:00,633.41,1530.06,942.83,32.27,2593.97,10163.79,2.137
2026-01-09 06:34:00,632.29,1532.26,937.7,32.44,2593.93,10179.05,2.084
2026-01-09 06:35:00,632.46,1531.41,943.44,32.24,2591.98,10156.22,2.161
2026-01-09 06:36:00,627.49,1531.62,940.18,32.48,2582.08,10177.09,2.298
2026-01-09 06:37:00,632.32,1529.57,941.16,32.07,2580.45,10156.96,2.03
2026-01-09 06:38:00,630.4,1536.68,944.66,31.47,2600.43,10131.43,1.982
2026-01-09 06:39:00,629.94,1537.5,936.75,32.06,2603.39,10153.77,2.24
2026-01-09 06:40:00,632.96,1545.44,943.7,32.71,2600.93,10186.9,2.215
2026-01-09 06:41:00,629.77,1528.74,939.2,31.82,2596.73,10123.5,2.051
2026-01-09 06:42:00,633.47,1538.75,942.27,32.44,2601.25,10156.75,2.11
2026-01-09 06:43:00,634.26,1530.44,944.52,33.21,2602.83,10211.17,2.227
2026-01-09 06:44:00,629.26,1539.48,943.41,32.48,2589.27,10171.36,2.187
2026-01-09 06:45:00,636.62,1542.57,948.53,32.86,2598.76,10208.16,2.229
2026-01-09 06:46:00,632.21,1533.28,938.4,31.98,2592.01,10141.26,2.025
2026-01-09 06:47:00,634.85,1538.14,942.54,31.58,2591.64,10128.87,2.058
2026-01-09 06:48:00,633.58,1537.36,942.64,32.24,2603.91,10151.79,2.256
2026-01-09 06:49:00,629.66,1526.47,940.64,32.32,2607.24,10147.89,2.149
2026-01-09 06:50:00,632.27,1536.26,944.66,32.95,2577.87,10199.31,2.281
2026-01-09 06:51:00,631.36,1537.07,940.02,31.68,2591.32,10114.98,2.082
2026-01-09 06:52:00,628.37,1530.31,936.48,31.63,2591.33,10126.14,2.036
2026-01-09 06:53:00,628.78,1533.1,938.8,31.85,2603.81,10144.73,2.018
2026-01-09 06:54:00,629.27,1532.32,937.61,32.35,2584.18,10177.4,2.093
2026-01-09 06:55:00,623.17,1532.82,937.4,31.56,2570.04,10130.27,2.178
2026-01-09 06:56:00,628.82,1534.74,938.93,32.13,2601.42,10153.27,2.111
2026-01-09 06:57:00,632.72,1536.11,948.46,31.47,2602.86,10161.14,1.994
2026-01-09 06:58:00,639.27,1526.63,942.9,31.62,2579.72,10131.26,2.003
2026-01-09 06:59:00,633.07,1542.49,944.34,32.66,2595.52,10196.13,2.332
2026-01-09 07:00:00,634.94,1537.27,943.57,32.97,2607.91,10174.39,2.056
2026-01-09 07:01:00,632.39,1542.75,943.47,32.24,2586.73,10166.18,2.136
2026-01-09 07:02:00,636.28,1543.09,951.68,32.67,2597.35,10196.86,2.217
2026-01-09 07:03:00,629.09,1530.91,942.14,31.72,2598.54,10143.58,2.068
2026-01-09 07:04:00,628.19,1528.8,939.91,32.36,2583.06,10143.73,1.903
2026-01-09 07:05:00,635.35,1532.76,937.86,32.18,2591.27,10177.2,2.027
2026-01-09 07:06:00,631.21,1540.81,945.02,32.94,2582.37,10180.13,2.053
2026-01-09 07:07:00,635.6,1533.82,947.08,31.86,2593.49,10152.03,1.987
2026-01-09 07:08:00,629.84,1525.85,939.0,32.11,2587.99,10139.71,2.204
2026-01-09 07:09:00,630.79,1524.42,939.36,32.41,2597.56,10180.29,2.193
2026-01-09 07:10:00,629.16,1526.32,942.03,31.51,2598.75,10122.95,2.173
2026-01-09 07:11:00,636.73,1525.54,942.36,32.71,2607.1,10182.52,2.06
2026-01-09 07:12:00,630.75,1530.86,936.81,32.43,2613.61,10156.01,2.086
2026-01-09 07:13:00,630.5,1533.39,940.98,31.93,2596.29,10147.52,2.179
2026-01-09 07:14:00,635.16,1541.06,945.42,32.59,2593.84,10192.44,2.0
2026-01-09 07:15:00,630.39,1517.57,931.15,31.28,2589.92,10103.68,2.204
2026-01-09 07:16:00,637.19,1529.54,943.21,32.32,2587.72,10168.36,2.21
2026-01-09 07:17:00,633.82,1532.78,935.9,31.84,2598.59,10157.31,2.14
2026-01-09 07:18:00,634.8,1542.01,946.33,32.39,2593.73,10226.39,2.126
2026-01-09 07:19:00,635.17,1534.09,939.54,31.61,2599.05,10154.73,1.998
2026-01-09 07:20:00,625.81,1532.08,942.62,32.23,2588.04,10170.02,2.173
2026-01-09 07:21:00,631.19,1525.85,940.53,31.32,2589.78,10118.86,2.192
2026-01-09 07:22:00,632.17,1542.53,939.35,32.48,2599.59,10186.23,2.165
2026-01-09 07:23:00,632.46,1541.05,933.77,31.72,2593.26,10138.08,2.14
2026-01-09 07:24:00,635.11,1525.33,934.2,31.63,2578.76,10134.49,2.139
2026-01-09 07:25:00,627.92,1537.57,942.47,32.17,2595.51,10173.43,2.137
2026-01-09 07:26:00,634.91,1543.45,935.01,32.42,2588.78,10162.04,2.152
2026-01-09 07:27:00,634.65,1540.66,939.86,31.85,2603.55,10133.84,2.207
2026-01-09 07:28:00,633.14,1529.77,943.21,32.52,2602.81,10158.1,2.154
2026-01-09 07:29:00,629.25,1531.65,942.49,31.87,2575.96,10137.24,2.099
2026-01-09 07:30:00,631.58,1526.26,935.73,31.76,2601.75,10165.96,2.052
2026-01-09 07:31:00,629.55,1531.25,941.62,31.85,2598.11,10156.98,2.173
2026-01-09 07:32:00,633.16,1531.68,938.32,32.36,2583.74,10172.93,2.129
2026-01-09 07:33:00,629.93,1538.15,940.69,32.22,2602.15,10160.28,2.118
2026-01-09 07:34:00,630.31,1527.76,938.6,31.75,2584.14,10141.22,2.137
2026-01-09 07:35:00,631.47,1529.2,937.0,31.45,2602.83,10122.84,2.077
2026-01-09 07:36:00,629.18,1532.25,939.55,31.47,2588.44,10121.49,2.104
2026-01-09 07:37:00,631.52,1532.95,939.55,32.41,2583.81,10181.6,2.147
2026-01-09 07:38:00,625.91,1528.39,934.05,31.04,2608.94,10079.22,2.007
2026-01-09 07:39:00,628.8,1523.21,938.8,31.33,2581.18,10119.84,2.143
2026-01-09 07:40:00,632.37,1536.57,942.04,32.41,2589.21,10174.16,1.917
2026-01-09 07:41:00,631.88,1532.31,940.04,32.47,2590.97,10178.88,2.176
2026-01-09 07:42:00,627.38,1523.7,937.46,31.58,2589.9,10119.82,1.99
2026-01-09 07:43:00,631.64,1535.8,935.67,31.87,2600.38,10151.81,2.194
2026-01-09 07:44:00,627.73,1523.32,939.34,31.89,2594.36,10128.66,1.934
2026-01-09 07:45:00,630.47,1533.5,940.94,32.24,2602.45,10142.09,2.051
2026-01-09 07:46:00,631.6,1531.26,942.9,32.06,2598.16,10161.8,2.144
2026-01-09 07:47:00,629.16,1518.26,938.19,31.15,2579.31,10097.91,2.041
2026-01-09 07:48:00,627.73,1525.28,934.05,31.74,2598.01,10121.34,2.017
2026-01-09 07:49:00,631.92,1532.96,937.34,30.99,2594.48,10095.7,2.138
2026-01-09 07:50:00,633.04,1539.79,942.76,31.15,2588.15,10109.5,1.957
2026-01-09 07:51:00,630.56,1534.25,936.21,31.48,2610.26,10122.98,2.083
2026-01-09 07:52:00,632.7,1530.31,941.07,32.14,2599.74,10153.81,2.054
2026-01-09 07:53:00,626.53,1532.54,940.67,31.36,2601.01,10117.9,2.132
2026-01-09 07:54:00,634.24,1527.49,943.12,31.73,2601.73,10129.4,2.035
2026-01-09 07:55:00,631.37,1529.43,939.88,31.39,2591.0,10140.75,2.093
2026-01-09 07:56:00,631.27,1534.29,938.0,31.78,2598.68,10121.57,2.05
2026-01-09 07:57:00,630.35,1534.8,946.94,32.16,2596.65,10134.59,2.081
2026-01-09 07:58:00,628.53,1527.96,943.22,30.93,2587.81,10086.73,2.054
2026-01-09 07:59:00,631.2,1518.53,936.38,31.66,2583.62,10115.78,2.072
